ISO-10303-21;
HEADER;
FILE_DESCRIPTION(('Open CASCADE Model'),'2;1');
FILE_NAME('Open CASCADE Shape Model','2026-09-06T04:26:55',('Author'),(
    'Open CASCADE'),'Open CASCADE STEP processor 7.8','Open CASCADE 7.8'
  ,'Unknown');
FILE_SCHEMA(('AUTOMOTIVE_DESIGN { 1 0 10303 214 1 1 1 1 }'));
ENDSEC;
DATA;
#1 = APPLICATION_PROTOCOL_DEFINITION('international standard',
  'automotive_design',2000,#2);
#2 = APPLICATION_CONTEXT(
  'core data for automotive mechanical design processes');
#3 = SHAPE_DEFINITION_REPRESENTATION(#4,#10);
#4 = PRODUCT_DEFINITION_SHAPE('','',#5);
#5 = PRODUCT_DEFINITION('design','',#6,#9);
#6 = PRODUCT_DEFINITION_FORMATION('','',#7);
#7 = PRODUCT('Open CASCADE STEP translator 7.8 1',
  'Open CASCADE STEP translator 7.8 1','',(#8));
#8 = PRODUCT_CONTEXT('',#2,'mechanical');
#9 = PRODUCT_DEFINITION_CONTEXT('part definition',#2,'design');
#10 = ADVANCED_BREP_SHAPE_REPRESENTATION('',(#11,#15),#15687);
#11 = AXIS2_PLACEMENT_3D('',#12,#13,#14);
#12 = CARTESIAN_POINT('',(0.,0.,0.));
#13 = DIRECTION('',(0.,0.,1.));
#14 = DIRECTION('',(1.,0.,-0.));
#15 = MANIFOLD_SOLID_BREP('',#16);
#16 = CLOSED_SHELL('',(#17,#892,#1116,#2847,#2932,#3124,#3173,#3288,
    #3338,#3447,#3552,#3653,#3703,#3752,#3801,#3851,#3901,#3950,#3997,
    #4047,#4187,#4214,#4290,#4337,#4386,#4411,#4483,#4532,#4581,#4608,
    #4662,#4716,#4743,#5365,#5412,#5488,#5537,#5586,#5635,#5684,#5733,
    #5782,#5809,#5885,#5934,#5983,#6032,#6081,#6108,#6184,#6233,#6282,
    #6331,#6380,#6429,#6478,#6527,#6576,#6625,#6674,#6723,#6772,#6821,
    #6870,#6919,#6968,#7017,#7066,#7115,#7164,#7213,#7262,#7311,#7360,
    #7409,#7458,#7485,#7561,#7610,#7659,#7708,#7757,#7806,#7855,#7882,
    #7958,#8007,#8056,#8105,#8154,#8203,#8252,#8279,#8333,#9440,#9487,
    #9519,#9820,#9854,#9861,#9909,#9942,#9950,#9957,#9964,#10041,#10088,
    #10183,#10230,#10332,#10379,#10474,#10521,#10623,#10670,#10765,
    #10812,#10914,#10961,#11056,#11103,#11205,#11252,#11302,#11399,
    #11408,#11439,#11450,#11547,#11637,#11686,#11753,#11760,#11850,
    #11899,#11966,#11973,#12063,#12112,#12179,#12186,#12276,#12325,
    #12392,#12399,#12489,#12538,#12605,#12661,#12717,#12773,#12829,
    #12885,#12941,#12970,#12999,#13028,#13057,#13086,#13162,#13211,
    #13238,#13314,#13363,#13390,#13397,#13404,#13411,#13418,#13425,
    #13480,#13535,#13590,#13645,#13700,#13755,#13761,#13767,#13822,
    #13877,#13932,#13987,#14042,#14097,#14152,#14207,#14262,#14317,
    #14372,#14427,#14487,#14547,#14607,#14667,#14727,#14787,#14822,
    #14857,#14892,#14927,#14962,#14997,#15052,#15107,#15162,#15217,
    #15272,#15327,#15383,#15439,#15495,#15551,#15607,#15663,#15667,
    #15671,#15675,#15679,#15683));
#17 = ADVANCED_FACE('',(#18,#601,#711,#822,#857),#33,.F.);
#18 = FACE_BOUND('',#19,.F.);
#19 = EDGE_LOOP('',(#20,#60,#88,#117,#145,#174,#202,#230,#259,#287,#316,
    #344,#372,#400,#429,#457,#486,#514,#547,#575));
#20 = ORIENTED_EDGE('',*,*,#21,.F.);
#21 = EDGE_CURVE('',#22,#24,#26,.T.);
#22 = VERTEX_POINT('',#23);
#23 = CARTESIAN_POINT('',(-73.,-18.,0.));
#24 = VERTEX_POINT('',#25);
#25 = CARTESIAN_POINT('',(-75.,-16.,0.));
#26 = SURFACE_CURVE('',#27,(#32,#48),.PCURVE_S1.);
#27 = CIRCLE('',#28,2.);
#28 = AXIS2_PLACEMENT_3D('',#29,#30,#31);
#29 = CARTESIAN_POINT('',(-73.,-16.,0.));
#30 = DIRECTION('',(-0.,-0.,-1.));
#31 = DIRECTION('',(0.,-1.,0.));
#32 = PCURVE('',#33,#38);
#33 = PLANE('',#34);
#34 = AXIS2_PLACEMENT_3D('',#35,#36,#37);
#35 = CARTESIAN_POINT('',(0.,0.,0.));
#36 = DIRECTION('',(0.,0.,1.));
#37 = DIRECTION('',(1.,0.,-0.));
#38 = DEFINITIONAL_REPRESENTATION('',(#39),#47);
#39 = ( BOUNDED_CURVE() B_SPLINE_CURVE(2,(#40,#41,#42,#43,#44,#45,#46),
.UNSPECIFIED.,.T.,.F.) B_SPLINE_CURVE_WITH_KNOTS((1,2,2,2,2,1),(
    -2.094395102393,0.,2.094395102393,4.188790204786,6.28318530718,
8.377580409573),.UNSPECIFIED.) CURVE() GEOMETRIC_REPRESENTATION_ITEM() 
RATIONAL_B_SPLINE_CURVE((1.,0.5,1.,0.5,1.,0.5,1.)) REPRESENTATION_ITEM(
  '') );
#40 = CARTESIAN_POINT('',(-73.,-18.));
#41 = CARTESIAN_POINT('',(-76.46410161513,-18.));
#42 = CARTESIAN_POINT('',(-74.73205080756,-15.));
#43 = CARTESIAN_POINT('',(-73.,-12.));
#44 = CARTESIAN_POINT('',(-71.26794919243,-15.));
#45 = CARTESIAN_POINT('',(-69.53589838486,-18.));
#46 = CARTESIAN_POINT('',(-73.,-18.));
#47 = ( GEOMETRIC_REPRESENTATION_CONTEXT(2) 
PARAMETRIC_REPRESENTATION_CONTEXT() REPRESENTATION_CONTEXT('2D SPACE',''
  ) );
#48 = PCURVE('',#49,#54);
#49 = CYLINDRICAL_SURFACE('',#50,2.);
#50 = AXIS2_PLACEMENT_3D('',#51,#52,#53);
#51 = CARTESIAN_POINT('',(-73.,-16.,0.));
#52 = DIRECTION('',(0.,0.,1.));
#53 = DIRECTION('',(0.,-1.,0.));
#54 = DEFINITIONAL_REPRESENTATION('',(#55),#59);
#55 = LINE('',#56,#57);
#56 = CARTESIAN_POINT('',(-0.,0.));
#57 = VECTOR('',#58,1.);
#58 = DIRECTION('',(-1.,0.));
#59 = ( GEOMETRIC_REPRESENTATION_CONTEXT(2) 
PARAMETRIC_REPRESENTATION_CONTEXT() REPRESENTATION_CONTEXT('2D SPACE',''
  ) );
#60 = ORIENTED_EDGE('',*,*,#61,.T.);
#61 = EDGE_CURVE('',#22,#62,#64,.T.);
#62 = VERTEX_POINT('',#63);
#63 = CARTESIAN_POINT('',(73.,-18.,0.));
#64 = SURFACE_CURVE('',#65,(#69,#76),.PCURVE_S1.);
#65 = LINE('',#66,#67);
#66 = CARTESIAN_POINT('',(-75.,-18.,0.));
#67 = VECTOR('',#68,1.);
#68 = DIRECTION('',(1.,0.,0.));
#69 = PCURVE('',#33,#70);
#70 = DEFINITIONAL_REPRESENTATION('',(#71),#75);
#71 = LINE('',#72,#73);
#72 = CARTESIAN_POINT('',(-75.,-18.));
#73 = VECTOR('',#74,1.);
#74 = DIRECTION('',(1.,0.));
#75 = ( GEOMETRIC_REPRESENTATION_CONTEXT(2) 
PARAMETRIC_REPRESENTATION_CONTEXT() REPRESENTATION_CONTEXT('2D SPACE',''
  ) );
#76 = PCURVE('',#77,#82);
#77 = PLANE('',#78);
#78 = AXIS2_PLACEMENT_3D('',#79,#80,#81);
#79 = CARTESIAN_POINT('',(-75.,-18.,15.1));
#80 = DIRECTION('',(-0.,1.,0.));
#81 = DIRECTION('',(0.,0.,-1.));
#82 = DEFINITIONAL_REPRESENTATION('',(#83),#87);
#83 = LINE('',#84,#85);
#84 = CARTESIAN_POINT('',(15.1,0.));
#85 = VECTOR('',#86,1.);
#86 = DIRECTION('',(0.,-1.));
#87 = ( GEOMETRIC_REPRESENTATION_CONTEXT(2) 
PARAMETRIC_REPRESENTATION_CONTEXT() REPRESENTATION_CONTEXT('2D SPACE',''
  ) );
#88 = ORIENTED_EDGE('',*,*,#89,.T.);
#89 = EDGE_CURVE('',#62,#90,#92,.T.);
#90 = VERTEX_POINT('',#91);
#91 = CARTESIAN_POINT('',(75.,-16.,0.));
#92 = SURFACE_CURVE('',#93,(#98,#105),.PCURVE_S1.);
#93 = CIRCLE('',#94,2.);
#94 = AXIS2_PLACEMENT_3D('',#95,#96,#97);
#95 = CARTESIAN_POINT('',(73.,-16.,0.));
#96 = DIRECTION('',(0.,0.,1.));
#97 = DIRECTION('',(0.,-1.,0.));
#98 = PCURVE('',#33,#99);
#99 = DEFINITIONAL_REPRESENTATION('',(#100),#104);
#100 = CIRCLE('',#101,2.);
#101 = AXIS2_PLACEMENT_2D('',#102,#103);
#102 = CARTESIAN_POINT('',(73.,-16.));
#103 = DIRECTION('',(0.,-1.));
#104 = ( GEOMETRIC_REPRESENTATION_CONTEXT(2) 
PARAMETRIC_REPRESENTATION_CONTEXT() REPRESENTATION_CONTEXT('2D SPACE',''
  ) );
#105 = PCURVE('',#106,#111);
#106 = CYLINDRICAL_SURFACE('',#107,2.);
#107 = AXIS2_PLACEMENT_3D('',#108,#109,#110);
#108 = CARTESIAN_POINT('',(73.,-16.,0.));
#109 = DIRECTION('',(0.,0.,1.));
#110 = DIRECTION('',(0.,-1.,0.));
#111 = DEFINITIONAL_REPRESENTATION('',(#112),#116);
#112 = LINE('',#113,#114);
#113 = CARTESIAN_POINT('',(0.,0.));
#114 = VECTOR('',#115,1.);
#115 = DIRECTION('',(1.,0.));
#116 = ( GEOMETRIC_REPRESENTATION_CONTEXT(2) 
PARAMETRIC_REPRESENTATION_CONTEXT() REPRESENTATION_CONTEXT('2D SPACE',''
  ) );
#117 = ORIENTED_EDGE('',*,*,#118,.T.);
#118 = EDGE_CURVE('',#90,#119,#121,.T.);
#119 = VERTEX_POINT('',#120);
#120 = CARTESIAN_POINT('',(75.,16.,0.));
#121 = SURFACE_CURVE('',#122,(#126,#133),.PCURVE_S1.);
#122 = LINE('',#123,#124);
#123 = CARTESIAN_POINT('',(75.,-18.,0.));
#124 = VECTOR('',#125,1.);
#125 = DIRECTION('',(0.,1.,0.));
#126 = PCURVE('',#33,#127);
#127 = DEFINITIONAL_REPRESENTATION('',(#128),#132);
#128 = LINE('',#129,#130);
#129 = CARTESIAN_POINT('',(75.,-18.));
#130 = VECTOR('',#131,1.);
#131 = DIRECTION('',(0.,1.));
#132 = ( GEOMETRIC_REPRESENTATION_CONTEXT(2) 
PARAMETRIC_REPRESENTATION_CONTEXT() REPRESENTATION_CONTEXT('2D SPACE',''
  ) );
#133 = PCURVE('',#134,#139);
#134 = PLANE('',#135);
#135 = AXIS2_PLACEMENT_3D('',#136,#137,#138);
#136 = CARTESIAN_POINT('',(75.,-2.508264805209,5.147391179835));
#137 = DIRECTION('',(1.,0.,0.));
#138 = DIRECTION('',(-0.,0.,1.));
#139 = DEFINITIONAL_REPRESENTATION('',(#140),#144);
#140 = LINE('',#141,#142);
#141 = CARTESIAN_POINT('',(-5.147391179835,15.491735194791));
#142 = VECTOR('',#143,1.);
#143 = DIRECTION('',(0.,-1.));
#144 = ( GEOMETRIC_REPRESENTATION_CONTEXT(2) 
PARAMETRIC_REPRESENTATION_CONTEXT() REPRESENTATION_CONTEXT('2D SPACE',''
  ) );
#145 = ORIENTED_EDGE('',*,*,#146,.T.);
#146 = EDGE_CURVE('',#119,#147,#149,.T.);
#147 = VERTEX_POINT('',#148);
#148 = CARTESIAN_POINT('',(73.,18.,0.));
#149 = SURFACE_CURVE('',#150,(#155,#162),.PCURVE_S1.);
#150 = CIRCLE('',#151,2.);
#151 = AXIS2_PLACEMENT_3D('',#152,#153,#154);
#152 = CARTESIAN_POINT('',(73.,16.,0.));
#153 = DIRECTION('',(0.,0.,1.));
#154 = DIRECTION('',(0.,-1.,0.));
#155 = PCURVE('',#33,#156);
#156 = DEFINITIONAL_REPRESENTATION('',(#157),#161);
#157 = CIRCLE('',#158,2.);
#158 = AXIS2_PLACEMENT_2D('',#159,#160);
#159 = CARTESIAN_POINT('',(73.,16.));
#160 = DIRECTION('',(0.,-1.));
#161 = ( GEOMETRIC_REPRESENTATION_CONTEXT(2) 
PARAMETRIC_REPRESENTATION_CONTEXT() REPRESENTATION_CONTEXT('2D SPACE',''
  ) );
#162 = PCURVE('',#163,#168);
#163 = CYLINDRICAL_SURFACE('',#164,2.);
#164 = AXIS2_PLACEMENT_3D('',#165,#166,#167);
#165 = CARTESIAN_POINT('',(73.,16.,0.));
#166 = DIRECTION('',(0.,0.,1.));
#167 = DIRECTION('',(1.,0.,-0.));
#168 = DEFINITIONAL_REPRESENTATION('',(#169),#173);
#169 = LINE('',#170,#171);
#170 = CARTESIAN_POINT('',(-1.570796326795,0.));
#171 = VECTOR('',#172,1.);
#172 = DIRECTION('',(1.,0.));
#173 = ( GEOMETRIC_REPRESENTATION_CONTEXT(2) 
PARAMETRIC_REPRESENTATION_CONTEXT() REPRESENTATION_CONTEXT('2D SPACE',''
  ) );
#174 = ORIENTED_EDGE('',*,*,#175,.T.);
#175 = EDGE_CURVE('',#147,#176,#178,.T.);
#176 = VERTEX_POINT('',#177);
#177 = CARTESIAN_POINT('',(-61.,18.,0.));
#178 = SURFACE_CURVE('',#179,(#183,#190),.PCURVE_S1.);
#179 = LINE('',#180,#181);
#180 = CARTESIAN_POINT('',(75.,18.,0.));
#181 = VECTOR('',#182,1.);
#182 = DIRECTION('',(-1.,0.,0.));
#183 = PCURVE('',#33,#184);
#184 = DEFINITIONAL_REPRESENTATION('',(#185),#189);
#185 = LINE('',#186,#187);
#186 = CARTESIAN_POINT('',(75.,18.));
#187 = VECTOR('',#188,1.);
#188 = DIRECTION('',(-1.,0.));
#189 = ( GEOMETRIC_REPRESENTATION_CONTEXT(2) 
PARAMETRIC_REPRESENTATION_CONTEXT() REPRESENTATION_CONTEXT('2D SPACE',''
  ) );
#190 = PCURVE('',#191,#196);
#191 = PLANE('',#192);
#192 = AXIS2_PLACEMENT_3D('',#193,#194,#195);
#193 = CARTESIAN_POINT('',(-75.,18.,0.));
#194 = DIRECTION('',(0.,-1.,0.));
#195 = DIRECTION('',(0.,0.,1.));
#196 = DEFINITIONAL_REPRESENTATION('',(#197),#201);
#197 = LINE('',#198,#199);
#198 = CARTESIAN_POINT('',(0.,-150.));
#199 = VECTOR('',#200,1.);
#200 = DIRECTION('',(0.,1.));
#201 = ( GEOMETRIC_REPRESENTATION_CONTEXT(2) 
PARAMETRIC_REPRESENTATION_CONTEXT() REPRESENTATION_CONTEXT('2D SPACE',''
  ) );
#202 = ORIENTED_EDGE('',*,*,#203,.T.);
#203 = EDGE_CURVE('',#176,#204,#206,.T.);
#204 = VERTEX_POINT('',#205);
#205 = CARTESIAN_POINT('',(-61.,29.,0.));
#206 = SURFACE_CURVE('',#207,(#211,#218),.PCURVE_S1.);
#207 = LINE('',#208,#209);
#208 = CARTESIAN_POINT('',(-61.,15.,0.));
#209 = VECTOR('',#210,1.);
#210 = DIRECTION('',(0.,1.,0.));
#211 = PCURVE('',#33,#212);
#212 = DEFINITIONAL_REPRESENTATION('',(#213),#217);
#213 = LINE('',#214,#215);
#214 = CARTESIAN_POINT('',(-61.,15.));
#215 = VECTOR('',#216,1.);
#216 = DIRECTION('',(0.,1.));
#217 = ( GEOMETRIC_REPRESENTATION_CONTEXT(2) 
PARAMETRIC_REPRESENTATION_CONTEXT() REPRESENTATION_CONTEXT('2D SPACE',''
  ) );
#218 = PCURVE('',#219,#224);
#219 = PLANE('',#220);
#220 = AXIS2_PLACEMENT_3D('',#221,#222,#223);
#221 = CARTESIAN_POINT('',(-61.,15.,0.));
#222 = DIRECTION('',(-1.,0.,0.));
#223 = DIRECTION('',(0.,1.,0.));
#224 = DEFINITIONAL_REPRESENTATION('',(#225),#229);
#225 = LINE('',#226,#227);
#226 = CARTESIAN_POINT('',(0.,0.));
#227 = VECTOR('',#228,1.);
#228 = DIRECTION('',(1.,0.));
#229 = ( GEOMETRIC_REPRESENTATION_CONTEXT(2) 
PARAMETRIC_REPRESENTATION_CONTEXT() REPRESENTATION_CONTEXT('2D SPACE',''
  ) );
#230 = ORIENTED_EDGE('',*,*,#231,.T.);
#231 = EDGE_CURVE('',#204,#232,#234,.T.);
#232 = VERTEX_POINT('',#233);
#233 = CARTESIAN_POINT('',(-63.,31.,0.));
#234 = SURFACE_CURVE('',#235,(#240,#247),.PCURVE_S1.);
#235 = CIRCLE('',#236,2.);
#236 = AXIS2_PLACEMENT_3D('',#237,#238,#239);
#237 = CARTESIAN_POINT('',(-63.,29.,0.));
#238 = DIRECTION('',(0.,0.,1.));
#239 = DIRECTION('',(0.,-1.,0.));
#240 = PCURVE('',#33,#241);
#241 = DEFINITIONAL_REPRESENTATION('',(#242),#246);
#242 = CIRCLE('',#243,2.);
#243 = AXIS2_PLACEMENT_2D('',#244,#245);
#244 = CARTESIAN_POINT('',(-63.,29.));
#245 = DIRECTION('',(0.,-1.));
#246 = ( GEOMETRIC_REPRESENTATION_CONTEXT(2) 
PARAMETRIC_REPRESENTATION_CONTEXT() REPRESENTATION_CONTEXT('2D SPACE',''
  ) );
#247 = PCURVE('',#248,#253);
#248 = CYLINDRICAL_SURFACE('',#249,2.);
#249 = AXIS2_PLACEMENT_3D('',#250,#251,#252);
#250 = CARTESIAN_POINT('',(-63.,29.,0.));
#251 = DIRECTION('',(0.,0.,1.));
#252 = DIRECTION('',(1.,0.,-0.));
#253 = DEFINITIONAL_REPRESENTATION('',(#254),#258);
#254 = LINE('',#255,#256);
#255 = CARTESIAN_POINT('',(-1.570796326795,0.));
#256 = VECTOR('',#257,1.);
#257 = DIRECTION('',(1.,0.));
#258 = ( GEOMETRIC_REPRESENTATION_CONTEXT(2) 
PARAMETRIC_REPRESENTATION_CONTEXT() REPRESENTATION_CONTEXT('2D SPACE',''
  ) );
#259 = ORIENTED_EDGE('',*,*,#260,.T.);
#260 = EDGE_CURVE('',#232,#261,#263,.T.);
#261 = VERTEX_POINT('',#262);
#262 = CARTESIAN_POINT('',(-73.,31.,0.));
#263 = SURFACE_CURVE('',#264,(#268,#275),.PCURVE_S1.);
#264 = LINE('',#265,#266);
#265 = CARTESIAN_POINT('',(-61.,31.,0.));
#266 = VECTOR('',#267,1.);
#267 = DIRECTION('',(-1.,0.,0.));
#268 = PCURVE('',#33,#269);
#269 = DEFINITIONAL_REPRESENTATION('',(#270),#274);
#270 = LINE('',#271,#272);
#271 = CARTESIAN_POINT('',(-61.,31.));
#272 = VECTOR('',#273,1.);
#273 = DIRECTION('',(-1.,0.));
#274 = ( GEOMETRIC_REPRESENTATION_CONTEXT(2) 
PARAMETRIC_REPRESENTATION_CONTEXT() REPRESENTATION_CONTEXT('2D SPACE',''
  ) );
#275 = PCURVE('',#276,#281);
#276 = PLANE('',#277);
#277 = AXIS2_PLACEMENT_3D('',#278,#279,#280);
#278 = CARTESIAN_POINT('',(-61.,31.,0.));
#279 = DIRECTION('',(0.,-1.,0.));
#280 = DIRECTION('',(-1.,0.,0.));
#281 = DEFINITIONAL_REPRESENTATION('',(#282),#286);
#282 = LINE('',#283,#284);
#283 = CARTESIAN_POINT('',(0.,-0.));
#284 = VECTOR('',#285,1.);
#285 = DIRECTION('',(1.,0.));
#286 = ( GEOMETRIC_REPRESENTATION_CONTEXT(2) 
PARAMETRIC_REPRESENTATION_CONTEXT() REPRESENTATION_CONTEXT('2D SPACE',''
  ) );
#287 = ORIENTED_EDGE('',*,*,#288,.T.);
#288 = EDGE_CURVE('',#261,#289,#291,.T.);
#289 = VERTEX_POINT('',#290);
#290 = CARTESIAN_POINT('',(-75.,29.,0.));
#291 = SURFACE_CURVE('',#292,(#297,#304),.PCURVE_S1.);
#292 = CIRCLE('',#293,2.);
#293 = AXIS2_PLACEMENT_3D('',#294,#295,#296);
#294 = CARTESIAN_POINT('',(-73.,29.,0.));
#295 = DIRECTION('',(0.,0.,1.));
#296 = DIRECTION('',(0.,-1.,0.));
#297 = PCURVE('',#33,#298);
#298 = DEFINITIONAL_REPRESENTATION('',(#299),#303);
#299 = CIRCLE('',#300,2.);
#300 = AXIS2_PLACEMENT_2D('',#301,#302);
#301 = CARTESIAN_POINT('',(-73.,29.));
#302 = DIRECTION('',(0.,-1.));
#303 = ( GEOMETRIC_REPRESENTATION_CONTEXT(2) 
PARAMETRIC_REPRESENTATION_CONTEXT() REPRESENTATION_CONTEXT('2D SPACE',''
  ) );
#304 = PCURVE('',#305,#310);
#305 = CYLINDRICAL_SURFACE('',#306,2.);
#306 = AXIS2_PLACEMENT_3D('',#307,#308,#309);
#307 = CARTESIAN_POINT('',(-73.,29.,0.));
#308 = DIRECTION('',(0.,0.,1.));
#309 = DIRECTION('',(-0.,1.,0.));
#310 = DEFINITIONAL_REPRESENTATION('',(#311),#315);
#311 = LINE('',#312,#313);
#312 = CARTESIAN_POINT('',(-3.14159265359,0.));
#313 = VECTOR('',#314,1.);
#314 = DIRECTION('',(1.,0.));
#315 = ( GEOMETRIC_REPRESENTATION_CONTEXT(2) 
PARAMETRIC_REPRESENTATION_CONTEXT() REPRESENTATION_CONTEXT('2D SPACE',''
  ) );
#316 = ORIENTED_EDGE('',*,*,#317,.T.);
#317 = EDGE_CURVE('',#289,#318,#320,.T.);
#318 = VERTEX_POINT('',#319);
#319 = CARTESIAN_POINT('',(-75.,18.,0.));
#320 = SURFACE_CURVE('',#321,(#325,#332),.PCURVE_S1.);
#321 = LINE('',#322,#323);
#322 = CARTESIAN_POINT('',(-75.,31.,0.));
#323 = VECTOR('',#324,1.);
#324 = DIRECTION('',(0.,-1.,0.));
#325 = PCURVE('',#33,#326);
#326 = DEFINITIONAL_REPRESENTATION('',(#327),#331);
#327 = LINE('',#328,#329);
#328 = CARTESIAN_POINT('',(-75.,31.));
#329 = VECTOR('',#330,1.);
#330 = DIRECTION('',(0.,-1.));
#331 = ( GEOMETRIC_REPRESENTATION_CONTEXT(2) 
PARAMETRIC_REPRESENTATION_CONTEXT() REPRESENTATION_CONTEXT('2D SPACE',''
  ) );
#332 = PCURVE('',#333,#338);
#333 = PLANE('',#334);
#334 = AXIS2_PLACEMENT_3D('',#335,#336,#337);
#335 = CARTESIAN_POINT('',(-75.,31.,0.));
#336 = DIRECTION('',(1.,0.,-0.));
#337 = DIRECTION('',(0.,-1.,0.));
#338 = DEFINITIONAL_REPRESENTATION('',(#339),#343);
#339 = LINE('',#340,#341);
#340 = CARTESIAN_POINT('',(0.,0.));
#341 = VECTOR('',#342,1.);
#342 = DIRECTION('',(1.,0.));
#343 = ( GEOMETRIC_REPRESENTATION_CONTEXT(2) 
PARAMETRIC_REPRESENTATION_CONTEXT() REPRESENTATION_CONTEXT('2D SPACE',''
  ) );
#344 = ORIENTED_EDGE('',*,*,#345,.T.);
#345 = EDGE_CURVE('',#318,#346,#348,.T.);
#346 = VERTEX_POINT('',#347);
#347 = CARTESIAN_POINT('',(-101.,18.,0.));
#348 = SURFACE_CURVE('',#349,(#353,#360),.PCURVE_S1.);
#349 = LINE('',#350,#351);
#350 = CARTESIAN_POINT('',(-74.,18.,0.));
#351 = VECTOR('',#352,1.);
#352 = DIRECTION('',(-1.,0.,0.));
#353 = PCURVE('',#33,#354);
#354 = DEFINITIONAL_REPRESENTATION('',(#355),#359);
#355 = LINE('',#356,#357);
#356 = CARTESIAN_POINT('',(-74.,18.));
#357 = VECTOR('',#358,1.);
#358 = DIRECTION('',(-1.,0.));
#359 = ( GEOMETRIC_REPRESENTATION_CONTEXT(2) 
PARAMETRIC_REPRESENTATION_CONTEXT() REPRESENTATION_CONTEXT('2D SPACE',''
  ) );
#360 = PCURVE('',#361,#366);
#361 = PLANE('',#362);
#362 = AXIS2_PLACEMENT_3D('',#363,#364,#365);
#363 = CARTESIAN_POINT('',(-74.,18.,0.));
#364 = DIRECTION('',(0.,-1.,0.));
#365 = DIRECTION('',(-1.,0.,0.));
#366 = DEFINITIONAL_REPRESENTATION('',(#367),#371);
#367 = LINE('',#368,#369);
#368 = CARTESIAN_POINT('',(0.,-0.));
#369 = VECTOR('',#370,1.);
#370 = DIRECTION('',(1.,0.));
#371 = ( GEOMETRIC_REPRESENTATION_CONTEXT(2) 
PARAMETRIC_REPRESENTATION_CONTEXT() REPRESENTATION_CONTEXT('2D SPACE',''
  ) );
#372 = ORIENTED_EDGE('',*,*,#373,.T.);
#373 = EDGE_CURVE('',#346,#374,#376,.T.);
#374 = VERTEX_POINT('',#375);
#375 = CARTESIAN_POINT('',(-101.,29.,0.));
#376 = SURFACE_CURVE('',#377,(#381,#388),.PCURVE_S1.);
#377 = LINE('',#378,#379);
#378 = CARTESIAN_POINT('',(-101.,15.,0.));
#379 = VECTOR('',#380,1.);
#380 = DIRECTION('',(0.,1.,0.));
#381 = PCURVE('',#33,#382);
#382 = DEFINITIONAL_REPRESENTATION('',(#383),#387);
#383 = LINE('',#384,#385);
#384 = CARTESIAN_POINT('',(-101.,15.));
#385 = VECTOR('',#386,1.);
#386 = DIRECTION('',(0.,1.));
#387 = ( GEOMETRIC_REPRESENTATION_CONTEXT(2) 
PARAMETRIC_REPRESENTATION_CONTEXT() REPRESENTATION_CONTEXT('2D SPACE',''
  ) );
#388 = PCURVE('',#389,#394);
#389 = PLANE('',#390);
#390 = AXIS2_PLACEMENT_3D('',#391,#392,#393);
#391 = CARTESIAN_POINT('',(-101.,15.,0.));
#392 = DIRECTION('',(-1.,0.,0.));
#393 = DIRECTION('',(0.,1.,0.));
#394 = DEFINITIONAL_REPRESENTATION('',(#395),#399);
#395 = LINE('',#396,#397);
#396 = CARTESIAN_POINT('',(0.,0.));
#397 = VECTOR('',#398,1.);
#398 = DIRECTION('',(1.,0.));
#399 = ( GEOMETRIC_REPRESENTATION_CONTEXT(2) 
PARAMETRIC_REPRESENTATION_CONTEXT() REPRESENTATION_CONTEXT('2D SPACE',''
  ) );
#400 = ORIENTED_EDGE('',*,*,#401,.T.);
#401 = EDGE_CURVE('',#374,#402,#404,.T.);
#402 = VERTEX_POINT('',#403);
#403 = CARTESIAN_POINT('',(-103.,31.,0.));
#404 = SURFACE_CURVE('',#405,(#410,#417),.PCURVE_S1.);
#405 = CIRCLE('',#406,2.);
#406 = AXIS2_PLACEMENT_3D('',#407,#408,#409);
#407 = CARTESIAN_POINT('',(-103.,29.,0.));
#408 = DIRECTION('',(0.,0.,1.));
#409 = DIRECTION('',(0.,-1.,0.));
#410 = PCURVE('',#33,#411);
#411 = DEFINITIONAL_REPRESENTATION('',(#412),#416);
#412 = CIRCLE('',#413,2.);
#413 = AXIS2_PLACEMENT_2D('',#414,#415);
#414 = CARTESIAN_POINT('',(-103.,29.));
#415 = DIRECTION('',(0.,-1.));
#416 = ( GEOMETRIC_REPRESENTATION_CONTEXT(2) 
PARAMETRIC_REPRESENTATION_CONTEXT() REPRESENTATION_CONTEXT('2D SPACE',''
  ) );
#417 = PCURVE('',#418,#423);
#418 = CYLINDRICAL_SURFACE('',#419,2.);
#419 = AXIS2_PLACEMENT_3D('',#420,#421,#422);
#420 = CARTESIAN_POINT('',(-103.,29.,0.));
#421 = DIRECTION('',(0.,0.,1.));
#422 = DIRECTION('',(1.,0.,-0.));
#423 = DEFINITIONAL_REPRESENTATION('',(#424),#428);
#424 = LINE('',#425,#426);
#425 = CARTESIAN_POINT('',(-1.570796326795,0.));
#426 = VECTOR('',#427,1.);
#427 = DIRECTION('',(1.,0.));
#428 = ( GEOMETRIC_REPRESENTATION_CONTEXT(2) 
PARAMETRIC_REPRESENTATION_CONTEXT() REPRESENTATION_CONTEXT('2D SPACE',''
  ) );
#429 = ORIENTED_EDGE('',*,*,#430,.T.);
#430 = EDGE_CURVE('',#402,#431,#433,.T.);
#431 = VERTEX_POINT('',#432);
#432 = CARTESIAN_POINT('',(-113.,31.,0.));
#433 = SURFACE_CURVE('',#434,(#438,#445),.PCURVE_S1.);
#434 = LINE('',#435,#436);
#435 = CARTESIAN_POINT('',(-101.,31.,0.));
#436 = VECTOR('',#437,1.);
#437 = DIRECTION('',(-1.,0.,0.));
#438 = PCURVE('',#33,#439);
#439 = DEFINITIONAL_REPRESENTATION('',(#440),#444);
#440 = LINE('',#441,#442);
#441 = CARTESIAN_POINT('',(-101.,31.));
#442 = VECTOR('',#443,1.);
#443 = DIRECTION('',(-1.,0.));
#444 = ( GEOMETRIC_REPRESENTATION_CONTEXT(2) 
PARAMETRIC_REPRESENTATION_CONTEXT() REPRESENTATION_CONTEXT('2D SPACE',''
  ) );
#445 = PCURVE('',#446,#451);
#446 = PLANE('',#447);
#447 = AXIS2_PLACEMENT_3D('',#448,#449,#450);
#448 = CARTESIAN_POINT('',(-101.,31.,0.));
#449 = DIRECTION('',(0.,-1.,0.));
#450 = DIRECTION('',(-1.,0.,0.));
#451 = DEFINITIONAL_REPRESENTATION('',(#452),#456);
#452 = LINE('',#453,#454);
#453 = CARTESIAN_POINT('',(0.,-0.));
#454 = VECTOR('',#455,1.);
#455 = DIRECTION('',(1.,0.));
#456 = ( GEOMETRIC_REPRESENTATION_CONTEXT(2) 
PARAMETRIC_REPRESENTATION_CONTEXT() REPRESENTATION_CONTEXT('2D SPACE',''
  ) );
#457 = ORIENTED_EDGE('',*,*,#458,.T.);
#458 = EDGE_CURVE('',#431,#459,#461,.T.);
#459 = VERTEX_POINT('',#460);
#460 = CARTESIAN_POINT('',(-115.,29.,0.));
#461 = SURFACE_CURVE('',#462,(#467,#474),.PCURVE_S1.);
#462 = CIRCLE('',#463,2.);
#463 = AXIS2_PLACEMENT_3D('',#464,#465,#466);
#464 = CARTESIAN_POINT('',(-113.,29.,0.));
#465 = DIRECTION('',(0.,0.,1.));
#466 = DIRECTION('',(0.,-1.,0.));
#467 = PCURVE('',#33,#468);
#468 = DEFINITIONAL_REPRESENTATION('',(#469),#473);
#469 = CIRCLE('',#470,2.);
#470 = AXIS2_PLACEMENT_2D('',#471,#472);
#471 = CARTESIAN_POINT('',(-113.,29.));
#472 = DIRECTION('',(0.,-1.));
#473 = ( GEOMETRIC_REPRESENTATION_CONTEXT(2) 
PARAMETRIC_REPRESENTATION_CONTEXT() REPRESENTATION_CONTEXT('2D SPACE',''
  ) );
#474 = PCURVE('',#475,#480);
#475 = CYLINDRICAL_SURFACE('',#476,2.);
#476 = AXIS2_PLACEMENT_3D('',#477,#478,#479);
#477 = CARTESIAN_POINT('',(-113.,29.,0.));
#478 = DIRECTION('',(0.,0.,1.));
#479 = DIRECTION('',(-0.,1.,0.));
#480 = DEFINITIONAL_REPRESENTATION('',(#481),#485);
#481 = LINE('',#482,#483);
#482 = CARTESIAN_POINT('',(-3.14159265359,0.));
#483 = VECTOR('',#484,1.);
#484 = DIRECTION('',(1.,0.));
#485 = ( GEOMETRIC_REPRESENTATION_CONTEXT(2) 
PARAMETRIC_REPRESENTATION_CONTEXT() REPRESENTATION_CONTEXT('2D SPACE',''
  ) );
#486 = ORIENTED_EDGE('',*,*,#487,.F.);
#487 = EDGE_CURVE('',#488,#459,#490,.T.);
#488 = VERTEX_POINT('',#489);
#489 = CARTESIAN_POINT('',(-115.,8.,0.));
#490 = SURFACE_CURVE('',#491,(#495,#502),.PCURVE_S1.);
#491 = LINE('',#492,#493);
#492 = CARTESIAN_POINT('',(-115.,8.,0.));
#493 = VECTOR('',#494,1.);
#494 = DIRECTION('',(0.,1.,0.));
#495 = PCURVE('',#33,#496);
#496 = DEFINITIONAL_REPRESENTATION('',(#497),#501);
#497 = LINE('',#498,#499);
#498 = CARTESIAN_POINT('',(-115.,8.));
#499 = VECTOR('',#500,1.);
#500 = DIRECTION('',(0.,1.));
#501 = ( GEOMETRIC_REPRESENTATION_CONTEXT(2) 
PARAMETRIC_REPRESENTATION_CONTEXT() REPRESENTATION_CONTEXT('2D SPACE',''
  ) );
#502 = PCURVE('',#503,#508);
#503 = PLANE('',#504);
#504 = AXIS2_PLACEMENT_3D('',#505,#506,#507);
#505 = CARTESIAN_POINT('',(-115.,18.,0.));
#506 = DIRECTION('',(1.,0.,-0.));
#507 = DIRECTION('',(0.,-1.,0.));
#508 = DEFINITIONAL_REPRESENTATION('',(#509),#513);
#509 = LINE('',#510,#511);
#510 = CARTESIAN_POINT('',(10.,0.));
#511 = VECTOR('',#512,1.);
#512 = DIRECTION('',(-1.,0.));
#513 = ( GEOMETRIC_REPRESENTATION_CONTEXT(2) 
PARAMETRIC_REPRESENTATION_CONTEXT() REPRESENTATION_CONTEXT('2D SPACE',''
  ) );
#514 = ORIENTED_EDGE('',*,*,#515,.F.);
#515 = EDGE_CURVE('',#516,#488,#518,.T.);
#516 = VERTEX_POINT('',#517);
#517 = CARTESIAN_POINT('',(-113.,6.,0.));
#518 = SURFACE_CURVE('',#519,(#524,#535),.PCURVE_S1.);
#519 = CIRCLE('',#520,2.);
#520 = AXIS2_PLACEMENT_3D('',#521,#522,#523);
#521 = CARTESIAN_POINT('',(-113.,8.,0.));
#522 = DIRECTION('',(-0.,-0.,-1.));
#523 = DIRECTION('',(0.,-1.,0.));
#524 = PCURVE('',#33,#525);
#525 = DEFINITIONAL_REPRESENTATION('',(#526),#534);
#526 = ( BOUNDED_CURVE() B_SPLINE_CURVE(2,(#527,#528,#529,#530,#531,#532
,#533),.UNSPECIFIED.,.T.,.F.) B_SPLINE_CURVE_WITH_KNOTS((1,2,2,2,2,1),(
    -2.094395102393,0.,2.094395102393,4.188790204786,6.28318530718,
8.377580409573),.UNSPECIFIED.) CURVE() GEOMETRIC_REPRESENTATION_ITEM() 
RATIONAL_B_SPLINE_CURVE((1.,0.5,1.,0.5,1.,0.5,1.)) REPRESENTATION_ITEM(
  '') );
#527 = CARTESIAN_POINT('',(-113.,6.));
#528 = CARTESIAN_POINT('',(-116.4641016151,6.));
#529 = CARTESIAN_POINT('',(-114.7320508075,9.));
#530 = CARTESIAN_POINT('',(-113.,12.));
#531 = CARTESIAN_POINT('',(-111.2679491924,9.));
#532 = CARTESIAN_POINT('',(-109.5358983848,6.));
#533 = CARTESIAN_POINT('',(-113.,6.));
#534 = ( GEOMETRIC_REPRESENTATION_CONTEXT(2) 
PARAMETRIC_REPRESENTATION_CONTEXT() REPRESENTATION_CONTEXT('2D SPACE',''
  ) );
#535 = PCURVE('',#536,#541);
#536 = CYLINDRICAL_SURFACE('',#537,2.);
#537 = AXIS2_PLACEMENT_3D('',#538,#539,#540);
#538 = CARTESIAN_POINT('',(-113.,8.,0.));
#539 = DIRECTION('',(0.,0.,1.));
#540 = DIRECTION('',(0.,-1.,0.));
#541 = DEFINITIONAL_REPRESENTATION('',(#542),#546);
#542 = LINE('',#543,#544);
#543 = CARTESIAN_POINT('',(-0.,0.));
#544 = VECTOR('',#545,1.);
#545 = DIRECTION('',(-1.,0.));
#546 = ( GEOMETRIC_REPRESENTATION_CONTEXT(2) 
PARAMETRIC_REPRESENTATION_CONTEXT() REPRESENTATION_CONTEXT('2D SPACE',''
  ) );
#547 = ORIENTED_EDGE('',*,*,#548,.T.);
#548 = EDGE_CURVE('',#516,#549,#551,.T.);
#549 = VERTEX_POINT('',#550);
#550 = CARTESIAN_POINT('',(-75.,6.,0.));
#551 = SURFACE_CURVE('',#552,(#556,#563),.PCURVE_S1.);
#552 = LINE('',#553,#554);
#553 = CARTESIAN_POINT('',(-115.,6.,0.));
#554 = VECTOR('',#555,1.);
#555 = DIRECTION('',(1.,0.,0.));
#556 = PCURVE('',#33,#557);
#557 = DEFINITIONAL_REPRESENTATION('',(#558),#562);
#558 = LINE('',#559,#560);
#559 = CARTESIAN_POINT('',(-115.,6.));
#560 = VECTOR('',#561,1.);
#561 = DIRECTION('',(1.,0.));
#562 = ( GEOMETRIC_REPRESENTATION_CONTEXT(2) 
PARAMETRIC_REPRESENTATION_CONTEXT() REPRESENTATION_CONTEXT('2D SPACE',''
  ) );
#563 = PCURVE('',#564,#569);
#564 = PLANE('',#565);
#565 = AXIS2_PLACEMENT_3D('',#566,#567,#568);
#566 = CARTESIAN_POINT('',(-115.,6.,0.));
#567 = DIRECTION('',(0.,1.,0.));
#568 = DIRECTION('',(1.,0.,0.));
#569 = DEFINITIONAL_REPRESENTATION('',(#570),#574);
#570 = LINE('',#571,#572);
#571 = CARTESIAN_POINT('',(0.,0.));
#572 = VECTOR('',#573,1.);
#573 = DIRECTION('',(1.,0.));
#574 = ( GEOMETRIC_REPRESENTATION_CONTEXT(2) 
PARAMETRIC_REPRESENTATION_CONTEXT() REPRESENTATION_CONTEXT('2D SPACE',''
  ) );
#575 = ORIENTED_EDGE('',*,*,#576,.T.);
#576 = EDGE_CURVE('',#549,#24,#577,.T.);
#577 = SURFACE_CURVE('',#578,(#582,#589),.PCURVE_S1.);
#578 = LINE('',#579,#580);
#579 = CARTESIAN_POINT('',(-75.,18.,0.));
#580 = VECTOR('',#581,1.);
#581 = DIRECTION('',(0.,-1.,0.));
#582 = PCURVE('',#33,#583);
#583 = DEFINITIONAL_REPRESENTATION('',(#584),#588);
#584 = LINE('',#585,#586);
#585 = CARTESIAN_POINT('',(-75.,18.));
#586 = VECTOR('',#587,1.);
#587 = DIRECTION('',(0.,-1.));
#588 = ( GEOMETRIC_REPRESENTATION_CONTEXT(2) 
PARAMETRIC_REPRESENTATION_CONTEXT() REPRESENTATION_CONTEXT('2D SPACE',''
  ) );
#589 = PCURVE('',#590,#595);
#590 = PLANE('',#591);
#591 = AXIS2_PLACEMENT_3D('',#592,#593,#594);
#592 = CARTESIAN_POINT('',(-75.,-2.508264805209,5.147391179835));
#593 = DIRECTION('',(1.,0.,0.));
#594 = DIRECTION('',(-0.,0.,1.));
#595 = DEFINITIONAL_REPRESENTATION('',(#596),#600);
#596 = LINE('',#597,#598);
#597 = CARTESIAN_POINT('',(-5.147391179835,-20.5082648052));
#598 = VECTOR('',#599,1.);
#599 = DIRECTION('',(0.,1.));
#600 = ( GEOMETRIC_REPRESENTATION_CONTEXT(2) 
PARAMETRIC_REPRESENTATION_CONTEXT() REPRESENTATION_CONTEXT('2D SPACE',''
  ) );
#601 = FACE_BOUND('',#602,.F.);
#602 = EDGE_LOOP('',(#603,#632,#659,#686));
#603 = ORIENTED_EDGE('',*,*,#604,.T.);
#604 = EDGE_CURVE('',#605,#607,#609,.T.);
#605 = VERTEX_POINT('',#606);
#606 = CARTESIAN_POINT('',(-72.,-15.,0.));
#607 = VERTEX_POINT('',#608);
#608 = CARTESIAN_POINT('',(-72.,15.,0.));
#609 = SURFACE_CURVE('',#610,(#614,#621),.PCURVE_S1.);
#610 = LINE('',#611,#612);
#611 = CARTESIAN_POINT('',(-72.,7.5,0.));
#612 = VECTOR('',#613,1.);
#613 = DIRECTION('',(-0.,1.,0.));
#614 = PCURVE('',#33,#615);
#615 = DEFINITIONAL_REPRESENTATION('',(#616),#620);
#616 = LINE('',#617,#618);
#617 = CARTESIAN_POINT('',(-72.,7.5));
#618 = VECTOR('',#619,1.);
#619 = DIRECTION('',(0.,1.));
#620 = ( GEOMETRIC_REPRESENTATION_CONTEXT(2) 
PARAMETRIC_REPRESENTATION_CONTEXT() REPRESENTATION_CONTEXT('2D SPACE',''
  ) );
#621 = PCURVE('',#622,#627);
#622 = PLANE('',#623);
#623 = AXIS2_PLACEMENT_3D('',#624,#625,#626);
#624 = CARTESIAN_POINT('',(-72.,15.,-1.));
#625 = DIRECTION('',(1.,0.,-0.));
#626 = DIRECTION('',(0.,-1.,0.));
#627 = DEFINITIONAL_REPRESENTATION('',(#628),#631);
#628 = B_SPLINE_CURVE_WITH_KNOTS('',1,(#629,#630),.UNSPECIFIED.,.F.,.F.,
  (2,2),(-22.5,7.5),.PIECEWISE_BEZIER_KNOTS.);
#629 = CARTESIAN_POINT('',(30.,-1.));
#630 = CARTESIAN_POINT('',(0.,-1.));
#631 = ( GEOMETRIC_REPRESENTATION_CONTEXT(2) 
PARAMETRIC_REPRESENTATION_CONTEXT() REPRESENTATION_CONTEXT('2D SPACE',''
  ) );
#632 = ORIENTED_EDGE('',*,*,#633,.T.);
#633 = EDGE_CURVE('',#607,#634,#636,.T.);
#634 = VERTEX_POINT('',#635);
#635 = CARTESIAN_POINT('',(-71.,15.,0.));
#636 = SURFACE_CURVE('',#637,(#641,#648),.PCURVE_S1.);
#637 = LINE('',#638,#639);
#638 = CARTESIAN_POINT('',(36.,15.,0.));
#639 = VECTOR('',#640,1.);
#640 = DIRECTION('',(1.,0.,-0.));
#641 = PCURVE('',#33,#642);
#642 = DEFINITIONAL_REPRESENTATION('',(#643),#647);
#643 = LINE('',#644,#645);
#644 = CARTESIAN_POINT('',(36.,15.));
#645 = VECTOR('',#646,1.);
#646 = DIRECTION('',(1.,0.));
#647 = ( GEOMETRIC_REPRESENTATION_CONTEXT(2) 
PARAMETRIC_REPRESENTATION_CONTEXT() REPRESENTATION_CONTEXT('2D SPACE',''
  ) );
#648 = PCURVE('',#649,#654);
#649 = PLANE('',#650);
#650 = AXIS2_PLACEMENT_3D('',#651,#652,#653);
#651 = CARTESIAN_POINT('',(72.,15.,-1.));
#652 = DIRECTION('',(0.,-1.,0.));
#653 = DIRECTION('',(-1.,0.,0.));
#654 = DEFINITIONAL_REPRESENTATION('',(#655),#658);
#655 = B_SPLINE_CURVE_WITH_KNOTS('',1,(#656,#657),.UNSPECIFIED.,.F.,.F.,
  (2,2),(-108.,-107.),.PIECEWISE_BEZIER_KNOTS.);
#656 = CARTESIAN_POINT('',(144.,-1.));
#657 = CARTESIAN_POINT('',(143.,-1.));
#658 = ( GEOMETRIC_REPRESENTATION_CONTEXT(2) 
PARAMETRIC_REPRESENTATION_CONTEXT() REPRESENTATION_CONTEXT('2D SPACE',''
  ) );
#659 = ORIENTED_EDGE('',*,*,#660,.F.);
#660 = EDGE_CURVE('',#661,#634,#663,.T.);
#661 = VERTEX_POINT('',#662);
#662 = CARTESIAN_POINT('',(-71.,-15.,0.));
#663 = SURFACE_CURVE('',#664,(#668,#675),.PCURVE_S1.);
#664 = LINE('',#665,#666);
#665 = CARTESIAN_POINT('',(-71.,18.,0.));
#666 = VECTOR('',#667,1.);
#667 = DIRECTION('',(-0.,1.,0.));
#668 = PCURVE('',#33,#669);
#669 = DEFINITIONAL_REPRESENTATION('',(#670),#674);
#670 = LINE('',#671,#672);
#671 = CARTESIAN_POINT('',(-71.,18.));
#672 = VECTOR('',#673,1.);
#673 = DIRECTION('',(0.,1.));
#674 = ( GEOMETRIC_REPRESENTATION_CONTEXT(2) 
PARAMETRIC_REPRESENTATION_CONTEXT() REPRESENTATION_CONTEXT('2D SPACE',''
  ) );
#675 = PCURVE('',#676,#681);
#676 = PLANE('',#677);
#677 = AXIS2_PLACEMENT_3D('',#678,#679,#680);
#678 = CARTESIAN_POINT('',(-71.,36.,-2.));
#679 = DIRECTION('',(1.,0.,-0.));
#680 = DIRECTION('',(0.,-1.,0.));
#681 = DEFINITIONAL_REPRESENTATION('',(#682),#685);
#682 = B_SPLINE_CURVE_WITH_KNOTS('',1,(#683,#684),.UNSPECIFIED.,.F.,.F.,
  (2,2),(-33.,-3.),.PIECEWISE_BEZIER_KNOTS.);
#683 = CARTESIAN_POINT('',(51.,-2.));
#684 = CARTESIAN_POINT('',(21.,-2.));
#685 = ( GEOMETRIC_REPRESENTATION_CONTEXT(2) 
PARAMETRIC_REPRESENTATION_CONTEXT() REPRESENTATION_CONTEXT('2D SPACE',''
  ) );
#686 = ORIENTED_EDGE('',*,*,#687,.T.);
#687 = EDGE_CURVE('',#661,#605,#688,.T.);
#688 = SURFACE_CURVE('',#689,(#693,#700),.PCURVE_S1.);
#689 = LINE('',#690,#691);
#690 = CARTESIAN_POINT('',(-36.,-15.,0.));
#691 = VECTOR('',#692,1.);
#692 = DIRECTION('',(-1.,0.,0.));
#693 = PCURVE('',#33,#694);
#694 = DEFINITIONAL_REPRESENTATION('',(#695),#699);
#695 = LINE('',#696,#697);
#696 = CARTESIAN_POINT('',(-36.,-15.));
#697 = VECTOR('',#698,1.);
#698 = DIRECTION('',(-1.,0.));
#699 = ( GEOMETRIC_REPRESENTATION_CONTEXT(2) 
PARAMETRIC_REPRESENTATION_CONTEXT() REPRESENTATION_CONTEXT('2D SPACE',''
  ) );
#700 = PCURVE('',#701,#706);
#701 = PLANE('',#702);
#702 = AXIS2_PLACEMENT_3D('',#703,#704,#705);
#703 = CARTESIAN_POINT('',(-72.,-15.,-1.));
#704 = DIRECTION('',(0.,1.,0.));
#705 = DIRECTION('',(1.,0.,0.));
#706 = DEFINITIONAL_REPRESENTATION('',(#707),#710);
#707 = B_SPLINE_CURVE_WITH_KNOTS('',1,(#708,#709),.UNSPECIFIED.,.F.,.F.,
  (2,2),(35.,36.),.PIECEWISE_BEZIER_KNOTS.);
#708 = CARTESIAN_POINT('',(1.,-1.));
#709 = CARTESIAN_POINT('',(0.,-1.));
#710 = ( GEOMETRIC_REPRESENTATION_CONTEXT(2) 
PARAMETRIC_REPRESENTATION_CONTEXT() REPRESENTATION_CONTEXT('2D SPACE',''
  ) );
#711 = FACE_BOUND('',#712,.F.);
#712 = EDGE_LOOP('',(#713,#742,#770,#797));
#713 = ORIENTED_EDGE('',*,*,#714,.F.);
#714 = EDGE_CURVE('',#715,#717,#719,.T.);
#715 = VERTEX_POINT('',#716);
#716 = CARTESIAN_POINT('',(-65.,15.,0.));
#717 = VERTEX_POINT('',#718);
#718 = CARTESIAN_POINT('',(-65.,-15.,0.));
#719 = SURFACE_CURVE('',#720,(#724,#731),.PCURVE_S1.);
#720 = LINE('',#721,#722);
#721 = CARTESIAN_POINT('',(-65.,-18.,0.));
#722 = VECTOR('',#723,1.);
#723 = DIRECTION('',(0.,-1.,0.));
#724 = PCURVE('',#33,#725);
#725 = DEFINITIONAL_REPRESENTATION('',(#726),#730);
#726 = LINE('',#727,#728);
#727 = CARTESIAN_POINT('',(-65.,-18.));
#728 = VECTOR('',#729,1.);
#729 = DIRECTION('',(0.,-1.));
#730 = ( GEOMETRIC_REPRESENTATION_CONTEXT(2) 
PARAMETRIC_REPRESENTATION_CONTEXT() REPRESENTATION_CONTEXT('2D SPACE',''
  ) );
#731 = PCURVE('',#732,#737);
#732 = PLANE('',#733);
#733 = AXIS2_PLACEMENT_3D('',#734,#735,#736);
#734 = CARTESIAN_POINT('',(-65.,-36.,-2.));
#735 = DIRECTION('',(-1.,0.,0.));
#736 = DIRECTION('',(0.,1.,0.));
#737 = DEFINITIONAL_REPRESENTATION('',(#738),#741);
#738 = B_SPLINE_CURVE_WITH_KNOTS('',1,(#739,#740),.UNSPECIFIED.,.F.,.F.,
  (2,2),(-33.,-3.),.PIECEWISE_BEZIER_KNOTS.);
#739 = CARTESIAN_POINT('',(51.,-2.));
#740 = CARTESIAN_POINT('',(21.,-2.));
#741 = ( GEOMETRIC_REPRESENTATION_CONTEXT(2) 
PARAMETRIC_REPRESENTATION_CONTEXT() REPRESENTATION_CONTEXT('2D SPACE',''
  ) );
#742 = ORIENTED_EDGE('',*,*,#743,.F.);
#743 = EDGE_CURVE('',#744,#715,#746,.T.);
#744 = VERTEX_POINT('',#745);
#745 = CARTESIAN_POINT('',(72.,15.,0.));
#746 = SURFACE_CURVE('',#747,(#751,#758),.PCURVE_S1.);
#747 = LINE('',#748,#749);
#748 = CARTESIAN_POINT('',(72.,15.,0.));
#749 = VECTOR('',#750,1.);
#750 = DIRECTION('',(-1.,0.,0.));
#751 = PCURVE('',#33,#752);
#752 = DEFINITIONAL_REPRESENTATION('',(#753),#757);
#753 = LINE('',#754,#755);
#754 = CARTESIAN_POINT('',(72.,15.));
#755 = VECTOR('',#756,1.);
#756 = DIRECTION('',(-1.,0.));
#757 = ( GEOMETRIC_REPRESENTATION_CONTEXT(2) 
PARAMETRIC_REPRESENTATION_CONTEXT() REPRESENTATION_CONTEXT('2D SPACE',''
  ) );
#758 = PCURVE('',#759,#764);
#759 = PLANE('',#760);
#760 = AXIS2_PLACEMENT_3D('',#761,#762,#763);
#761 = CARTESIAN_POINT('',(72.,15.,-1.));
#762 = DIRECTION('',(0.,-1.,0.));
#763 = DIRECTION('',(-1.,0.,0.));
#764 = DEFINITIONAL_REPRESENTATION('',(#765),#769);
#765 = LINE('',#766,#767);
#766 = CARTESIAN_POINT('',(0.,-1.));
#767 = VECTOR('',#768,1.);
#768 = DIRECTION('',(1.,0.));
#769 = ( GEOMETRIC_REPRESENTATION_CONTEXT(2) 
PARAMETRIC_REPRESENTATION_CONTEXT() REPRESENTATION_CONTEXT('2D SPACE',''
  ) );
#770 = ORIENTED_EDGE('',*,*,#771,.T.);
#771 = EDGE_CURVE('',#744,#772,#774,.T.);
#772 = VERTEX_POINT('',#773);
#773 = CARTESIAN_POINT('',(72.,-15.,0.));
#774 = SURFACE_CURVE('',#775,(#779,#786),.PCURVE_S1.);
#775 = LINE('',#776,#777);
#776 = CARTESIAN_POINT('',(72.,-7.5,0.));
#777 = VECTOR('',#778,1.);
#778 = DIRECTION('',(0.,-1.,0.));
#779 = PCURVE('',#33,#780);
#780 = DEFINITIONAL_REPRESENTATION('',(#781),#785);
#781 = LINE('',#782,#783);
#782 = CARTESIAN_POINT('',(72.,-7.5));
#783 = VECTOR('',#784,1.);
#784 = DIRECTION('',(0.,-1.));
#785 = ( GEOMETRIC_REPRESENTATION_CONTEXT(2) 
PARAMETRIC_REPRESENTATION_CONTEXT() REPRESENTATION_CONTEXT('2D SPACE',''
  ) );
#786 = PCURVE('',#787,#792);
#787 = PLANE('',#788);
#788 = AXIS2_PLACEMENT_3D('',#789,#790,#791);
#789 = CARTESIAN_POINT('',(72.,-15.,-1.));
#790 = DIRECTION('',(-1.,0.,0.));
#791 = DIRECTION('',(0.,1.,0.));
#792 = DEFINITIONAL_REPRESENTATION('',(#793),#796);
#793 = B_SPLINE_CURVE_WITH_KNOTS('',1,(#794,#795),.UNSPECIFIED.,.F.,.F.,
  (2,2),(-22.5,7.5),.PIECEWISE_BEZIER_KNOTS.);
#794 = CARTESIAN_POINT('',(30.,-1.));
#795 = CARTESIAN_POINT('',(0.,-1.));
#796 = ( GEOMETRIC_REPRESENTATION_CONTEXT(2) 
PARAMETRIC_REPRESENTATION_CONTEXT() REPRESENTATION_CONTEXT('2D SPACE',''
  ) );
#797 = ORIENTED_EDGE('',*,*,#798,.T.);
#798 = EDGE_CURVE('',#772,#717,#799,.T.);
#799 = SURFACE_CURVE('',#800,(#804,#811),.PCURVE_S1.);
#800 = LINE('',#801,#802);
#801 = CARTESIAN_POINT('',(-36.,-15.,0.));
#802 = VECTOR('',#803,1.);
#803 = DIRECTION('',(-1.,0.,0.));
#804 = PCURVE('',#33,#805);
#805 = DEFINITIONAL_REPRESENTATION('',(#806),#810);
#806 = LINE('',#807,#808);
#807 = CARTESIAN_POINT('',(-36.,-15.));
#808 = VECTOR('',#809,1.);
#809 = DIRECTION('',(-1.,0.));
#810 = ( GEOMETRIC_REPRESENTATION_CONTEXT(2) 
PARAMETRIC_REPRESENTATION_CONTEXT() REPRESENTATION_CONTEXT('2D SPACE',''
  ) );
#811 = PCURVE('',#812,#817);
#812 = PLANE('',#813);
#813 = AXIS2_PLACEMENT_3D('',#814,#815,#816);
#814 = CARTESIAN_POINT('',(-72.,-15.,-1.));
#815 = DIRECTION('',(0.,1.,0.));
#816 = DIRECTION('',(1.,0.,0.));
#817 = DEFINITIONAL_REPRESENTATION('',(#818),#821);
#818 = B_SPLINE_CURVE_WITH_KNOTS('',1,(#819,#820),.UNSPECIFIED.,.F.,.F.,
  (2,2),(-108.,29.),.PIECEWISE_BEZIER_KNOTS.);
#819 = CARTESIAN_POINT('',(144.,-1.));
#820 = CARTESIAN_POINT('',(7.,-1.));
#821 = ( GEOMETRIC_REPRESENTATION_CONTEXT(2) 
PARAMETRIC_REPRESENTATION_CONTEXT() REPRESENTATION_CONTEXT('2D SPACE',''
  ) );
#822 = FACE_BOUND('',#823,.F.);
#823 = EDGE_LOOP('',(#824));
#824 = ORIENTED_EDGE('',*,*,#825,.T.);
#825 = EDGE_CURVE('',#826,#826,#828,.T.);
#826 = VERTEX_POINT('',#827);
#827 = CARTESIAN_POINT('',(-105.35,25.,0.));
#828 = SURFACE_CURVE('',#829,(#834,#845),.PCURVE_S1.);
#829 = CIRCLE('',#830,2.65);
#830 = AXIS2_PLACEMENT_3D('',#831,#832,#833);
#831 = CARTESIAN_POINT('',(-108.,25.,0.));
#832 = DIRECTION('',(0.,0.,-1.));
#833 = DIRECTION('',(1.,0.,0.));
#834 = PCURVE('',#33,#835);
#835 = DEFINITIONAL_REPRESENTATION('',(#836),#844);
#836 = ( BOUNDED_CURVE() B_SPLINE_CURVE(2,(#837,#838,#839,#840,#841,#842
,#843),.UNSPECIFIED.,.T.,.F.) B_SPLINE_CURVE_WITH_KNOTS((1,2,2,2,2,1),(
    -2.094395102393,0.,2.094395102393,4.188790204786,6.28318530718,
8.377580409573),.UNSPECIFIED.) CURVE() GEOMETRIC_REPRESENTATION_ITEM() 
RATIONAL_B_SPLINE_CURVE((1.,0.5,1.,0.5,1.,0.5,1.)) REPRESENTATION_ITEM(
  '') );
#837 = CARTESIAN_POINT('',(-105.35,25.));
#838 = CARTESIAN_POINT('',(-105.35,20.410065359942));
#839 = CARTESIAN_POINT('',(-109.325,22.705032679971));
#840 = CARTESIAN_POINT('',(-113.3,25.));
#841 = CARTESIAN_POINT('',(-109.325,27.294967320029));
#842 = CARTESIAN_POINT('',(-105.35,29.589934640058));
#843 = CARTESIAN_POINT('',(-105.35,25.));
#844 = ( GEOMETRIC_REPRESENTATION_CONTEXT(2) 
PARAMETRIC_REPRESENTATION_CONTEXT() REPRESENTATION_CONTEXT('2D SPACE',''
  ) );
#845 = PCURVE('',#846,#851);
#846 = CYLINDRICAL_SURFACE('',#847,2.65);
#847 = AXIS2_PLACEMENT_3D('',#848,#849,#850);
#848 = CARTESIAN_POINT('',(-108.,25.,-1.));
#849 = DIRECTION('',(-0.,-0.,-1.));
#850 = DIRECTION('',(1.,0.,0.));
#851 = DEFINITIONAL_REPRESENTATION('',(#852),#856);
#852 = LINE('',#853,#854);
#853 = CARTESIAN_POINT('',(-6.28318530718,-1.));
#854 = VECTOR('',#855,1.);
#855 = DIRECTION('',(1.,-0.));
#856 = ( GEOMETRIC_REPRESENTATION_CONTEXT(2) 
PARAMETRIC_REPRESENTATION_CONTEXT() REPRESENTATION_CONTEXT('2D SPACE',''
  ) );
#857 = FACE_BOUND('',#858,.F.);
#858 = EDGE_LOOP('',(#859));
#859 = ORIENTED_EDGE('',*,*,#860,.T.);
#860 = EDGE_CURVE('',#861,#861,#863,.T.);
#861 = VERTEX_POINT('',#862);
#862 = CARTESIAN_POINT('',(-65.35,25.,0.));
#863 = SURFACE_CURVE('',#864,(#869,#880),.PCURVE_S1.);
#864 = CIRCLE('',#865,2.65);
#865 = AXIS2_PLACEMENT_3D('',#866,#867,#868);
#866 = CARTESIAN_POINT('',(-68.,25.,0.));
#867 = DIRECTION('',(0.,0.,-1.));
#868 = DIRECTION('',(1.,0.,0.));
#869 = PCURVE('',#33,#870);
#870 = DEFINITIONAL_REPRESENTATION('',(#871),#879);
#871 = ( BOUNDED_CURVE() B_SPLINE_CURVE(2,(#872,#873,#874,#875,#876,#877
,#878),.UNSPECIFIED.,.T.,.F.) B_SPLINE_CURVE_WITH_KNOTS((1,2,2,2,2,1),(
    -2.094395102393,0.,2.094395102393,4.188790204786,6.28318530718,
8.377580409573),.UNSPECIFIED.) CURVE() GEOMETRIC_REPRESENTATION_ITEM() 
RATIONAL_B_SPLINE_CURVE((1.,0.5,1.,0.5,1.,0.5,1.)) REPRESENTATION_ITEM(
  '') );
#872 = CARTESIAN_POINT('',(-65.35,25.));
#873 = CARTESIAN_POINT('',(-65.35,20.410065359942));
#874 = CARTESIAN_POINT('',(-69.325,22.705032679971));
#875 = CARTESIAN_POINT('',(-73.3,25.));
#876 = CARTESIAN_POINT('',(-69.325,27.294967320029));
#877 = CARTESIAN_POINT('',(-65.35,29.589934640058));
#878 = CARTESIAN_POINT('',(-65.35,25.));
#879 = ( GEOMETRIC_REPRESENTATION_CONTEXT(2) 
PARAMETRIC_REPRESENTATION_CONTEXT() REPRESENTATION_CONTEXT('2D SPACE',''
  ) );
#880 = PCURVE('',#881,#886);
#881 = CYLINDRICAL_SURFACE('',#882,2.65);
#882 = AXIS2_PLACEMENT_3D('',#883,#884,#885);
#883 = CARTESIAN_POINT('',(-68.,25.,-1.));
#884 = DIRECTION('',(-0.,-0.,-1.));
#885 = DIRECTION('',(1.,0.,0.));
#886 = DEFINITIONAL_REPRESENTATION('',(#887),#891);
#887 = LINE('',#888,#889);
#888 = CARTESIAN_POINT('',(-6.28318530718,-1.));
#889 = VECTOR('',#890,1.);
#890 = DIRECTION('',(1.,-0.));
#891 = ( GEOMETRIC_REPRESENTATION_CONTEXT(2) 
PARAMETRIC_REPRESENTATION_CONTEXT() REPRESENTATION_CONTEXT('2D SPACE',''
  ) );
#892 = ADVANCED_FACE('',(#893),#49,.T.);
#893 = FACE_BOUND('',#894,.F.);
#894 = EDGE_LOOP('',(#895,#918,#919,#942,#969,#1084));
#895 = ORIENTED_EDGE('',*,*,#896,.F.);
#896 = EDGE_CURVE('',#22,#897,#899,.T.);
#897 = VERTEX_POINT('',#898);
#898 = CARTESIAN_POINT('',(-73.,-18.,15.1));
#899 = SURFACE_CURVE('',#900,(#904,#911),.PCURVE_S1.);
#900 = LINE('',#901,#902);
#901 = CARTESIAN_POINT('',(-73.,-18.,0.));
#902 = VECTOR('',#903,1.);
#903 = DIRECTION('',(0.,0.,1.));
#904 = PCURVE('',#49,#905);
#905 = DEFINITIONAL_REPRESENTATION('',(#906),#910);
#906 = LINE('',#907,#908);
#907 = CARTESIAN_POINT('',(-0.,0.));
#908 = VECTOR('',#909,1.);
#909 = DIRECTION('',(-0.,1.));
#910 = ( GEOMETRIC_REPRESENTATION_CONTEXT(2) 
PARAMETRIC_REPRESENTATION_CONTEXT() REPRESENTATION_CONTEXT('2D SPACE',''
  ) );
#911 = PCURVE('',#77,#912);
#912 = DEFINITIONAL_REPRESENTATION('',(#913),#917);
#913 = LINE('',#914,#915);
#914 = CARTESIAN_POINT('',(15.1,-2.));
#915 = VECTOR('',#916,1.);
#916 = DIRECTION('',(-1.,0.));
#917 = ( GEOMETRIC_REPRESENTATION_CONTEXT(2) 
PARAMETRIC_REPRESENTATION_CONTEXT() REPRESENTATION_CONTEXT('2D SPACE',''
  ) );
#918 = ORIENTED_EDGE('',*,*,#21,.T.);
#919 = ORIENTED_EDGE('',*,*,#920,.T.);
#920 = EDGE_CURVE('',#24,#921,#923,.T.);
#921 = VERTEX_POINT('',#922);
#922 = CARTESIAN_POINT('',(-75.,-16.,9.6));
#923 = SURFACE_CURVE('',#924,(#928,#935),.PCURVE_S1.);
#924 = LINE('',#925,#926);
#925 = CARTESIAN_POINT('',(-75.,-16.,0.));
#926 = VECTOR('',#927,1.);
#927 = DIRECTION('',(0.,0.,1.));
#928 = PCURVE('',#49,#929);
#929 = DEFINITIONAL_REPRESENTATION('',(#930),#934);
#930 = LINE('',#931,#932);
#931 = CARTESIAN_POINT('',(-1.570796326795,0.));
#932 = VECTOR('',#933,1.);
#933 = DIRECTION('',(-0.,1.));
#934 = ( GEOMETRIC_REPRESENTATION_CONTEXT(2) 
PARAMETRIC_REPRESENTATION_CONTEXT() REPRESENTATION_CONTEXT('2D SPACE',''
  ) );
#935 = PCURVE('',#590,#936);
#936 = DEFINITIONAL_REPRESENTATION('',(#937),#941);
#937 = LINE('',#938,#939);
#938 = CARTESIAN_POINT('',(-5.147391179835,13.491735194791));
#939 = VECTOR('',#940,1.);
#940 = DIRECTION('',(1.,0.));
#941 = ( GEOMETRIC_REPRESENTATION_CONTEXT(2) 
PARAMETRIC_REPRESENTATION_CONTEXT() REPRESENTATION_CONTEXT('2D SPACE',''
  ) );
#942 = ORIENTED_EDGE('',*,*,#943,.T.);
#943 = EDGE_CURVE('',#921,#944,#946,.T.);
#944 = VERTEX_POINT('',#945);
#945 = CARTESIAN_POINT('',(-75.,-16.,15.1));
#946 = SURFACE_CURVE('',#947,(#951,#957),.PCURVE_S1.);
#947 = LINE('',#948,#949);
#948 = CARTESIAN_POINT('',(-75.,-16.,9.6));
#949 = VECTOR('',#950,1.);
#950 = DIRECTION('',(0.,0.,1.));
#951 = PCURVE('',#49,#952);
#952 = DEFINITIONAL_REPRESENTATION('',(#953),#956);
#953 = B_SPLINE_CURVE_WITH_KNOTS('',1,(#954,#955),.UNSPECIFIED.,.F.,.F.,
  (2,2),(0.,5.5),.PIECEWISE_BEZIER_KNOTS.);
#954 = CARTESIAN_POINT('',(-1.570796326795,9.6));
#955 = CARTESIAN_POINT('',(-1.570796326795,15.1));
#956 = ( GEOMETRIC_REPRESENTATION_CONTEXT(2) 
PARAMETRIC_REPRESENTATION_CONTEXT() REPRESENTATION_CONTEXT('2D SPACE',''
  ) );
#957 = PCURVE('',#958,#963);
#958 = PLANE('',#959);
#959 = AXIS2_PLACEMENT_3D('',#960,#961,#962);
#960 = CARTESIAN_POINT('',(-75.,-16.,9.6));
#961 = DIRECTION('',(0.,-1.,0.));
#962 = DIRECTION('',(0.,0.,1.));
#963 = DEFINITIONAL_REPRESENTATION('',(#964),#968);
#964 = LINE('',#965,#966);
#965 = CARTESIAN_POINT('',(0.,0.));
#966 = VECTOR('',#967,1.);
#967 = DIRECTION('',(1.,0.));
#968 = ( GEOMETRIC_REPRESENTATION_CONTEXT(2) 
PARAMETRIC_REPRESENTATION_CONTEXT() REPRESENTATION_CONTEXT('2D SPACE',''
  ) );
#969 = ORIENTED_EDGE('',*,*,#970,.F.);
#970 = EDGE_CURVE('',#971,#944,#973,.T.);
#971 = VERTEX_POINT('',#972);
#972 = CARTESIAN_POINT('',(-74.73205080756,-17.,16.1));
#973 = SURFACE_CURVE('',#974,(#1007,#1043),.PCURVE_S1.);
#974 = B_SPLINE_CURVE_WITH_KNOTS('',7,(#975,#976,#977,#978,#979,#980,
    #981,#982,#983,#984,#985,#986,#987,#988,#989,#990,#991,#992,#993,
    #994,#995,#996,#997,#998,#999,#1000,#1001,#1002,#1003,#1004,#1005,
    #1006),.UNSPECIFIED.,.F.,.F.,(8,6,6,6,6,8),(0.,6.550790093391E-02,
    0.199786217967,0.39181994929,0.503423624562,1.),.UNSPECIFIED.);
#975 = CARTESIAN_POINT('',(-74.73205080756,-17.,16.1));
#976 = CARTESIAN_POINT('',(-74.74019949922,-16.98588605203,16.1));
#977 = CARTESIAN_POINT('',(-74.74821404566,-16.97169461041,
    16.099767627351));
#978 = CARTESIAN_POINT('',(-74.75609084727,-16.95743183,16.099298213461)
  );
#979 = CARTESIAN_POINT('',(-74.76382646512,-16.94310434587,
    16.098587411737));
#980 = CARTESIAN_POINT('',(-74.77141762096,-16.92871927331,
    16.097631197587));
#981 = CARTESIAN_POINT('',(-74.77886119717,-16.91428420781,
    16.096425868418));
#982 = CARTESIAN_POINT('',(-74.80110353415,-16.87013225689,
    16.091979789462));
#983 = CARTESIAN_POINT('',(-74.81542483875,-16.84027238878,
    16.087929882963));
#984 = CARTESIAN_POINT('',(-74.8290875013,-16.81030652832,
    16.082789698364));
#985 = CARTESIAN_POINT('',(-74.84206958997,-16.78031537251,
    16.076539354505));
#986 = CARTESIAN_POINT('',(-74.85435748469,-16.75038054743,
    16.069167915894));
#987 = CARTESIAN_POINT('',(-74.86594547136,-16.72058374776,
    16.06067359377));
#988 = CARTESIAN_POINT('',(-74.89240911898,-16.64870605368,
    16.037321026201));
#989 = CARTESIAN_POINT('',(-74.90653975873,-16.60689595588,
    16.021310644401));
#990 = CARTESIAN_POINT('',(-74.91924101369,-16.56579896729,
    16.003059188536));
#991 = CARTESIAN_POINT('',(-74.93055520104,-16.52563721459,
    15.982629389992));
#992 = CARTESIAN_POINT('',(-74.94054849869,-16.48662528646,
    15.960121469633));
#993 = CARTESIAN_POINT('',(-74.94930624717,-16.44896395331,
    15.935674282678));
#994 = CARTESIAN_POINT('',(-74.96135790931,-16.39183628316,
    15.894235342909));
#995 = CARTESIAN_POINT('',(-74.96540563308,-16.37134707198,
    15.878403255191));
#996 = CARTESIAN_POINT('',(-74.96909329827,-16.35138987049,
    15.861995061022));
#997 = CARTESIAN_POINT('',(-74.9724428401,-16.33198674962,
    15.845037414785));
#998 = CARTESIAN_POINT('',(-74.97547625368,-16.31315823408,
    15.827558764641));
#999 = CARTESIAN_POINT('',(-74.97821559392,-16.29492330242,
    15.809589352526));
#1000 = CARTESIAN_POINT('',(-74.99166149819,-16.19888243496,
    15.709165902301));
#1001 = CARTESIAN_POINT('',(-74.99721321474,-16.13284993024,
    15.618391747271));
#1002 = CARTESIAN_POINT('',(-74.99944884768,-16.07973374268,
    15.520921964342));
#1003 = CARTESIAN_POINT('',(-74.99999956894,-16.03982039903,
    15.4186360321));
#1004 = CARTESIAN_POINT('',(-75.00000009451,-16.01324156422,
    15.313285730043));
#1005 = CARTESIAN_POINT('',(-75.,-16.,15.206536009808));
#1006 = CARTESIAN_POINT('',(-75.,-16.,15.1));
#1007 = PCURVE('',#49,#1008);
#1008 = DEFINITIONAL_REPRESENTATION('',(#1009),#1042);
#1009 = B_SPLINE_CURVE_WITH_KNOTS('',7,(#1010,#1011,#1012,#1013,#1014,
    #1015,#1016,#1017,#1018,#1019,#1020,#1021,#1022,#1023,#1024,#1025,
    #1026,#1027,#1028,#1029,#1030,#1031,#1032,#1033,#1034,#1035,#1036,
    #1037,#1038,#1039,#1040,#1041),.UNSPECIFIED.,.F.,.F.,(8,6,6,6,6,8),(
    0.,6.550790093391E-02,0.199786217967,0.39181994929,0.503423624562,1.
    ),.UNSPECIFIED.);
#1010 = CARTESIAN_POINT('',(-1.047197551197,16.1));
#1011 = CARTESIAN_POINT('',(-1.055346242856,16.1));
#1012 = CARTESIAN_POINT('',(-1.063494949617,16.099767627351));
#1013 = CARTESIAN_POINT('',(-1.071641000455,16.099298213461));
#1014 = CARTESIAN_POINT('',(-1.079781544172,16.098587411737));
#1015 = CARTESIAN_POINT('',(-1.087913549398,16.097631197587));
#1016 = CARTESIAN_POINT('',(-1.096033804593,16.096425868418));
#1017 = CARTESIAN_POINT('',(-1.120752807023,16.091979789462));
#1018 = CARTESIAN_POINT('',(-1.137307986214,16.087929882963));
#1019 = CARTESIAN_POINT('',(-1.153769840836,16.082789698364));
#1020 = CARTESIAN_POINT('',(-1.170104626328,16.076539354505));
#1021 = CARTESIAN_POINT('',(-1.186279443397,16.069167915894));
#1022 = CARTESIAN_POINT('',(-1.202262213067,16.06067359377));
#1023 = CARTESIAN_POINT('',(-1.240559496102,16.037321026201));
#1024 = CARTESIAN_POINT('',(-1.262618175295,16.021310644401));
#1025 = CARTESIAN_POINT('',(-1.284114244272,16.003059188536));
#1026 = CARTESIAN_POINT('',(-1.304965564029,15.982629389992));
#1027 = CARTESIAN_POINT('',(-1.325092991192,15.960121469633));
#1028 = CARTESIAN_POINT('',(-1.344422067612,15.935674282678));
#1029 = CARTESIAN_POINT('',(-1.373614589157,15.894235342909));
#1030 = CARTESIAN_POINT('',(-1.384056349686,15.878403255191));
#1031 = CARTESIAN_POINT('',(-1.394202662034,15.861995061022));
#1032 = CARTESIAN_POINT('',(-1.404046530376,15.845037414785));
#1033 = CARTESIAN_POINT('',(-1.413581292568,15.827558764641));
#1034 = CARTESIAN_POINT('',(-1.422800620144,15.809589352526));
#1035 = CARTESIAN_POINT('',(-1.471289383182,15.709165902301));
#1036 = CARTESIAN_POINT('',(-1.504371637081,15.618391747271));
#1037 = CARTESIAN_POINT('',(-1.530929445792,15.520921964342));
#1038 = CARTESIAN_POINT('',(-1.550886101994,15.4186360321));
#1039 = CARTESIAN_POINT('',(-1.564175554274,15.313285730043));
#1040 = CARTESIAN_POINT('',(-1.570796326795,15.206536009808));
#1041 = CARTESIAN_POINT('',(-1.570796326795,15.1));
#1042 = ( GEOMETRIC_REPRESENTATION_CONTEXT(2) 
PARAMETRIC_REPRESENTATION_CONTEXT() REPRESENTATION_CONTEXT('2D SPACE',''
  ) );
#1043 = PCURVE('',#1044,#1049);
#1044 = CYLINDRICAL_SURFACE('',#1045,1.);
#1045 = AXIS2_PLACEMENT_3D('',#1046,#1047,#1048);
#1046 = CARTESIAN_POINT('',(-75.,-17.,15.1));
#1047 = DIRECTION('',(-1.,-0.,-0.));
#1048 = DIRECTION('',(-0.,1.,1.7763568394E-15));
#1049 = DEFINITIONAL_REPRESENTATION('',(#1050),#1083);
#1050 = B_SPLINE_CURVE_WITH_KNOTS('',7,(#1051,#1052,#1053,#1054,#1055,
    #1056,#1057,#1058,#1059,#1060,#1061,#1062,#1063,#1064,#1065,#1066,
    #1067,#1068,#1069,#1070,#1071,#1072,#1073,#1074,#1075,#1076,#1077,
    #1078,#1079,#1080,#1081,#1082),.UNSPECIFIED.,.F.,.F.,(8,6,6,6,6,8),(
    0.,6.550790093391E-02,0.199786217967,0.39181994929,0.503423624562,1.
    ),.UNSPECIFIED.);
#1051 = CARTESIAN_POINT('',(-1.570796326795,-0.267949192431));
#1052 = CARTESIAN_POINT('',(-1.556682378826,-0.259800500772));
#1053 = CARTESIAN_POINT('',(-1.542490946106,-0.251785954339));
#1054 = CARTESIAN_POINT('',(-1.528223570956,-0.243909152728));
#1055 = CARTESIAN_POINT('',(-1.513882071845,-0.236173534872));
#1056 = CARTESIAN_POINT('',(-1.499468543392,-0.228582379038));
#1057 = CARTESIAN_POINT('',(-1.484985356362,-0.22113880283));
#1058 = CARTESIAN_POINT('',(-1.440610111144,-0.198896465847));
#1059 = CARTESIAN_POINT('',(-1.41049471541,-0.184575161241));
#1060 = CARTESIAN_POINT('',(-1.380121317694,-0.170912498693));
#1061 = CARTESIAN_POINT('',(-1.349521041053,-0.157930410021));
#1062 = CARTESIAN_POINT('',(-1.318724227399,-0.145642515303));
#1063 = CARTESIAN_POINT('',(-1.287760880516,-0.134054528639));
#1064 = CARTESIAN_POINT('',(-1.212184790925,-0.107590881012));
#1065 = CARTESIAN_POINT('',(-1.167473467749,-9.3460241268E-02));
#1066 = CARTESIAN_POINT('',(-1.122604551288,-8.075898630882E-02));
#1067 = CARTESIAN_POINT('',(-1.077657544948,-6.944479895556E-02));
#1068 = CARTESIAN_POINT('',(-1.032717305041,-5.945150130666E-02));
#1069 = CARTESIAN_POINT('',(-0.98787730201,-5.069375282503E-02));
#1070 = CARTESIAN_POINT('',(-0.91730282769,-3.864209068669E-02));
#1071 = CARTESIAN_POINT('',(-0.891421557978,-3.459436691462E-02));
#1072 = CARTESIAN_POINT('',(-0.865603986514,-3.090670172728E-02));
#1073 = CARTESIAN_POINT('',(-0.839855759534,-2.755715989081E-02));
#1074 = CARTESIAN_POINT('',(-0.814183255515,-2.452374631907E-02));
#1075 = CARTESIAN_POINT('',(-0.788593585178,-2.178440607359E-02));
#1076 = CARTESIAN_POINT('',(-0.649637773577,-8.338501807209E-03));
#1077 = CARTESIAN_POINT('',(-0.53839610323,-2.786785255555E-03));
#1078 = CARTESIAN_POINT('',(-0.428857528243,-5.511523175025E-04));
#1079 = CARTESIAN_POINT('',(-0.320611076279,-4.310601903201E-07));
#1080 = CARTESIAN_POINT('',(-0.213285711465,9.45161721666E-08));
#1081 = CARTESIAN_POINT('',(-0.106536009808,0.));
#1082 = CARTESIAN_POINT('',(0.,0.));
#1083 = ( GEOMETRIC_REPRESENTATION_CONTEXT(2) 
PARAMETRIC_REPRESENTATION_CONTEXT() REPRESENTATION_CONTEXT('2D SPACE',''
  ) );
#1084 = ORIENTED_EDGE('',*,*,#1085,.F.);
#1085 = EDGE_CURVE('',#897,#971,#1086,.T.);
#1086 = SURFACE_CURVE('',#1087,(#1092,#1104),.PCURVE_S1.);
#1087 = ELLIPSE('',#1088,2.828427124746,2.);
#1088 = AXIS2_PLACEMENT_3D('',#1089,#1090,#1091);
#1089 = CARTESIAN_POINT('',(-73.,-16.,17.1));
#1090 = DIRECTION('',(0.,0.707106781187,-0.707106781187));
#1091 = DIRECTION('',(0.,0.707106781187,0.707106781187));
#1092 = PCURVE('',#49,#1093);
#1093 = DEFINITIONAL_REPRESENTATION('',(#1094),#1103);
#1094 = B_SPLINE_CURVE_WITH_KNOTS('',7,(#1095,#1096,#1097,#1098,#1099,
    #1100,#1101,#1102),.UNSPECIFIED.,.F.,.F.,(8,8),(3.14159265359,
    4.245623641337),.PIECEWISE_BEZIER_KNOTS.);
#1095 = CARTESIAN_POINT('',(0.,15.1));
#1096 = CARTESIAN_POINT('',(-0.157718712535,15.1));
#1097 = CARTESIAN_POINT('',(-0.315437425071,15.158042259653));
#1098 = CARTESIAN_POINT('',(-0.473156137606,15.274125593049));
#1099 = CARTESIAN_POINT('',(-0.630874850141,15.444717383492));
#1100 = CARTESIAN_POINT('',(-0.788593562677,15.662729833146));
#1101 = CARTESIAN_POINT('',(-0.946312275212,15.918305372104));
#1102 = CARTESIAN_POINT('',(-1.104030987748,16.2));
#1103 = ( GEOMETRIC_REPRESENTATION_CONTEXT(2) 
PARAMETRIC_REPRESENTATION_CONTEXT() REPRESENTATION_CONTEXT('2D SPACE',''
  ) );
#1104 = PCURVE('',#1105,#1110);
#1105 = PLANE('',#1106);
#1106 = AXIS2_PLACEMENT_3D('',#1107,#1108,#1109);
#1107 = CARTESIAN_POINT('',(-75.,-17.,16.1));
#1108 = DIRECTION('',(0.,0.707106781187,-0.707106781187));
#1109 = DIRECTION('',(0.,-0.707106781187,-0.707106781187));
#1110 = DEFINITIONAL_REPRESENTATION('',(#1111),#1115);
#1111 = ELLIPSE('',#1112,2.828427124746,2.);
#1112 = AXIS2_PLACEMENT_2D('',#1113,#1114);
#1113 = CARTESIAN_POINT('',(-1.414213562373,-2.));
#1114 = DIRECTION('',(-1.,0.));
#1115 = ( GEOMETRIC_REPRESENTATION_CONTEXT(2) 
PARAMETRIC_REPRESENTATION_CONTEXT() REPRESENTATION_CONTEXT('2D SPACE',''
  ) );
#1116 = ADVANCED_FACE('',(#1117,#1165,#1391,#1561,#2395,#2621),#77,.F.);
#1117 = FACE_BOUND('',#1118,.F.);
#1118 = EDGE_LOOP('',(#1119,#1120,#1143,#1164));
#1119 = ORIENTED_EDGE('',*,*,#896,.T.);
#1120 = ORIENTED_EDGE('',*,*,#1121,.T.);
#1121 = EDGE_CURVE('',#897,#1122,#1124,.T.);
#1122 = VERTEX_POINT('',#1123);
#1123 = CARTESIAN_POINT('',(73.,-18.,15.1));
#1124 = SURFACE_CURVE('',#1125,(#1129,#1136),.PCURVE_S1.);
#1125 = LINE('',#1126,#1127);
#1126 = CARTESIAN_POINT('',(-75.,-18.,15.1));
#1127 = VECTOR('',#1128,1.);
#1128 = DIRECTION('',(1.,0.,0.));
#1129 = PCURVE('',#77,#1130);
#1130 = DEFINITIONAL_REPRESENTATION('',(#1131),#1135);
#1131 = LINE('',#1132,#1133);
#1132 = CARTESIAN_POINT('',(0.,0.));
#1133 = VECTOR('',#1134,1.);
#1134 = DIRECTION('',(0.,-1.));
#1135 = ( GEOMETRIC_REPRESENTATION_CONTEXT(2) 
PARAMETRIC_REPRESENTATION_CONTEXT() REPRESENTATION_CONTEXT('2D SPACE',''
  ) );
#1136 = PCURVE('',#1105,#1137);
#1137 = DEFINITIONAL_REPRESENTATION('',(#1138),#1142);
#1138 = LINE('',#1139,#1140);
#1139 = CARTESIAN_POINT('',(1.414213562373,0.));
#1140 = VECTOR('',#1141,1.);
#1141 = DIRECTION('',(0.,-1.));
#1142 = ( GEOMETRIC_REPRESENTATION_CONTEXT(2) 
PARAMETRIC_REPRESENTATION_CONTEXT() REPRESENTATION_CONTEXT('2D SPACE',''
  ) );
#1143 = ORIENTED_EDGE('',*,*,#1144,.F.);
#1144 = EDGE_CURVE('',#62,#1122,#1145,.T.);
#1145 = SURFACE_CURVE('',#1146,(#1150,#1157),.PCURVE_S1.);
#1146 = LINE('',#1147,#1148);
#1147 = CARTESIAN_POINT('',(73.,-18.,0.));
#1148 = VECTOR('',#1149,1.);
#1149 = DIRECTION('',(0.,0.,1.));
#1150 = PCURVE('',#77,#1151);
#1151 = DEFINITIONAL_REPRESENTATION('',(#1152),#1156);
#1152 = LINE('',#1153,#1154);
#1153 = CARTESIAN_POINT('',(15.1,-148.));
#1154 = VECTOR('',#1155,1.);
#1155 = DIRECTION('',(-1.,0.));
#1156 = ( GEOMETRIC_REPRESENTATION_CONTEXT(2) 
PARAMETRIC_REPRESENTATION_CONTEXT() REPRESENTATION_CONTEXT('2D SPACE',''
  ) );
#1157 = PCURVE('',#106,#1158);
#1158 = DEFINITIONAL_REPRESENTATION('',(#1159),#1163);
#1159 = LINE('',#1160,#1161);
#1160 = CARTESIAN_POINT('',(0.,0.));
#1161 = VECTOR('',#1162,1.);
#1162 = DIRECTION('',(0.,1.));
#1163 = ( GEOMETRIC_REPRESENTATION_CONTEXT(2) 
PARAMETRIC_REPRESENTATION_CONTEXT() REPRESENTATION_CONTEXT('2D SPACE',''
  ) );
#1164 = ORIENTED_EDGE('',*,*,#61,.F.);
#1165 = FACE_BOUND('',#1166,.F.);
#1166 = EDGE_LOOP('',(#1167,#1197,#1225,#1253,#1281,#1309,#1337,#1365));
#1167 = ORIENTED_EDGE('',*,*,#1168,.F.);
#1168 = EDGE_CURVE('',#1169,#1171,#1173,.T.);
#1169 = VERTEX_POINT('',#1170);
#1170 = CARTESIAN_POINT('',(6.04296875,-18.,5.62666015625));
#1171 = VERTEX_POINT('',#1172);
#1172 = CARTESIAN_POINT('',(5.7216796875,-18.,6.55634765625));
#1173 = SURFACE_CURVE('',#1174,(#1178,#1185),.PCURVE_S1.);
#1174 = LINE('',#1175,#1176);
#1175 = CARTESIAN_POINT('',(6.04296875,-18.,5.62666015625));
#1176 = VECTOR('',#1177,1.);
#1177 = DIRECTION('',(-0.326633135958,0.,0.945151201922));
#1178 = PCURVE('',#77,#1179);
#1179 = DEFINITIONAL_REPRESENTATION('',(#1180),#1184);
#1180 = LINE('',#1181,#1182);
#1181 = CARTESIAN_POINT('',(9.47333984375,-81.04296875));
#1182 = VECTOR('',#1183,1.);
#1183 = DIRECTION('',(-0.945151201922,0.326633135958));
#1184 = ( GEOMETRIC_REPRESENTATION_CONTEXT(2) 
PARAMETRIC_REPRESENTATION_CONTEXT() REPRESENTATION_CONTEXT('2D SPACE',''
  ) );
#1185 = PCURVE('',#1186,#1191);
#1186 = PLANE('',#1187);
#1187 = AXIS2_PLACEMENT_3D('',#1188,#1189,#1190);
#1188 = CARTESIAN_POINT('',(6.04296875,-18.,5.62666015625));
#1189 = DIRECTION('',(-0.945151201922,-0.,-0.326633135958));
#1190 = DIRECTION('',(-0.326633135958,0.,0.945151201922));
#1191 = DEFINITIONAL_REPRESENTATION('',(#1192),#1196);
#1192 = LINE('',#1193,#1194);
#1193 = CARTESIAN_POINT('',(0.,0.));
#1194 = VECTOR('',#1195,1.);
#1195 = DIRECTION('',(1.,0.));
#1196 = ( GEOMETRIC_REPRESENTATION_CONTEXT(2) 
PARAMETRIC_REPRESENTATION_CONTEXT() REPRESENTATION_CONTEXT('2D SPACE',''
  ) );
#1197 = ORIENTED_EDGE('',*,*,#1198,.F.);
#1198 = EDGE_CURVE('',#1199,#1169,#1201,.T.);
#1199 = VERTEX_POINT('',#1200);
#1200 = CARTESIAN_POINT('',(7.36572265625,-18.,5.62666015625));
#1201 = SURFACE_CURVE('',#1202,(#1206,#1213),.PCURVE_S1.);
#1202 = LINE('',#1203,#1204);
#1203 = CARTESIAN_POINT('',(7.36572265625,-18.,5.62666015625));
#1204 = VECTOR('',#1205,1.);
#1205 = DIRECTION('',(-1.,0.,0.));
#1206 = PCURVE('',#77,#1207);
#1207 = DEFINITIONAL_REPRESENTATION('',(#1208),#1212);
#1208 = LINE('',#1209,#1210);
#1209 = CARTESIAN_POINT('',(9.47333984375,-82.36572265625));
#1210 = VECTOR('',#1211,1.);
#1211 = DIRECTION('',(0.,1.));
#1212 = ( GEOMETRIC_REPRESENTATION_CONTEXT(2) 
PARAMETRIC_REPRESENTATION_CONTEXT() REPRESENTATION_CONTEXT('2D SPACE',''
  ) );
#1213 = PCURVE('',#1214,#1219);
#1214 = PLANE('',#1215);
#1215 = AXIS2_PLACEMENT_3D('',#1216,#1217,#1218);
#1216 = CARTESIAN_POINT('',(7.36572265625,-18.,5.62666015625));
#1217 = DIRECTION('',(0.,0.,-1.));
#1218 = DIRECTION('',(-1.,0.,0.));
#1219 = DEFINITIONAL_REPRESENTATION('',(#1220),#1224);
#1220 = LINE('',#1221,#1222);
#1221 = CARTESIAN_POINT('',(0.,-0.));
#1222 = VECTOR('',#1223,1.);
#1223 = DIRECTION('',(1.,0.));
#1224 = ( GEOMETRIC_REPRESENTATION_CONTEXT(2) 
PARAMETRIC_REPRESENTATION_CONTEXT() REPRESENTATION_CONTEXT('2D SPACE',''
  ) );
#1225 = ORIENTED_EDGE('',*,*,#1226,.F.);
#1226 = EDGE_CURVE('',#1227,#1199,#1229,.T.);
#1227 = VERTEX_POINT('',#1228);
#1228 = CARTESIAN_POINT('',(5.4755859375,-18.,10.7296875));
#1229 = SURFACE_CURVE('',#1230,(#1234,#1241),.PCURVE_S1.);
#1230 = LINE('',#1231,#1232);
#1231 = CARTESIAN_POINT('',(5.4755859375,-18.,10.7296875));
#1232 = VECTOR('',#1233,1.);
#1233 = DIRECTION('',(0.347334812292,0.,-0.937741184));
#1234 = PCURVE('',#77,#1235);
#1235 = DEFINITIONAL_REPRESENTATION('',(#1236),#1240);
#1236 = LINE('',#1237,#1238);
#1237 = CARTESIAN_POINT('',(4.3703125,-80.4755859375));
#1238 = VECTOR('',#1239,1.);
#1239 = DIRECTION('',(0.937741184,-0.347334812292));
#1240 = ( GEOMETRIC_REPRESENTATION_CONTEXT(2) 
PARAMETRIC_REPRESENTATION_CONTEXT() REPRESENTATION_CONTEXT('2D SPACE',''
  ) );
#1241 = PCURVE('',#1242,#1247);
#1242 = PLANE('',#1243);
#1243 = AXIS2_PLACEMENT_3D('',#1244,#1245,#1246);
#1244 = CARTESIAN_POINT('',(5.4755859375,-18.,10.7296875));
#1245 = DIRECTION('',(0.937741184,0.,0.347334812292));
#1246 = DIRECTION('',(0.347334812292,0.,-0.937741184));
#1247 = DEFINITIONAL_REPRESENTATION('',(#1248),#1252);
#1248 = LINE('',#1249,#1250);
#1249 = CARTESIAN_POINT('',(0.,0.));
#1250 = VECTOR('',#1251,1.);
#1251 = DIRECTION('',(1.,0.));
#1252 = ( GEOMETRIC_REPRESENTATION_CONTEXT(2) 
PARAMETRIC_REPRESENTATION_CONTEXT() REPRESENTATION_CONTEXT('2D SPACE',''
  ) );
#1253 = ORIENTED_EDGE('',*,*,#1254,.F.);
#1254 = EDGE_CURVE('',#1255,#1227,#1257,.T.);
#1255 = VERTEX_POINT('',#1256);
#1256 = CARTESIAN_POINT('',(3.90673828125,-18.,10.7296875));
#1257 = SURFACE_CURVE('',#1258,(#1262,#1269),.PCURVE_S1.);
#1258 = LINE('',#1259,#1260);
#1259 = CARTESIAN_POINT('',(3.90673828125,-18.,10.7296875));
#1260 = VECTOR('',#1261,1.);
#1261 = DIRECTION('',(1.,0.,0.));
#1262 = PCURVE('',#77,#1263);
#1263 = DEFINITIONAL_REPRESENTATION('',(#1264),#1268);
#1264 = LINE('',#1265,#1266);
#1265 = CARTESIAN_POINT('',(4.3703125,-78.90673828125));
#1266 = VECTOR('',#1267,1.);
#1267 = DIRECTION('',(0.,-1.));
#1268 = ( GEOMETRIC_REPRESENTATION_CONTEXT(2) 
PARAMETRIC_REPRESENTATION_CONTEXT() REPRESENTATION_CONTEXT('2D SPACE',''
  ) );
#1269 = PCURVE('',#1270,#1275);
#1270 = PLANE('',#1271);
#1271 = AXIS2_PLACEMENT_3D('',#1272,#1273,#1274);
#1272 = CARTESIAN_POINT('',(3.90673828125,-18.,10.7296875));
#1273 = DIRECTION('',(0.,0.,1.));
#1274 = DIRECTION('',(1.,0.,0.));
#1275 = DEFINITIONAL_REPRESENTATION('',(#1276),#1280);
#1276 = LINE('',#1277,#1278);
#1277 = CARTESIAN_POINT('',(0.,0.));
#1278 = VECTOR('',#1279,1.);
#1279 = DIRECTION('',(1.,0.));
#1280 = ( GEOMETRIC_REPRESENTATION_CONTEXT(2) 
PARAMETRIC_REPRESENTATION_CONTEXT() REPRESENTATION_CONTEXT('2D SPACE',''
  ) );
#1281 = ORIENTED_EDGE('',*,*,#1282,.F.);
#1282 = EDGE_CURVE('',#1283,#1255,#1285,.T.);
#1283 = VERTEX_POINT('',#1284);
#1284 = CARTESIAN_POINT('',(2.0166015625,-18.,5.62666015625));
#1285 = SURFACE_CURVE('',#1286,(#1290,#1297),.PCURVE_S1.);
#1286 = LINE('',#1287,#1288);
#1287 = CARTESIAN_POINT('',(2.0166015625,-18.,5.62666015625));
#1288 = VECTOR('',#1289,1.);
#1289 = DIRECTION('',(0.347334812292,0.,0.937741184));
#1290 = PCURVE('',#77,#1291);
#1291 = DEFINITIONAL_REPRESENTATION('',(#1292),#1296);
#1292 = LINE('',#1293,#1294);
#1293 = CARTESIAN_POINT('',(9.47333984375,-77.0166015625));
#1294 = VECTOR('',#1295,1.);
#1295 = DIRECTION('',(-0.937741184,-0.347334812292));
#1296 = ( GEOMETRIC_REPRESENTATION_CONTEXT(2) 
PARAMETRIC_REPRESENTATION_CONTEXT() REPRESENTATION_CONTEXT('2D SPACE',''
  ) );
#1297 = PCURVE('',#1298,#1303);
#1298 = PLANE('',#1299);
#1299 = AXIS2_PLACEMENT_3D('',#1300,#1301,#1302);
#1300 = CARTESIAN_POINT('',(2.0166015625,-18.,5.62666015625));
#1301 = DIRECTION('',(-0.937741184,0.,0.347334812292));
#1302 = DIRECTION('',(0.347334812292,0.,0.937741184));
#1303 = DEFINITIONAL_REPRESENTATION('',(#1304),#1308);
#1304 = LINE('',#1305,#1306);
#1305 = CARTESIAN_POINT('',(0.,0.));
#1306 = VECTOR('',#1307,1.);
#1307 = DIRECTION('',(1.,0.));
#1308 = ( GEOMETRIC_REPRESENTATION_CONTEXT(2) 
PARAMETRIC_REPRESENTATION_CONTEXT() REPRESENTATION_CONTEXT('2D SPACE',''
  ) );
#1309 = ORIENTED_EDGE('',*,*,#1310,.F.);
#1310 = EDGE_CURVE('',#1311,#1283,#1313,.T.);
#1311 = VERTEX_POINT('',#1312);
#1312 = CARTESIAN_POINT('',(3.33935546875,-18.,5.62666015625));
#1313 = SURFACE_CURVE('',#1314,(#1318,#1325),.PCURVE_S1.);
#1314 = LINE('',#1315,#1316);
#1315 = CARTESIAN_POINT('',(3.33935546875,-18.,5.62666015625));
#1316 = VECTOR('',#1317,1.);
#1317 = DIRECTION('',(-1.,0.,0.));
#1318 = PCURVE('',#77,#1319);
#1319 = DEFINITIONAL_REPRESENTATION('',(#1320),#1324);
#1320 = LINE('',#1321,#1322);
#1321 = CARTESIAN_POINT('',(9.47333984375,-78.33935546875));
#1322 = VECTOR('',#1323,1.);
#1323 = DIRECTION('',(0.,1.));
#1324 = ( GEOMETRIC_REPRESENTATION_CONTEXT(2) 
PARAMETRIC_REPRESENTATION_CONTEXT() REPRESENTATION_CONTEXT('2D SPACE',''
  ) );
#1325 = PCURVE('',#1326,#1331);
#1326 = PLANE('',#1327);
#1327 = AXIS2_PLACEMENT_3D('',#1328,#1329,#1330);
#1328 = CARTESIAN_POINT('',(3.33935546875,-18.,5.62666015625));
#1329 = DIRECTION('',(0.,0.,-1.));
#1330 = DIRECTION('',(-1.,0.,0.));
#1331 = DEFINITIONAL_REPRESENTATION('',(#1332),#1336);
#1332 = LINE('',#1333,#1334);
#1333 = CARTESIAN_POINT('',(0.,-0.));
#1334 = VECTOR('',#1335,1.);
#1335 = DIRECTION('',(1.,0.));
#1336 = ( GEOMETRIC_REPRESENTATION_CONTEXT(2) 
PARAMETRIC_REPRESENTATION_CONTEXT() REPRESENTATION_CONTEXT('2D SPACE',''
  ) );
#1337 = ORIENTED_EDGE('',*,*,#1338,.F.);
#1338 = EDGE_CURVE('',#1339,#1311,#1341,.T.);
#1339 = VERTEX_POINT('',#1340);
#1340 = CARTESIAN_POINT('',(3.6640625,-18.,6.55634765625));
#1341 = SURFACE_CURVE('',#1342,(#1346,#1353),.PCURVE_S1.);
#1342 = LINE('',#1343,#1344);
#1343 = CARTESIAN_POINT('',(3.6640625,-18.,6.55634765625));
#1344 = VECTOR('',#1345,1.);
#1345 = DIRECTION('',(-0.32973193734,-0.,-0.944074599541));
#1346 = PCURVE('',#77,#1347);
#1347 = DEFINITIONAL_REPRESENTATION('',(#1348),#1352);
#1348 = LINE('',#1349,#1350);
#1349 = CARTESIAN_POINT('',(8.54365234375,-78.6640625));
#1350 = VECTOR('',#1351,1.);
#1351 = DIRECTION('',(0.944074599541,0.32973193734));
#1352 = ( GEOMETRIC_REPRESENTATION_CONTEXT(2) 
PARAMETRIC_REPRESENTATION_CONTEXT() REPRESENTATION_CONTEXT('2D SPACE',''
  ) );
#1353 = PCURVE('',#1354,#1359);
#1354 = PLANE('',#1355);
#1355 = AXIS2_PLACEMENT_3D('',#1356,#1357,#1358);
#1356 = CARTESIAN_POINT('',(3.6640625,-18.,6.55634765625));
#1357 = DIRECTION('',(0.944074599541,0.,-0.32973193734));
#1358 = DIRECTION('',(-0.32973193734,-0.,-0.944074599541));
#1359 = DEFINITIONAL_REPRESENTATION('',(#1360),#1364);
#1360 = LINE('',#1361,#1362);
#1361 = CARTESIAN_POINT('',(0.,0.));
#1362 = VECTOR('',#1363,1.);
#1363 = DIRECTION('',(1.,0.));
#1364 = ( GEOMETRIC_REPRESENTATION_CONTEXT(2) 
PARAMETRIC_REPRESENTATION_CONTEXT() REPRESENTATION_CONTEXT('2D SPACE',''
  ) );
#1365 = ORIENTED_EDGE('',*,*,#1366,.F.);
#1366 = EDGE_CURVE('',#1171,#1339,#1367,.T.);
#1367 = SURFACE_CURVE('',#1368,(#1372,#1379),.PCURVE_S1.);
#1368 = LINE('',#1369,#1370);
#1369 = CARTESIAN_POINT('',(5.7216796875,-18.,6.55634765625));
#1370 = VECTOR('',#1371,1.);
#1371 = DIRECTION('',(-1.,0.,0.));
#1372 = PCURVE('',#77,#1373);
#1373 = DEFINITIONAL_REPRESENTATION('',(#1374),#1378);
#1374 = LINE('',#1375,#1376);
#1375 = CARTESIAN_POINT('',(8.54365234375,-80.7216796875));
#1376 = VECTOR('',#1377,1.);
#1377 = DIRECTION('',(0.,1.));
#1378 = ( GEOMETRIC_REPRESENTATION_CONTEXT(2) 
PARAMETRIC_REPRESENTATION_CONTEXT() REPRESENTATION_CONTEXT('2D SPACE',''
  ) );
#1379 = PCURVE('',#1380,#1385);
#1380 = PLANE('',#1381);
#1381 = AXIS2_PLACEMENT_3D('',#1382,#1383,#1384);
#1382 = CARTESIAN_POINT('',(5.7216796875,-18.,6.55634765625));
#1383 = DIRECTION('',(0.,0.,-1.));
#1384 = DIRECTION('',(-1.,0.,0.));
#1385 = DEFINITIONAL_REPRESENTATION('',(#1386),#1390);
#1386 = LINE('',#1387,#1388);
#1387 = CARTESIAN_POINT('',(0.,-0.));
#1388 = VECTOR('',#1389,1.);
#1389 = DIRECTION('',(1.,0.));
#1390 = ( GEOMETRIC_REPRESENTATION_CONTEXT(2) 
PARAMETRIC_REPRESENTATION_CONTEXT() REPRESENTATION_CONTEXT('2D SPACE',''
  ) );
#1391 = FACE_BOUND('',#1392,.F.);
#1392 = EDGE_LOOP('',(#1393,#1423,#1451,#1479,#1507,#1535));
#1393 = ORIENTED_EDGE('',*,*,#1394,.F.);
#1394 = EDGE_CURVE('',#1395,#1397,#1399,.T.);
#1395 = VERTEX_POINT('',#1396);
#1396 = CARTESIAN_POINT('',(-1.83544921875,-18.,5.62666015625));
#1397 = VERTEX_POINT('',#1398);
#1398 = CARTESIAN_POINT('',(-1.83544921875,-18.,10.7296875));
#1399 = SURFACE_CURVE('',#1400,(#1404,#1411),.PCURVE_S1.);
#1400 = LINE('',#1401,#1402);
#1401 = CARTESIAN_POINT('',(-1.83544921875,-18.,5.62666015625));
#1402 = VECTOR('',#1403,1.);
#1403 = DIRECTION('',(0.,0.,1.));
#1404 = PCURVE('',#77,#1405);
#1405 = DEFINITIONAL_REPRESENTATION('',(#1406),#1410);
#1406 = LINE('',#1407,#1408);
#1407 = CARTESIAN_POINT('',(9.47333984375,-73.16455078125));
#1408 = VECTOR('',#1409,1.);
#1409 = DIRECTION('',(-1.,0.));
#1410 = ( GEOMETRIC_REPRESENTATION_CONTEXT(2) 
PARAMETRIC_REPRESENTATION_CONTEXT() REPRESENTATION_CONTEXT('2D SPACE',''
  ) );
#1411 = PCURVE('',#1412,#1417);
#1412 = PLANE('',#1413);
#1413 = AXIS2_PLACEMENT_3D('',#1414,#1415,#1416);
#1414 = CARTESIAN_POINT('',(-1.83544921875,-18.,5.62666015625));
#1415 = DIRECTION('',(-1.,0.,0.));
#1416 = DIRECTION('',(0.,0.,1.));
#1417 = DEFINITIONAL_REPRESENTATION('',(#1418),#1422);
#1418 = LINE('',#1419,#1420);
#1419 = CARTESIAN_POINT('',(0.,0.));
#1420 = VECTOR('',#1421,1.);
#1421 = DIRECTION('',(1.,0.));
#1422 = ( GEOMETRIC_REPRESENTATION_CONTEXT(2) 
PARAMETRIC_REPRESENTATION_CONTEXT() REPRESENTATION_CONTEXT('2D SPACE',''
  ) );
#1423 = ORIENTED_EDGE('',*,*,#1424,.F.);
#1424 = EDGE_CURVE('',#1425,#1395,#1427,.T.);
#1425 = VERTEX_POINT('',#1426);
#1426 = CARTESIAN_POINT('',(1.791015625,-18.,5.62666015625));
#1427 = SURFACE_CURVE('',#1428,(#1432,#1439),.PCURVE_S1.);
#1428 = LINE('',#1429,#1430);
#1429 = CARTESIAN_POINT('',(1.791015625,-18.,5.62666015625));
#1430 = VECTOR('',#1431,1.);
#1431 = DIRECTION('',(-1.,0.,0.));
#1432 = PCURVE('',#77,#1433);
#1433 = DEFINITIONAL_REPRESENTATION('',(#1434),#1438);
#1434 = LINE('',#1435,#1436);
#1435 = CARTESIAN_POINT('',(9.47333984375,-76.791015625));
#1436 = VECTOR('',#1437,1.);
#1437 = DIRECTION('',(0.,1.));
#1438 = ( GEOMETRIC_REPRESENTATION_CONTEXT(2) 
PARAMETRIC_REPRESENTATION_CONTEXT() REPRESENTATION_CONTEXT('2D SPACE',''
  ) );
#1439 = PCURVE('',#1440,#1445);
#1440 = PLANE('',#1441);
#1441 = AXIS2_PLACEMENT_3D('',#1442,#1443,#1444);
#1442 = CARTESIAN_POINT('',(1.791015625,-18.,5.62666015625));
#1443 = DIRECTION('',(0.,0.,-1.));
#1444 = DIRECTION('',(-1.,0.,0.));
#1445 = DEFINITIONAL_REPRESENTATION('',(#1446),#1450);
#1446 = LINE('',#1447,#1448);
#1447 = CARTESIAN_POINT('',(0.,-0.));
#1448 = VECTOR('',#1449,1.);
#1449 = DIRECTION('',(1.,0.));
#1450 = ( GEOMETRIC_REPRESENTATION_CONTEXT(2) 
PARAMETRIC_REPRESENTATION_CONTEXT() REPRESENTATION_CONTEXT('2D SPACE',''
  ) );
#1451 = ORIENTED_EDGE('',*,*,#1452,.F.);
#1452 = EDGE_CURVE('',#1453,#1425,#1455,.T.);
#1453 = VERTEX_POINT('',#1454);
#1454 = CARTESIAN_POINT('',(1.791015625,-18.,6.6212890625));
#1455 = SURFACE_CURVE('',#1456,(#1460,#1467),.PCURVE_S1.);
#1456 = LINE('',#1457,#1458);
#1457 = CARTESIAN_POINT('',(1.791015625,-18.,6.6212890625));
#1458 = VECTOR('',#1459,1.);
#1459 = DIRECTION('',(0.,0.,-1.));
#1460 = PCURVE('',#77,#1461);
#1461 = DEFINITIONAL_REPRESENTATION('',(#1462),#1466);
#1462 = LINE('',#1463,#1464);
#1463 = CARTESIAN_POINT('',(8.4787109375,-76.791015625));
#1464 = VECTOR('',#1465,1.);
#1465 = DIRECTION('',(1.,0.));
#1466 = ( GEOMETRIC_REPRESENTATION_CONTEXT(2) 
PARAMETRIC_REPRESENTATION_CONTEXT() REPRESENTATION_CONTEXT('2D SPACE',''
  ) );
#1467 = PCURVE('',#1468,#1473);
#1468 = PLANE('',#1469);
#1469 = AXIS2_PLACEMENT_3D('',#1470,#1471,#1472);
#1470 = CARTESIAN_POINT('',(1.791015625,-18.,6.6212890625));
#1471 = DIRECTION('',(1.,0.,0.));
#1472 = DIRECTION('',(0.,0.,-1.));
#1473 = DEFINITIONAL_REPRESENTATION('',(#1474),#1478);
#1474 = LINE('',#1475,#1476);
#1475 = CARTESIAN_POINT('',(0.,0.));
#1476 = VECTOR('',#1477,1.);
#1477 = DIRECTION('',(1.,0.));
#1478 = ( GEOMETRIC_REPRESENTATION_CONTEXT(2) 
PARAMETRIC_REPRESENTATION_CONTEXT() REPRESENTATION_CONTEXT('2D SPACE',''
  ) );
#1479 = ORIENTED_EDGE('',*,*,#1480,.F.);
#1480 = EDGE_CURVE('',#1481,#1453,#1483,.T.);
#1481 = VERTEX_POINT('',#1482);
#1482 = CARTESIAN_POINT('',(-0.51953125,-18.,6.6212890625));
#1483 = SURFACE_CURVE('',#1484,(#1488,#1495),.PCURVE_S1.);
#1484 = LINE('',#1485,#1486);
#1485 = CARTESIAN_POINT('',(-0.51953125,-18.,6.6212890625));
#1486 = VECTOR('',#1487,1.);
#1487 = DIRECTION('',(1.,0.,0.));
#1488 = PCURVE('',#77,#1489);
#1489 = DEFINITIONAL_REPRESENTATION('',(#1490),#1494);
#1490 = LINE('',#1491,#1492);
#1491 = CARTESIAN_POINT('',(8.4787109375,-74.48046875));
#1492 = VECTOR('',#1493,1.);
#1493 = DIRECTION('',(0.,-1.));
#1494 = ( GEOMETRIC_REPRESENTATION_CONTEXT(2) 
PARAMETRIC_REPRESENTATION_CONTEXT() REPRESENTATION_CONTEXT('2D SPACE',''
  ) );
#1495 = PCURVE('',#1496,#1501);
#1496 = PLANE('',#1497);
#1497 = AXIS2_PLACEMENT_3D('',#1498,#1499,#1500);
#1498 = CARTESIAN_POINT('',(-0.51953125,-18.,6.6212890625));
#1499 = DIRECTION('',(0.,0.,1.));
#1500 = DIRECTION('',(1.,0.,0.));
#1501 = DEFINITIONAL_REPRESENTATION('',(#1502),#1506);
#1502 = LINE('',#1503,#1504);
#1503 = CARTESIAN_POINT('',(0.,0.));
#1504 = VECTOR('',#1505,1.);
#1505 = DIRECTION('',(1.,0.));
#1506 = ( GEOMETRIC_REPRESENTATION_CONTEXT(2) 
PARAMETRIC_REPRESENTATION_CONTEXT() REPRESENTATION_CONTEXT('2D SPACE',''
  ) );
#1507 = ORIENTED_EDGE('',*,*,#1508,.F.);
#1508 = EDGE_CURVE('',#1509,#1481,#1511,.T.);
#1509 = VERTEX_POINT('',#1510);
#1510 = CARTESIAN_POINT('',(-0.51953125,-18.,10.7296875));
#1511 = SURFACE_CURVE('',#1512,(#1516,#1523),.PCURVE_S1.);
#1512 = LINE('',#1513,#1514);
#1513 = CARTESIAN_POINT('',(-0.51953125,-18.,10.7296875));
#1514 = VECTOR('',#1515,1.);
#1515 = DIRECTION('',(0.,0.,-1.));
#1516 = PCURVE('',#77,#1517);
#1517 = DEFINITIONAL_REPRESENTATION('',(#1518),#1522);
#1518 = LINE('',#1519,#1520);
#1519 = CARTESIAN_POINT('',(4.3703125,-74.48046875));
#1520 = VECTOR('',#1521,1.);
#1521 = DIRECTION('',(1.,0.));
#1522 = ( GEOMETRIC_REPRESENTATION_CONTEXT(2) 
PARAMETRIC_REPRESENTATION_CONTEXT() REPRESENTATION_CONTEXT('2D SPACE',''
  ) );
#1523 = PCURVE('',#1524,#1529);
#1524 = PLANE('',#1525);
#1525 = AXIS2_PLACEMENT_3D('',#1526,#1527,#1528);
#1526 = CARTESIAN_POINT('',(-0.51953125,-18.,10.7296875));
#1527 = DIRECTION('',(1.,0.,0.));
#1528 = DIRECTION('',(0.,0.,-1.));
#1529 = DEFINITIONAL_REPRESENTATION('',(#1530),#1534);
#1530 = LINE('',#1531,#1532);
#1531 = CARTESIAN_POINT('',(0.,0.));
#1532 = VECTOR('',#1533,1.);
#1533 = DIRECTION('',(1.,0.));
#1534 = ( GEOMETRIC_REPRESENTATION_CONTEXT(2) 
PARAMETRIC_REPRESENTATION_CONTEXT() REPRESENTATION_CONTEXT('2D SPACE',''
  ) );
#1535 = ORIENTED_EDGE('',*,*,#1536,.F.);
#1536 = EDGE_CURVE('',#1397,#1509,#1537,.T.);
#1537 = SURFACE_CURVE('',#1538,(#1542,#1549),.PCURVE_S1.);
#1538 = LINE('',#1539,#1540);
#1539 = CARTESIAN_POINT('',(-1.83544921875,-18.,10.7296875));
#1540 = VECTOR('',#1541,1.);
#1541 = DIRECTION('',(1.,0.,0.));
#1542 = PCURVE('',#77,#1543);
#1543 = DEFINITIONAL_REPRESENTATION('',(#1544),#1548);
#1544 = LINE('',#1545,#1546);
#1545 = CARTESIAN_POINT('',(4.3703125,-73.16455078125));
#1546 = VECTOR('',#1547,1.);
#1547 = DIRECTION('',(0.,-1.));
#1548 = ( GEOMETRIC_REPRESENTATION_CONTEXT(2) 
PARAMETRIC_REPRESENTATION_CONTEXT() REPRESENTATION_CONTEXT('2D SPACE',''
  ) );
#1549 = PCURVE('',#1550,#1555);
#1550 = PLANE('',#1551);
#1551 = AXIS2_PLACEMENT_3D('',#1552,#1553,#1554);
#1552 = CARTESIAN_POINT('',(-1.83544921875,-18.,10.7296875));
#1553 = DIRECTION('',(0.,0.,1.));
#1554 = DIRECTION('',(1.,0.,0.));
#1555 = DEFINITIONAL_REPRESENTATION('',(#1556),#1560);
#1556 = LINE('',#1557,#1558);
#1557 = CARTESIAN_POINT('',(0.,0.));
#1558 = VECTOR('',#1559,1.);
#1559 = DIRECTION('',(1.,0.));
#1560 = ( GEOMETRIC_REPRESENTATION_CONTEXT(2) 
PARAMETRIC_REPRESENTATION_CONTEXT() REPRESENTATION_CONTEXT('2D SPACE',''
  ) );
#1561 = FACE_BOUND('',#1562,.F.);
#1562 = EDGE_LOOP('',(#1563,#1593,#1623,#1653,#1683,#1713,#1743,#1773,
    #1801,#1831,#1861,#1891,#1921,#1951,#1981,#2009,#2039,#2069,#2099,
    #2129,#2159,#2189,#2217,#2247,#2277,#2307,#2337,#2367));
#1563 = ORIENTED_EDGE('',*,*,#1564,.F.);
#1564 = EDGE_CURVE('',#1565,#1567,#1569,.T.);
#1565 = VERTEX_POINT('',#1566);
#1566 = CARTESIAN_POINT('',(11.59375,-18.,10.56904296875));
#1567 = VERTEX_POINT('',#1568);
#1568 = CARTESIAN_POINT('',(11.59375,-18.,9.48896484375));
#1569 = SURFACE_CURVE('',#1570,(#1574,#1581),.PCURVE_S1.);
#1570 = LINE('',#1571,#1572);
#1571 = CARTESIAN_POINT('',(11.59375,-18.,10.56904296875));
#1572 = VECTOR('',#1573,1.);
#1573 = DIRECTION('',(0.,0.,-1.));
#1574 = PCURVE('',#77,#1575);
#1575 = DEFINITIONAL_REPRESENTATION('',(#1576),#1580);
#1576 = LINE('',#1577,#1578);
#1577 = CARTESIAN_POINT('',(4.53095703125,-86.59375));
#1578 = VECTOR('',#1579,1.);
#1579 = DIRECTION('',(1.,0.));
#1580 = ( GEOMETRIC_REPRESENTATION_CONTEXT(2) 
PARAMETRIC_REPRESENTATION_CONTEXT() REPRESENTATION_CONTEXT('2D SPACE',''
  ) );
#1581 = PCURVE('',#1582,#1587);
#1582 = PLANE('',#1583);
#1583 = AXIS2_PLACEMENT_3D('',#1584,#1585,#1586);
#1584 = CARTESIAN_POINT('',(11.59375,-18.,10.56904296875));
#1585 = DIRECTION('',(1.,0.,0.));
#1586 = DIRECTION('',(0.,0.,-1.));
#1587 = DEFINITIONAL_REPRESENTATION('',(#1588),#1592);
#1588 = LINE('',#1589,#1590);
#1589 = CARTESIAN_POINT('',(0.,0.));
#1590 = VECTOR('',#1591,1.);
#1591 = DIRECTION('',(1.,0.));
#1592 = ( GEOMETRIC_REPRESENTATION_CONTEXT(2) 
PARAMETRIC_REPRESENTATION_CONTEXT() REPRESENTATION_CONTEXT('2D SPACE',''
  ) );
#1593 = ORIENTED_EDGE('',*,*,#1594,.F.);
#1594 = EDGE_CURVE('',#1595,#1565,#1597,.T.);
#1595 = VERTEX_POINT('',#1596);
#1596 = CARTESIAN_POINT('',(10.67431640625,-18.,10.758740234375));
#1597 = SURFACE_CURVE('',#1598,(#1602,#1609),.PCURVE_S1.);
#1598 = B_SPLINE_CURVE_WITH_KNOTS('',2,(#1599,#1600,#1601),
  .UNSPECIFIED.,.F.,.F.,(3,3),(0.,1.),.PIECEWISE_BEZIER_KNOTS.);
#1599 = CARTESIAN_POINT('',(10.67431640625,-18.,10.758740234375));
#1600 = CARTESIAN_POINT('',(11.11865234375,-18.,10.6955078125));
#1601 = CARTESIAN_POINT('',(11.59375,-18.,10.56904296875));
#1602 = PCURVE('',#77,#1603);
#1603 = DEFINITIONAL_REPRESENTATION('',(#1604),#1608);
#1604 = B_SPLINE_CURVE_WITH_KNOTS('',2,(#1605,#1606,#1607),
  .UNSPECIFIED.,.F.,.F.,(3,3),(0.,1.),.PIECEWISE_BEZIER_KNOTS.);
#1605 = CARTESIAN_POINT('',(4.341259765625,-85.67431640625));
#1606 = CARTESIAN_POINT('',(4.4044921875,-86.11865234375));
#1607 = CARTESIAN_POINT('',(4.53095703125,-86.59375));
#1608 = ( GEOMETRIC_REPRESENTATION_CONTEXT(2) 
PARAMETRIC_REPRESENTATION_CONTEXT() REPRESENTATION_CONTEXT('2D SPACE',''
  ) );
#1609 = PCURVE('',#1610,#1617);
#1610 = SURFACE_OF_LINEAR_EXTRUSION('',#1611,#1615);
#1611 = B_SPLINE_CURVE_WITH_KNOTS('',2,(#1612,#1613,#1614),
  .UNSPECIFIED.,.F.,.F.,(3,3),(0.,1.),.PIECEWISE_BEZIER_KNOTS.);
#1612 = CARTESIAN_POINT('',(10.67431640625,-18.,10.758740234375));
#1613 = CARTESIAN_POINT('',(11.11865234375,-18.,10.6955078125));
#1614 = CARTESIAN_POINT('',(11.59375,-18.,10.56904296875));
#1615 = VECTOR('',#1616,1.);
#1616 = DIRECTION('',(-0.,1.,-0.));
#1617 = DEFINITIONAL_REPRESENTATION('',(#1618),#1622);
#1618 = LINE('',#1619,#1620);
#1619 = CARTESIAN_POINT('',(0.,0.));
#1620 = VECTOR('',#1621,1.);
#1621 = DIRECTION('',(1.,0.));
#1622 = ( GEOMETRIC_REPRESENTATION_CONTEXT(2) 
PARAMETRIC_REPRESENTATION_CONTEXT() REPRESENTATION_CONTEXT('2D SPACE',''
  ) );
#1623 = ORIENTED_EDGE('',*,*,#1624,.F.);
#1624 = EDGE_CURVE('',#1625,#1595,#1627,.T.);
#1625 = VERTEX_POINT('',#1626);
#1626 = CARTESIAN_POINT('',(9.8095703125,-18.,10.82197265625));
#1627 = SURFACE_CURVE('',#1628,(#1632,#1639),.PCURVE_S1.);
#1628 = B_SPLINE_CURVE_WITH_KNOTS('',2,(#1629,#1630,#1631),
  .UNSPECIFIED.,.F.,.F.,(3,3),(0.,1.),.PIECEWISE_BEZIER_KNOTS.);
#1629 = CARTESIAN_POINT('',(9.8095703125,-18.,10.82197265625));
#1630 = CARTESIAN_POINT('',(10.22998046875,-18.,10.82197265625));
#1631 = CARTESIAN_POINT('',(10.67431640625,-18.,10.758740234375));
#1632 = PCURVE('',#77,#1633);
#1633 = DEFINITIONAL_REPRESENTATION('',(#1634),#1638);
#1634 = B_SPLINE_CURVE_WITH_KNOTS('',2,(#1635,#1636,#1637),
  .UNSPECIFIED.,.F.,.F.,(3,3),(0.,1.),.PIECEWISE_BEZIER_KNOTS.);
#1635 = CARTESIAN_POINT('',(4.27802734375,-84.8095703125));
#1636 = CARTESIAN_POINT('',(4.27802734375,-85.22998046875));
#1637 = CARTESIAN_POINT('',(4.341259765625,-85.67431640625));
#1638 = ( GEOMETRIC_REPRESENTATION_CONTEXT(2) 
PARAMETRIC_REPRESENTATION_CONTEXT() REPRESENTATION_CONTEXT('2D SPACE',''
  ) );
#1639 = PCURVE('',#1640,#1647);
#1640 = SURFACE_OF_LINEAR_EXTRUSION('',#1641,#1645);
#1641 = B_SPLINE_CURVE_WITH_KNOTS('',2,(#1642,#1643,#1644),
  .UNSPECIFIED.,.F.,.F.,(3,3),(0.,1.),.PIECEWISE_BEZIER_KNOTS.);
#1642 = CARTESIAN_POINT('',(9.8095703125,-18.,10.82197265625));
#1643 = CARTESIAN_POINT('',(10.22998046875,-18.,10.82197265625));
#1644 = CARTESIAN_POINT('',(10.67431640625,-18.,10.758740234375));
#1645 = VECTOR('',#1646,1.);
#1646 = DIRECTION('',(-0.,1.,-0.));
#1647 = DEFINITIONAL_REPRESENTATION('',(#1648),#1652);
#1648 = LINE('',#1649,#1650);
#1649 = CARTESIAN_POINT('',(0.,0.));
#1650 = VECTOR('',#1651,1.);
#1651 = DIRECTION('',(1.,0.));
#1652 = ( GEOMETRIC_REPRESENTATION_CONTEXT(2) 
PARAMETRIC_REPRESENTATION_CONTEXT() REPRESENTATION_CONTEXT('2D SPACE',''
  ) );
#1653 = ORIENTED_EDGE('',*,*,#1654,.F.);
#1654 = EDGE_CURVE('',#1655,#1625,#1657,.T.);
#1655 = VERTEX_POINT('',#1656);
#1656 = CARTESIAN_POINT('',(8.39453125,-18.,10.41181640625));
#1657 = SURFACE_CURVE('',#1658,(#1662,#1669),.PCURVE_S1.);
#1658 = B_SPLINE_CURVE_WITH_KNOTS('',2,(#1659,#1660,#1661),
  .UNSPECIFIED.,.F.,.F.,(3,3),(0.,1.),.PIECEWISE_BEZIER_KNOTS.);
#1659 = CARTESIAN_POINT('',(8.39453125,-18.,10.41181640625));
#1660 = CARTESIAN_POINT('',(8.88671875,-18.,10.82197265625));
#1661 = CARTESIAN_POINT('',(9.8095703125,-18.,10.82197265625));
#1662 = PCURVE('',#77,#1663);
#1663 = DEFINITIONAL_REPRESENTATION('',(#1664),#1668);
#1664 = B_SPLINE_CURVE_WITH_KNOTS('',2,(#1665,#1666,#1667),
  .UNSPECIFIED.,.F.,.F.,(3,3),(0.,1.),.PIECEWISE_BEZIER_KNOTS.);
#1665 = CARTESIAN_POINT('',(4.68818359375,-83.39453125));
#1666 = CARTESIAN_POINT('',(4.27802734375,-83.88671875));
#1667 = CARTESIAN_POINT('',(4.27802734375,-84.8095703125));
#1668 = ( GEOMETRIC_REPRESENTATION_CONTEXT(2) 
PARAMETRIC_REPRESENTATION_CONTEXT() REPRESENTATION_CONTEXT('2D SPACE',''
  ) );
#1669 = PCURVE('',#1670,#1677);
#1670 = SURFACE_OF_LINEAR_EXTRUSION('',#1671,#1675);
#1671 = B_SPLINE_CURVE_WITH_KNOTS('',2,(#1672,#1673,#1674),
  .UNSPECIFIED.,.F.,.F.,(3,3),(0.,1.),.PIECEWISE_BEZIER_KNOTS.);
#1672 = CARTESIAN_POINT('',(8.39453125,-18.,10.41181640625));
#1673 = CARTESIAN_POINT('',(8.88671875,-18.,10.82197265625));
#1674 = CARTESIAN_POINT('',(9.8095703125,-18.,10.82197265625));
#1675 = VECTOR('',#1676,1.);
#1676 = DIRECTION('',(-0.,1.,-0.));
#1677 = DEFINITIONAL_REPRESENTATION('',(#1678),#1682);
#1678 = LINE('',#1679,#1680);
#1679 = CARTESIAN_POINT('',(0.,0.));
#1680 = VECTOR('',#1681,1.);
#1681 = DIRECTION('',(1.,0.));
#1682 = ( GEOMETRIC_REPRESENTATION_CONTEXT(2) 
PARAMETRIC_REPRESENTATION_CONTEXT() REPRESENTATION_CONTEXT('2D SPACE',''
  ) );
#1683 = ORIENTED_EDGE('',*,*,#1684,.F.);
#1684 = EDGE_CURVE('',#1685,#1655,#1687,.T.);
#1685 = VERTEX_POINT('',#1686);
#1686 = CARTESIAN_POINT('',(7.90234375,-18.,9.239453125));
#1687 = SURFACE_CURVE('',#1688,(#1692,#1699),.PCURVE_S1.);
#1688 = B_SPLINE_CURVE_WITH_KNOTS('',2,(#1689,#1690,#1691),
  .UNSPECIFIED.,.F.,.F.,(3,3),(0.,1.),.PIECEWISE_BEZIER_KNOTS.);
#1689 = CARTESIAN_POINT('',(7.90234375,-18.,9.239453125));
#1690 = CARTESIAN_POINT('',(7.90234375,-18.,10.00166015625));
#1691 = CARTESIAN_POINT('',(8.39453125,-18.,10.41181640625));
#1692 = PCURVE('',#77,#1693);
#1693 = DEFINITIONAL_REPRESENTATION('',(#1694),#1698);
#1694 = B_SPLINE_CURVE_WITH_KNOTS('',2,(#1695,#1696,#1697),
  .UNSPECIFIED.,.F.,.F.,(3,3),(0.,1.),.PIECEWISE_BEZIER_KNOTS.);
#1695 = CARTESIAN_POINT('',(5.860546875,-82.90234375));
#1696 = CARTESIAN_POINT('',(5.09833984375,-82.90234375));
#1697 = CARTESIAN_POINT('',(4.68818359375,-83.39453125));
#1698 = ( GEOMETRIC_REPRESENTATION_CONTEXT(2) 
PARAMETRIC_REPRESENTATION_CONTEXT() REPRESENTATION_CONTEXT('2D SPACE',''
  ) );
#1699 = PCURVE('',#1700,#1707);
#1700 = SURFACE_OF_LINEAR_EXTRUSION('',#1701,#1705);
#1701 = B_SPLINE_CURVE_WITH_KNOTS('',2,(#1702,#1703,#1704),
  .UNSPECIFIED.,.F.,.F.,(3,3),(0.,1.),.PIECEWISE_BEZIER_KNOTS.);
#1702 = CARTESIAN_POINT('',(7.90234375,-18.,9.239453125));
#1703 = CARTESIAN_POINT('',(7.90234375,-18.,10.00166015625));
#1704 = CARTESIAN_POINT('',(8.39453125,-18.,10.41181640625));
#1705 = VECTOR('',#1706,1.);
#1706 = DIRECTION('',(-0.,1.,-0.));
#1707 = DEFINITIONAL_REPRESENTATION('',(#1708),#1712);
#1708 = LINE('',#1709,#1710);
#1709 = CARTESIAN_POINT('',(0.,0.));
#1710 = VECTOR('',#1711,1.);
#1711 = DIRECTION('',(1.,0.));
#1712 = ( GEOMETRIC_REPRESENTATION_CONTEXT(2) 
PARAMETRIC_REPRESENTATION_CONTEXT() REPRESENTATION_CONTEXT('2D SPACE',''
  ) );
#1713 = ORIENTED_EDGE('',*,*,#1714,.F.);
#1714 = EDGE_CURVE('',#1715,#1685,#1717,.T.);
#1715 = VERTEX_POINT('',#1716);
#1716 = CARTESIAN_POINT('',(8.256103515625,-18.,8.27216796875));
#1717 = SURFACE_CURVE('',#1718,(#1722,#1729),.PCURVE_S1.);
#1718 = B_SPLINE_CURVE_WITH_KNOTS('',2,(#1719,#1720,#1721),
  .UNSPECIFIED.,.F.,.F.,(3,3),(0.,1.),.PIECEWISE_BEZIER_KNOTS.);
#1719 = CARTESIAN_POINT('',(8.256103515625,-18.,8.27216796875));
#1720 = CARTESIAN_POINT('',(7.90234375,-18.,8.6310546875));
#1721 = CARTESIAN_POINT('',(7.90234375,-18.,9.239453125));
#1722 = PCURVE('',#77,#1723);
#1723 = DEFINITIONAL_REPRESENTATION('',(#1724),#1728);
#1724 = B_SPLINE_CURVE_WITH_KNOTS('',2,(#1725,#1726,#1727),
  .UNSPECIFIED.,.F.,.F.,(3,3),(0.,1.),.PIECEWISE_BEZIER_KNOTS.);
#1725 = CARTESIAN_POINT('',(6.82783203125,-83.25610351562));
#1726 = CARTESIAN_POINT('',(6.4689453125,-82.90234375));
#1727 = CARTESIAN_POINT('',(5.860546875,-82.90234375));
#1728 = ( GEOMETRIC_REPRESENTATION_CONTEXT(2) 
PARAMETRIC_REPRESENTATION_CONTEXT() REPRESENTATION_CONTEXT('2D SPACE',''
  ) );
#1729 = PCURVE('',#1730,#1737);
#1730 = SURFACE_OF_LINEAR_EXTRUSION('',#1731,#1735);
#1731 = B_SPLINE_CURVE_WITH_KNOTS('',2,(#1732,#1733,#1734),
  .UNSPECIFIED.,.F.,.F.,(3,3),(0.,1.),.PIECEWISE_BEZIER_KNOTS.);
#1732 = CARTESIAN_POINT('',(8.256103515625,-18.,8.27216796875));
#1733 = CARTESIAN_POINT('',(7.90234375,-18.,8.6310546875));
#1734 = CARTESIAN_POINT('',(7.90234375,-18.,9.239453125));
#1735 = VECTOR('',#1736,1.);
#1736 = DIRECTION('',(-0.,1.,-0.));
#1737 = DEFINITIONAL_REPRESENTATION('',(#1738),#1742);
#1738 = LINE('',#1739,#1740);
#1739 = CARTESIAN_POINT('',(0.,0.));
#1740 = VECTOR('',#1741,1.);
#1741 = DIRECTION('',(1.,0.));
#1742 = ( GEOMETRIC_REPRESENTATION_CONTEXT(2) 
PARAMETRIC_REPRESENTATION_CONTEXT() REPRESENTATION_CONTEXT('2D SPACE',''
  ) );
#1743 = ORIENTED_EDGE('',*,*,#1744,.F.);
#1744 = EDGE_CURVE('',#1745,#1715,#1747,.T.);
#1745 = VERTEX_POINT('',#1746);
#1746 = CARTESIAN_POINT('',(9.37548828125,-18.,7.74921875));
#1747 = SURFACE_CURVE('',#1748,(#1752,#1759),.PCURVE_S1.);
#1748 = B_SPLINE_CURVE_WITH_KNOTS('',2,(#1749,#1750,#1751),
  .UNSPECIFIED.,.F.,.F.,(3,3),(0.,1.),.PIECEWISE_BEZIER_KNOTS.);
#1749 = CARTESIAN_POINT('',(9.37548828125,-18.,7.74921875));
#1750 = CARTESIAN_POINT('',(8.60986328125,-18.,7.91328125));
#1751 = CARTESIAN_POINT('',(8.256103515625,-18.,8.27216796875));
#1752 = PCURVE('',#77,#1753);
#1753 = DEFINITIONAL_REPRESENTATION('',(#1754),#1758);
#1754 = B_SPLINE_CURVE_WITH_KNOTS('',2,(#1755,#1756,#1757),
  .UNSPECIFIED.,.F.,.F.,(3,3),(0.,1.),.PIECEWISE_BEZIER_KNOTS.);
#1755 = CARTESIAN_POINT('',(7.35078125,-84.37548828125));
#1756 = CARTESIAN_POINT('',(7.18671875,-83.60986328125));
#1757 = CARTESIAN_POINT('',(6.82783203125,-83.25610351562));
#1758 = ( GEOMETRIC_REPRESENTATION_CONTEXT(2) 
PARAMETRIC_REPRESENTATION_CONTEXT() REPRESENTATION_CONTEXT('2D SPACE',''
  ) );
#1759 = PCURVE('',#1760,#1767);
#1760 = SURFACE_OF_LINEAR_EXTRUSION('',#1761,#1765);
#1761 = B_SPLINE_CURVE_WITH_KNOTS('',2,(#1762,#1763,#1764),
  .UNSPECIFIED.,.F.,.F.,(3,3),(0.,1.),.PIECEWISE_BEZIER_KNOTS.);
#1762 = CARTESIAN_POINT('',(9.37548828125,-18.,7.74921875));
#1763 = CARTESIAN_POINT('',(8.60986328125,-18.,7.91328125));
#1764 = CARTESIAN_POINT('',(8.256103515625,-18.,8.27216796875));
#1765 = VECTOR('',#1766,1.);
#1766 = DIRECTION('',(-0.,1.,-0.));
#1767 = DEFINITIONAL_REPRESENTATION('',(#1768),#1772);
#1768 = LINE('',#1769,#1770);
#1769 = CARTESIAN_POINT('',(0.,0.));
#1770 = VECTOR('',#1771,1.);
#1771 = DIRECTION('',(1.,0.));
#1772 = ( GEOMETRIC_REPRESENTATION_CONTEXT(2) 
PARAMETRIC_REPRESENTATION_CONTEXT() REPRESENTATION_CONTEXT('2D SPACE',''
  ) );
#1773 = ORIENTED_EDGE('',*,*,#1774,.F.);
#1774 = EDGE_CURVE('',#1775,#1745,#1777,.T.);
#1775 = VERTEX_POINT('',#1776);
#1776 = CARTESIAN_POINT('',(9.884765625,-18.,7.63642578125));
#1777 = SURFACE_CURVE('',#1778,(#1782,#1789),.PCURVE_S1.);
#1778 = LINE('',#1779,#1780);
#1779 = CARTESIAN_POINT('',(9.884765625,-18.,7.63642578125));
#1780 = VECTOR('',#1781,1.);
#1781 = DIRECTION('',(-0.976340993019,0.,0.216236595769));
#1782 = PCURVE('',#77,#1783);
#1783 = DEFINITIONAL_REPRESENTATION('',(#1784),#1788);
#1784 = LINE('',#1785,#1786);
#1785 = CARTESIAN_POINT('',(7.46357421875,-84.884765625));
#1786 = VECTOR('',#1787,1.);
#1787 = DIRECTION('',(-0.216236595769,0.976340993019));
#1788 = ( GEOMETRIC_REPRESENTATION_CONTEXT(2) 
PARAMETRIC_REPRESENTATION_CONTEXT() REPRESENTATION_CONTEXT('2D SPACE',''
  ) );
#1789 = PCURVE('',#1790,#1795);
#1790 = PLANE('',#1791);
#1791 = AXIS2_PLACEMENT_3D('',#1792,#1793,#1794);
#1792 = CARTESIAN_POINT('',(9.884765625,-18.,7.63642578125));
#1793 = DIRECTION('',(-0.216236595769,-0.,-0.976340993019));
#1794 = DIRECTION('',(-0.976340993019,0.,0.216236595769));
#1795 = DEFINITIONAL_REPRESENTATION('',(#1796),#1800);
#1796 = LINE('',#1797,#1798);
#1797 = CARTESIAN_POINT('',(0.,0.));
#1798 = VECTOR('',#1799,1.);
#1799 = DIRECTION('',(1.,0.));
#1800 = ( GEOMETRIC_REPRESENTATION_CONTEXT(2) 
PARAMETRIC_REPRESENTATION_CONTEXT() REPRESENTATION_CONTEXT('2D SPACE',''
  ) );
#1801 = ORIENTED_EDGE('',*,*,#1802,.F.);
#1802 = EDGE_CURVE('',#1803,#1775,#1805,.T.);
#1803 = VERTEX_POINT('',#1804);
#1804 = CARTESIAN_POINT('',(10.505126953125,-18.,7.40400390625));
#1805 = SURFACE_CURVE('',#1806,(#1810,#1817),.PCURVE_S1.);
#1806 = B_SPLINE_CURVE_WITH_KNOTS('',2,(#1807,#1808,#1809),
  .UNSPECIFIED.,.F.,.F.,(3,3),(0.,1.),.PIECEWISE_BEZIER_KNOTS.);
#1807 = CARTESIAN_POINT('',(10.505126953125,-18.,7.40400390625));
#1808 = CARTESIAN_POINT('',(10.349609375,-18.,7.53388671875));
#1809 = CARTESIAN_POINT('',(9.884765625,-18.,7.63642578125));
#1810 = PCURVE('',#77,#1811);
#1811 = DEFINITIONAL_REPRESENTATION('',(#1812),#1816);
#1812 = B_SPLINE_CURVE_WITH_KNOTS('',2,(#1813,#1814,#1815),
  .UNSPECIFIED.,.F.,.F.,(3,3),(0.,1.),.PIECEWISE_BEZIER_KNOTS.);
#1813 = CARTESIAN_POINT('',(7.69599609375,-85.50512695312));
#1814 = CARTESIAN_POINT('',(7.56611328125,-85.349609375));
#1815 = CARTESIAN_POINT('',(7.46357421875,-84.884765625));
#1816 = ( GEOMETRIC_REPRESENTATION_CONTEXT(2) 
PARAMETRIC_REPRESENTATION_CONTEXT() REPRESENTATION_CONTEXT('2D SPACE',''
  ) );
#1817 = PCURVE('',#1818,#1825);
#1818 = SURFACE_OF_LINEAR_EXTRUSION('',#1819,#1823);
#1819 = B_SPLINE_CURVE_WITH_KNOTS('',2,(#1820,#1821,#1822),
  .UNSPECIFIED.,.F.,.F.,(3,3),(0.,1.),.PIECEWISE_BEZIER_KNOTS.);
#1820 = CARTESIAN_POINT('',(10.505126953125,-18.,7.40400390625));
#1821 = CARTESIAN_POINT('',(10.349609375,-18.,7.53388671875));
#1822 = CARTESIAN_POINT('',(9.884765625,-18.,7.63642578125));
#1823 = VECTOR('',#1824,1.);
#1824 = DIRECTION('',(-0.,1.,-0.));
#1825 = DEFINITIONAL_REPRESENTATION('',(#1826),#1830);
#1826 = LINE('',#1827,#1828);
#1827 = CARTESIAN_POINT('',(0.,0.));
#1828 = VECTOR('',#1829,1.);
#1829 = DIRECTION('',(1.,0.));
#1830 = ( GEOMETRIC_REPRESENTATION_CONTEXT(2) 
PARAMETRIC_REPRESENTATION_CONTEXT() REPRESENTATION_CONTEXT('2D SPACE',''
  ) );
#1831 = ORIENTED_EDGE('',*,*,#1832,.F.);
#1832 = EDGE_CURVE('',#1833,#1803,#1835,.T.);
#1833 = VERTEX_POINT('',#1834);
#1834 = CARTESIAN_POINT('',(10.66064453125,-18.,7.03486328125));
#1835 = SURFACE_CURVE('',#1836,(#1840,#1847),.PCURVE_S1.);
#1836 = B_SPLINE_CURVE_WITH_KNOTS('',2,(#1837,#1838,#1839),
  .UNSPECIFIED.,.F.,.F.,(3,3),(0.,1.),.PIECEWISE_BEZIER_KNOTS.);
#1837 = CARTESIAN_POINT('',(10.66064453125,-18.,7.03486328125));
#1838 = CARTESIAN_POINT('',(10.66064453125,-18.,7.27412109375));
#1839 = CARTESIAN_POINT('',(10.505126953125,-18.,7.40400390625));
#1840 = PCURVE('',#77,#1841);
#1841 = DEFINITIONAL_REPRESENTATION('',(#1842),#1846);
#1842 = B_SPLINE_CURVE_WITH_KNOTS('',2,(#1843,#1844,#1845),
  .UNSPECIFIED.,.F.,.F.,(3,3),(0.,1.),.PIECEWISE_BEZIER_KNOTS.);
#1843 = CARTESIAN_POINT('',(8.06513671875,-85.66064453125));
#1844 = CARTESIAN_POINT('',(7.82587890625,-85.66064453125));
#1845 = CARTESIAN_POINT('',(7.69599609375,-85.50512695312));
#1846 = ( GEOMETRIC_REPRESENTATION_CONTEXT(2) 
PARAMETRIC_REPRESENTATION_CONTEXT() REPRESENTATION_CONTEXT('2D SPACE',''
  ) );
#1847 = PCURVE('',#1848,#1855);
#1848 = SURFACE_OF_LINEAR_EXTRUSION('',#1849,#1853);
#1849 = B_SPLINE_CURVE_WITH_KNOTS('',2,(#1850,#1851,#1852),
  .UNSPECIFIED.,.F.,.F.,(3,3),(0.,1.),.PIECEWISE_BEZIER_KNOTS.);
#1850 = CARTESIAN_POINT('',(10.66064453125,-18.,7.03486328125));
#1851 = CARTESIAN_POINT('',(10.66064453125,-18.,7.27412109375));
#1852 = CARTESIAN_POINT('',(10.505126953125,-18.,7.40400390625));
#1853 = VECTOR('',#1854,1.);
#1854 = DIRECTION('',(-0.,1.,-0.));
#1855 = DEFINITIONAL_REPRESENTATION('',(#1856),#1860);
#1856 = LINE('',#1857,#1858);
#1857 = CARTESIAN_POINT('',(0.,0.));
#1858 = VECTOR('',#1859,1.);
#1859 = DIRECTION('',(1.,0.));
#1860 = ( GEOMETRIC_REPRESENTATION_CONTEXT(2) 
PARAMETRIC_REPRESENTATION_CONTEXT() REPRESENTATION_CONTEXT('2D SPACE',''
  ) );
#1861 = ORIENTED_EDGE('',*,*,#1862,.F.);
#1862 = EDGE_CURVE('',#1863,#1833,#1865,.T.);
#1863 = VERTEX_POINT('',#1864);
#1864 = CARTESIAN_POINT('',(10.431640625,-18.,6.62470703125));
#1865 = SURFACE_CURVE('',#1866,(#1870,#1877),.PCURVE_S1.);
#1866 = B_SPLINE_CURVE_WITH_KNOTS('',2,(#1867,#1868,#1869),
  .UNSPECIFIED.,.F.,.F.,(3,3),(0.,1.),.PIECEWISE_BEZIER_KNOTS.);
#1867 = CARTESIAN_POINT('',(10.431640625,-18.,6.62470703125));
#1868 = CARTESIAN_POINT('',(10.66064453125,-18.,6.76826171875));
#1869 = CARTESIAN_POINT('',(10.66064453125,-18.,7.03486328125));
#1870 = PCURVE('',#77,#1871);
#1871 = DEFINITIONAL_REPRESENTATION('',(#1872),#1876);
#1872 = B_SPLINE_CURVE_WITH_KNOTS('',2,(#1873,#1874,#1875),
  .UNSPECIFIED.,.F.,.F.,(3,3),(0.,1.),.PIECEWISE_BEZIER_KNOTS.);
#1873 = CARTESIAN_POINT('',(8.47529296875,-85.431640625));
#1874 = CARTESIAN_POINT('',(8.33173828125,-85.66064453125));
#1875 = CARTESIAN_POINT('',(8.06513671875,-85.66064453125));
#1876 = ( GEOMETRIC_REPRESENTATION_CONTEXT(2) 
PARAMETRIC_REPRESENTATION_CONTEXT() REPRESENTATION_CONTEXT('2D SPACE',''
  ) );
#1877 = PCURVE('',#1878,#1885);
#1878 = SURFACE_OF_LINEAR_EXTRUSION('',#1879,#1883);
#1879 = B_SPLINE_CURVE_WITH_KNOTS('',2,(#1880,#1881,#1882),
  .UNSPECIFIED.,.F.,.F.,(3,3),(0.,1.),.PIECEWISE_BEZIER_KNOTS.);
#1880 = CARTESIAN_POINT('',(10.431640625,-18.,6.62470703125));
#1881 = CARTESIAN_POINT('',(10.66064453125,-18.,6.76826171875));
#1882 = CARTESIAN_POINT('',(10.66064453125,-18.,7.03486328125));
#1883 = VECTOR('',#1884,1.);
#1884 = DIRECTION('',(-0.,1.,-0.));
#1885 = DEFINITIONAL_REPRESENTATION('',(#1886),#1890);
#1886 = LINE('',#1887,#1888);
#1887 = CARTESIAN_POINT('',(0.,0.));
#1888 = VECTOR('',#1889,1.);
#1889 = DIRECTION('',(1.,0.));
#1890 = ( GEOMETRIC_REPRESENTATION_CONTEXT(2) 
PARAMETRIC_REPRESENTATION_CONTEXT() REPRESENTATION_CONTEXT('2D SPACE',''
  ) );
#1891 = ORIENTED_EDGE('',*,*,#1892,.F.);
#1892 = EDGE_CURVE('',#1893,#1863,#1895,.T.);
#1893 = VERTEX_POINT('',#1894);
#1894 = CARTESIAN_POINT('',(9.77197265625,-18.,6.48115234375));
#1895 = SURFACE_CURVE('',#1896,(#1900,#1907),.PCURVE_S1.);
#1896 = B_SPLINE_CURVE_WITH_KNOTS('',2,(#1897,#1898,#1899),
  .UNSPECIFIED.,.F.,.F.,(3,3),(0.,1.),.PIECEWISE_BEZIER_KNOTS.);
#1897 = CARTESIAN_POINT('',(9.77197265625,-18.,6.48115234375));
#1898 = CARTESIAN_POINT('',(10.20263671875,-18.,6.48115234375));
#1899 = CARTESIAN_POINT('',(10.431640625,-18.,6.62470703125));
#1900 = PCURVE('',#77,#1901);
#1901 = DEFINITIONAL_REPRESENTATION('',(#1902),#1906);
#1902 = B_SPLINE_CURVE_WITH_KNOTS('',2,(#1903,#1904,#1905),
  .UNSPECIFIED.,.F.,.F.,(3,3),(0.,1.),.PIECEWISE_BEZIER_KNOTS.);
#1903 = CARTESIAN_POINT('',(8.61884765625,-84.77197265625));
#1904 = CARTESIAN_POINT('',(8.61884765625,-85.20263671875));
#1905 = CARTESIAN_POINT('',(8.47529296875,-85.431640625));
#1906 = ( GEOMETRIC_REPRESENTATION_CONTEXT(2) 
PARAMETRIC_REPRESENTATION_CONTEXT() REPRESENTATION_CONTEXT('2D SPACE',''
  ) );
#1907 = PCURVE('',#1908,#1915);
#1908 = SURFACE_OF_LINEAR_EXTRUSION('',#1909,#1913);
#1909 = B_SPLINE_CURVE_WITH_KNOTS('',2,(#1910,#1911,#1912),
  .UNSPECIFIED.,.F.,.F.,(3,3),(0.,1.),.PIECEWISE_BEZIER_KNOTS.);
#1910 = CARTESIAN_POINT('',(9.77197265625,-18.,6.48115234375));
#1911 = CARTESIAN_POINT('',(10.20263671875,-18.,6.48115234375));
#1912 = CARTESIAN_POINT('',(10.431640625,-18.,6.62470703125));
#1913 = VECTOR('',#1914,1.);
#1914 = DIRECTION('',(-0.,1.,-0.));
#1915 = DEFINITIONAL_REPRESENTATION('',(#1916),#1920);
#1916 = LINE('',#1917,#1918);
#1917 = CARTESIAN_POINT('',(0.,0.));
#1918 = VECTOR('',#1919,1.);
#1919 = DIRECTION('',(1.,0.));
#1920 = ( GEOMETRIC_REPRESENTATION_CONTEXT(2) 
PARAMETRIC_REPRESENTATION_CONTEXT() REPRESENTATION_CONTEXT('2D SPACE',''
  ) );
#1921 = ORIENTED_EDGE('',*,*,#1922,.F.);
#1922 = EDGE_CURVE('',#1923,#1893,#1925,.T.);
#1923 = VERTEX_POINT('',#1924);
#1924 = CARTESIAN_POINT('',(8.891845703125,-18.,6.612744140625));
#1925 = SURFACE_CURVE('',#1926,(#1930,#1937),.PCURVE_S1.);
#1926 = B_SPLINE_CURVE_WITH_KNOTS('',2,(#1927,#1928,#1929),
  .UNSPECIFIED.,.F.,.F.,(3,3),(0.,1.),.PIECEWISE_BEZIER_KNOTS.);
#1927 = CARTESIAN_POINT('',(8.891845703125,-18.,6.612744140625));
#1928 = CARTESIAN_POINT('',(9.34814453125,-18.,6.48115234375));
#1929 = CARTESIAN_POINT('',(9.77197265625,-18.,6.48115234375));
#1930 = PCURVE('',#77,#1931);
#1931 = DEFINITIONAL_REPRESENTATION('',(#1932),#1936);
#1932 = B_SPLINE_CURVE_WITH_KNOTS('',2,(#1933,#1934,#1935),
  .UNSPECIFIED.,.F.,.F.,(3,3),(0.,1.),.PIECEWISE_BEZIER_KNOTS.);
#1933 = CARTESIAN_POINT('',(8.487255859375,-83.89184570312));
#1934 = CARTESIAN_POINT('',(8.61884765625,-84.34814453125));
#1935 = CARTESIAN_POINT('',(8.61884765625,-84.77197265625));
#1936 = ( GEOMETRIC_REPRESENTATION_CONTEXT(2) 
PARAMETRIC_REPRESENTATION_CONTEXT() REPRESENTATION_CONTEXT('2D SPACE',''
  ) );
#1937 = PCURVE('',#1938,#1945);
#1938 = SURFACE_OF_LINEAR_EXTRUSION('',#1939,#1943);
#1939 = B_SPLINE_CURVE_WITH_KNOTS('',2,(#1940,#1941,#1942),
  .UNSPECIFIED.,.F.,.F.,(3,3),(0.,1.),.PIECEWISE_BEZIER_KNOTS.);
#1940 = CARTESIAN_POINT('',(8.891845703125,-18.,6.612744140625));
#1941 = CARTESIAN_POINT('',(9.34814453125,-18.,6.48115234375));
#1942 = CARTESIAN_POINT('',(9.77197265625,-18.,6.48115234375));
#1943 = VECTOR('',#1944,1.);
#1944 = DIRECTION('',(-0.,1.,-0.));
#1945 = DEFINITIONAL_REPRESENTATION('',(#1946),#1950);
#1946 = LINE('',#1947,#1948);
#1947 = CARTESIAN_POINT('',(0.,0.));
#1948 = VECTOR('',#1949,1.);
#1949 = DIRECTION('',(1.,0.));
#1950 = ( GEOMETRIC_REPRESENTATION_CONTEXT(2) 
PARAMETRIC_REPRESENTATION_CONTEXT() REPRESENTATION_CONTEXT('2D SPACE',''
  ) );
#1951 = ORIENTED_EDGE('',*,*,#1952,.F.);
#1952 = EDGE_CURVE('',#1953,#1923,#1955,.T.);
#1953 = VERTEX_POINT('',#1954);
#1954 = CARTESIAN_POINT('',(7.94677734375,-18.,7.0041015625));
#1955 = SURFACE_CURVE('',#1956,(#1960,#1967),.PCURVE_S1.);
#1956 = B_SPLINE_CURVE_WITH_KNOTS('',2,(#1957,#1958,#1959),
  .UNSPECIFIED.,.F.,.F.,(3,3),(0.,1.),.PIECEWISE_BEZIER_KNOTS.);
#1957 = CARTESIAN_POINT('',(7.94677734375,-18.,7.0041015625));
#1958 = CARTESIAN_POINT('',(8.435546875,-18.,6.7443359375));
#1959 = CARTESIAN_POINT('',(8.891845703125,-18.,6.612744140625));
#1960 = PCURVE('',#77,#1961);
#1961 = DEFINITIONAL_REPRESENTATION('',(#1962),#1966);
#1962 = B_SPLINE_CURVE_WITH_KNOTS('',2,(#1963,#1964,#1965),
  .UNSPECIFIED.,.F.,.F.,(3,3),(0.,1.),.PIECEWISE_BEZIER_KNOTS.);
#1963 = CARTESIAN_POINT('',(8.0958984375,-82.94677734375));
#1964 = CARTESIAN_POINT('',(8.3556640625,-83.435546875));
#1965 = CARTESIAN_POINT('',(8.487255859375,-83.89184570312));
#1966 = ( GEOMETRIC_REPRESENTATION_CONTEXT(2) 
PARAMETRIC_REPRESENTATION_CONTEXT() REPRESENTATION_CONTEXT('2D SPACE',''
  ) );
#1967 = PCURVE('',#1968,#1975);
#1968 = SURFACE_OF_LINEAR_EXTRUSION('',#1969,#1973);
#1969 = B_SPLINE_CURVE_WITH_KNOTS('',2,(#1970,#1971,#1972),
  .UNSPECIFIED.,.F.,.F.,(3,3),(0.,1.),.PIECEWISE_BEZIER_KNOTS.);
#1970 = CARTESIAN_POINT('',(7.94677734375,-18.,7.0041015625));
#1971 = CARTESIAN_POINT('',(8.435546875,-18.,6.7443359375));
#1972 = CARTESIAN_POINT('',(8.891845703125,-18.,6.612744140625));
#1973 = VECTOR('',#1974,1.);
#1974 = DIRECTION('',(-0.,1.,-0.));
#1975 = DEFINITIONAL_REPRESENTATION('',(#1976),#1980);
#1976 = LINE('',#1977,#1978);
#1977 = CARTESIAN_POINT('',(0.,0.));
#1978 = VECTOR('',#1979,1.);
#1979 = DIRECTION('',(1.,0.));
#1980 = ( GEOMETRIC_REPRESENTATION_CONTEXT(2) 
PARAMETRIC_REPRESENTATION_CONTEXT() REPRESENTATION_CONTEXT('2D SPACE',''
  ) );
#1981 = ORIENTED_EDGE('',*,*,#1982,.F.);
#1982 = EDGE_CURVE('',#1983,#1953,#1985,.T.);
#1983 = VERTEX_POINT('',#1984);
#1984 = CARTESIAN_POINT('',(7.94677734375,-18.,5.89326171875));
#1985 = SURFACE_CURVE('',#1986,(#1990,#1997),.PCURVE_S1.);
#1986 = LINE('',#1987,#1988);
#1987 = CARTESIAN_POINT('',(7.94677734375,-18.,5.89326171875));
#1988 = VECTOR('',#1989,1.);
#1989 = DIRECTION('',(0.,0.,1.));
#1990 = PCURVE('',#77,#1991);
#1991 = DEFINITIONAL_REPRESENTATION('',(#1992),#1996);
#1992 = LINE('',#1993,#1994);
#1993 = CARTESIAN_POINT('',(9.20673828125,-82.94677734375));
#1994 = VECTOR('',#1995,1.);
#1995 = DIRECTION('',(-1.,0.));
#1996 = ( GEOMETRIC_REPRESENTATION_CONTEXT(2) 
PARAMETRIC_REPRESENTATION_CONTEXT() REPRESENTATION_CONTEXT('2D SPACE',''
  ) );
#1997 = PCURVE('',#1998,#2003);
#1998 = PLANE('',#1999);
#1999 = AXIS2_PLACEMENT_3D('',#2000,#2001,#2002);
#2000 = CARTESIAN_POINT('',(7.94677734375,-18.,5.89326171875));
#2001 = DIRECTION('',(-1.,0.,0.));
#2002 = DIRECTION('',(0.,0.,1.));
#2003 = DEFINITIONAL_REPRESENTATION('',(#2004),#2008);
#2004 = LINE('',#2005,#2006);
#2005 = CARTESIAN_POINT('',(0.,0.));
#2006 = VECTOR('',#2007,1.);
#2007 = DIRECTION('',(1.,0.));
#2008 = ( GEOMETRIC_REPRESENTATION_CONTEXT(2) 
PARAMETRIC_REPRESENTATION_CONTEXT() REPRESENTATION_CONTEXT('2D SPACE',''
  ) );
#2009 = ORIENTED_EDGE('',*,*,#2010,.F.);
#2010 = EDGE_CURVE('',#2011,#1983,#2013,.T.);
#2011 = VERTEX_POINT('',#2012);
#2012 = CARTESIAN_POINT('',(8.92431640625,-18.,5.61982421875));
#2013 = SURFACE_CURVE('',#2014,(#2018,#2025),.PCURVE_S1.);
#2014 = B_SPLINE_CURVE_WITH_KNOTS('',2,(#2015,#2016,#2017),
  .UNSPECIFIED.,.F.,.F.,(3,3),(0.,1.),.PIECEWISE_BEZIER_KNOTS.);
#2015 = CARTESIAN_POINT('',(8.92431640625,-18.,5.61982421875));
#2016 = CARTESIAN_POINT('',(8.435546875,-18.,5.712109375));
#2017 = CARTESIAN_POINT('',(7.94677734375,-18.,5.89326171875));
#2018 = PCURVE('',#77,#2019);
#2019 = DEFINITIONAL_REPRESENTATION('',(#2020),#2024);
#2020 = B_SPLINE_CURVE_WITH_KNOTS('',2,(#2021,#2022,#2023),
  .UNSPECIFIED.,.F.,.F.,(3,3),(0.,1.),.PIECEWISE_BEZIER_KNOTS.);
#2021 = CARTESIAN_POINT('',(9.48017578125,-83.92431640625));
#2022 = CARTESIAN_POINT('',(9.387890625,-83.435546875));
#2023 = CARTESIAN_POINT('',(9.20673828125,-82.94677734375));
#2024 = ( GEOMETRIC_REPRESENTATION_CONTEXT(2) 
PARAMETRIC_REPRESENTATION_CONTEXT() REPRESENTATION_CONTEXT('2D SPACE',''
  ) );
#2025 = PCURVE('',#2026,#2033);
#2026 = SURFACE_OF_LINEAR_EXTRUSION('',#2027,#2031);
#2027 = B_SPLINE_CURVE_WITH_KNOTS('',2,(#2028,#2029,#2030),
  .UNSPECIFIED.,.F.,.F.,(3,3),(0.,1.),.PIECEWISE_BEZIER_KNOTS.);
#2028 = CARTESIAN_POINT('',(8.92431640625,-18.,5.61982421875));
#2029 = CARTESIAN_POINT('',(8.435546875,-18.,5.712109375));
#2030 = CARTESIAN_POINT('',(7.94677734375,-18.,5.89326171875));
#2031 = VECTOR('',#2032,1.);
#2032 = DIRECTION('',(-0.,1.,-0.));
#2033 = DEFINITIONAL_REPRESENTATION('',(#2034),#2038);
#2034 = LINE('',#2035,#2036);
#2035 = CARTESIAN_POINT('',(0.,0.));
#2036 = VECTOR('',#2037,1.);
#2037 = DIRECTION('',(1.,0.));
#2038 = ( GEOMETRIC_REPRESENTATION_CONTEXT(2) 
PARAMETRIC_REPRESENTATION_CONTEXT() REPRESENTATION_CONTEXT('2D SPACE',''
  ) );
#2039 = ORIENTED_EDGE('',*,*,#2040,.F.);
#2040 = EDGE_CURVE('',#2041,#2011,#2043,.T.);
#2041 = VERTEX_POINT('',#2042);
#2042 = CARTESIAN_POINT('',(9.8984375,-18.,5.5275390625));
#2043 = SURFACE_CURVE('',#2044,(#2048,#2055),.PCURVE_S1.);
#2044 = B_SPLINE_CURVE_WITH_KNOTS('',2,(#2045,#2046,#2047),
  .UNSPECIFIED.,.F.,.F.,(3,3),(0.,1.),.PIECEWISE_BEZIER_KNOTS.);
#2045 = CARTESIAN_POINT('',(9.8984375,-18.,5.5275390625));
#2046 = CARTESIAN_POINT('',(9.4130859375,-18.,5.5275390625));
#2047 = CARTESIAN_POINT('',(8.92431640625,-18.,5.61982421875));
#2048 = PCURVE('',#77,#2049);
#2049 = DEFINITIONAL_REPRESENTATION('',(#2050),#2054);
#2050 = B_SPLINE_CURVE_WITH_KNOTS('',2,(#2051,#2052,#2053),
  .UNSPECIFIED.,.F.,.F.,(3,3),(0.,1.),.PIECEWISE_BEZIER_KNOTS.);
#2051 = CARTESIAN_POINT('',(9.5724609375,-84.8984375));
#2052 = CARTESIAN_POINT('',(9.5724609375,-84.4130859375));
#2053 = CARTESIAN_POINT('',(9.48017578125,-83.92431640625));
#2054 = ( GEOMETRIC_REPRESENTATION_CONTEXT(2) 
PARAMETRIC_REPRESENTATION_CONTEXT() REPRESENTATION_CONTEXT('2D SPACE',''
  ) );
#2055 = PCURVE('',#2056,#2063);
#2056 = SURFACE_OF_LINEAR_EXTRUSION('',#2057,#2061);
#2057 = B_SPLINE_CURVE_WITH_KNOTS('',2,(#2058,#2059,#2060),
  .UNSPECIFIED.,.F.,.F.,(3,3),(0.,1.),.PIECEWISE_BEZIER_KNOTS.);
#2058 = CARTESIAN_POINT('',(9.8984375,-18.,5.5275390625));
#2059 = CARTESIAN_POINT('',(9.4130859375,-18.,5.5275390625));
#2060 = CARTESIAN_POINT('',(8.92431640625,-18.,5.61982421875));
#2061 = VECTOR('',#2062,1.);
#2062 = DIRECTION('',(-0.,1.,-0.));
#2063 = DEFINITIONAL_REPRESENTATION('',(#2064),#2068);
#2064 = LINE('',#2065,#2066);
#2065 = CARTESIAN_POINT('',(0.,0.));
#2066 = VECTOR('',#2067,1.);
#2067 = DIRECTION('',(1.,0.));
#2068 = ( GEOMETRIC_REPRESENTATION_CONTEXT(2) 
PARAMETRIC_REPRESENTATION_CONTEXT() REPRESENTATION_CONTEXT('2D SPACE',''
  ) );
#2069 = ORIENTED_EDGE('',*,*,#2070,.F.);
#2070 = EDGE_CURVE('',#2071,#2041,#2073,.T.);
#2071 = VERTEX_POINT('',#2072);
#2072 = CARTESIAN_POINT('',(11.427978515625,-18.,5.939404296875));
#2073 = SURFACE_CURVE('',#2074,(#2078,#2085),.PCURVE_S1.);
#2074 = B_SPLINE_CURVE_WITH_KNOTS('',2,(#2075,#2076,#2077),
  .UNSPECIFIED.,.F.,.F.,(3,3),(0.,1.),.PIECEWISE_BEZIER_KNOTS.);
#2075 = CARTESIAN_POINT('',(11.427978515625,-18.,5.939404296875));
#2076 = CARTESIAN_POINT('',(10.92724609375,-18.,5.5275390625));
#2077 = CARTESIAN_POINT('',(9.8984375,-18.,5.5275390625));
#2078 = PCURVE('',#77,#2079);
#2079 = DEFINITIONAL_REPRESENTATION('',(#2080),#2084);
#2080 = B_SPLINE_CURVE_WITH_KNOTS('',2,(#2081,#2082,#2083),
  .UNSPECIFIED.,.F.,.F.,(3,3),(0.,1.),.PIECEWISE_BEZIER_KNOTS.);
#2081 = CARTESIAN_POINT('',(9.160595703125,-86.42797851562));
#2082 = CARTESIAN_POINT('',(9.5724609375,-85.92724609375));
#2083 = CARTESIAN_POINT('',(9.5724609375,-84.8984375));
#2084 = ( GEOMETRIC_REPRESENTATION_CONTEXT(2) 
PARAMETRIC_REPRESENTATION_CONTEXT() REPRESENTATION_CONTEXT('2D SPACE',''
  ) );
#2085 = PCURVE('',#2086,#2093);
#2086 = SURFACE_OF_LINEAR_EXTRUSION('',#2087,#2091);
#2087 = B_SPLINE_CURVE_WITH_KNOTS('',2,(#2088,#2089,#2090),
  .UNSPECIFIED.,.F.,.F.,(3,3),(0.,1.),.PIECEWISE_BEZIER_KNOTS.);
#2088 = CARTESIAN_POINT('',(11.427978515625,-18.,5.939404296875));
#2089 = CARTESIAN_POINT('',(10.92724609375,-18.,5.5275390625));
#2090 = CARTESIAN_POINT('',(9.8984375,-18.,5.5275390625));
#2091 = VECTOR('',#2092,1.);
#2092 = DIRECTION('',(-0.,1.,-0.));
#2093 = DEFINITIONAL_REPRESENTATION('',(#2094),#2098);
#2094 = LINE('',#2095,#2096);
#2095 = CARTESIAN_POINT('',(0.,0.));
#2096 = VECTOR('',#2097,1.);
#2097 = DIRECTION('',(1.,0.));
#2098 = ( GEOMETRIC_REPRESENTATION_CONTEXT(2) 
PARAMETRIC_REPRESENTATION_CONTEXT() REPRESENTATION_CONTEXT('2D SPACE',''
  ) );
#2099 = ORIENTED_EDGE('',*,*,#2100,.F.);
#2100 = EDGE_CURVE('',#2101,#2071,#2103,.T.);
#2101 = VERTEX_POINT('',#2102);
#2102 = CARTESIAN_POINT('',(11.9287109375,-18.,7.1955078125));
#2103 = SURFACE_CURVE('',#2104,(#2108,#2115),.PCURVE_S1.);
#2104 = B_SPLINE_CURVE_WITH_KNOTS('',2,(#2105,#2106,#2107),
  .UNSPECIFIED.,.F.,.F.,(3,3),(0.,1.),.PIECEWISE_BEZIER_KNOTS.);
#2105 = CARTESIAN_POINT('',(11.9287109375,-18.,7.1955078125));
#2106 = CARTESIAN_POINT('',(11.9287109375,-18.,6.35126953125));
#2107 = CARTESIAN_POINT('',(11.427978515625,-18.,5.939404296875));
#2108 = PCURVE('',#77,#2109);
#2109 = DEFINITIONAL_REPRESENTATION('',(#2110),#2114);
#2110 = B_SPLINE_CURVE_WITH_KNOTS('',2,(#2111,#2112,#2113),
  .UNSPECIFIED.,.F.,.F.,(3,3),(0.,1.),.PIECEWISE_BEZIER_KNOTS.);
#2111 = CARTESIAN_POINT('',(7.9044921875,-86.9287109375));
#2112 = CARTESIAN_POINT('',(8.74873046875,-86.9287109375));
#2113 = CARTESIAN_POINT('',(9.160595703125,-86.42797851562));
#2114 = ( GEOMETRIC_REPRESENTATION_CONTEXT(2) 
PARAMETRIC_REPRESENTATION_CONTEXT() REPRESENTATION_CONTEXT('2D SPACE',''
  ) );
#2115 = PCURVE('',#2116,#2123);
#2116 = SURFACE_OF_LINEAR_EXTRUSION('',#2117,#2121);
#2117 = B_SPLINE_CURVE_WITH_KNOTS('',2,(#2118,#2119,#2120),
  .UNSPECIFIED.,.F.,.F.,(3,3),(0.,1.),.PIECEWISE_BEZIER_KNOTS.);
#2118 = CARTESIAN_POINT('',(11.9287109375,-18.,7.1955078125));
#2119 = CARTESIAN_POINT('',(11.9287109375,-18.,6.35126953125));
#2120 = CARTESIAN_POINT('',(11.427978515625,-18.,5.939404296875));
#2121 = VECTOR('',#2122,1.);
#2122 = DIRECTION('',(-0.,1.,-0.));
#2123 = DEFINITIONAL_REPRESENTATION('',(#2124),#2128);
#2124 = LINE('',#2125,#2126);
#2125 = CARTESIAN_POINT('',(0.,0.));
#2126 = VECTOR('',#2127,1.);
#2127 = DIRECTION('',(1.,0.));
#2128 = ( GEOMETRIC_REPRESENTATION_CONTEXT(2) 
PARAMETRIC_REPRESENTATION_CONTEXT() REPRESENTATION_CONTEXT('2D SPACE',''
  ) );
#2129 = ORIENTED_EDGE('',*,*,#2130,.F.);
#2130 = EDGE_CURVE('',#2131,#2101,#2133,.T.);
#2131 = VERTEX_POINT('',#2132);
#2132 = CARTESIAN_POINT('',(11.56982421875,-18.,8.18671875));
#2133 = SURFACE_CURVE('',#2134,(#2138,#2145),.PCURVE_S1.);
#2134 = B_SPLINE_CURVE_WITH_KNOTS('',2,(#2135,#2136,#2137),
  .UNSPECIFIED.,.F.,.F.,(3,3),(0.,1.),.PIECEWISE_BEZIER_KNOTS.);
#2135 = CARTESIAN_POINT('',(11.56982421875,-18.,8.18671875));
#2136 = CARTESIAN_POINT('',(11.9287109375,-18.,7.8380859375));
#2137 = CARTESIAN_POINT('',(11.9287109375,-18.,7.1955078125));
#2138 = PCURVE('',#77,#2139);
#2139 = DEFINITIONAL_REPRESENTATION('',(#2140),#2144);
#2140 = B_SPLINE_CURVE_WITH_KNOTS('',2,(#2141,#2142,#2143),
  .UNSPECIFIED.,.F.,.F.,(3,3),(0.,1.),.PIECEWISE_BEZIER_KNOTS.);
#2141 = CARTESIAN_POINT('',(6.91328125,-86.56982421875));
#2142 = CARTESIAN_POINT('',(7.2619140625,-86.9287109375));
#2143 = CARTESIAN_POINT('',(7.9044921875,-86.9287109375));
#2144 = ( GEOMETRIC_REPRESENTATION_CONTEXT(2) 
PARAMETRIC_REPRESENTATION_CONTEXT() REPRESENTATION_CONTEXT('2D SPACE',''
  ) );
#2145 = PCURVE('',#2146,#2153);
#2146 = SURFACE_OF_LINEAR_EXTRUSION('',#2147,#2151);
#2147 = B_SPLINE_CURVE_WITH_KNOTS('',2,(#2148,#2149,#2150),
  .UNSPECIFIED.,.F.,.F.,(3,3),(0.,1.),.PIECEWISE_BEZIER_KNOTS.);
#2148 = CARTESIAN_POINT('',(11.56982421875,-18.,8.18671875));
#2149 = CARTESIAN_POINT('',(11.9287109375,-18.,7.8380859375));
#2150 = CARTESIAN_POINT('',(11.9287109375,-18.,7.1955078125));
#2151 = VECTOR('',#2152,1.);
#2152 = DIRECTION('',(-0.,1.,-0.));
#2153 = DEFINITIONAL_REPRESENTATION('',(#2154),#2158);
#2154 = LINE('',#2155,#2156);
#2155 = CARTESIAN_POINT('',(0.,0.));
#2156 = VECTOR('',#2157,1.);
#2157 = DIRECTION('',(1.,0.));
#2158 = ( GEOMETRIC_REPRESENTATION_CONTEXT(2) 
PARAMETRIC_REPRESENTATION_CONTEXT() REPRESENTATION_CONTEXT('2D SPACE',''
  ) );
#2159 = ORIENTED_EDGE('',*,*,#2160,.F.);
#2160 = EDGE_CURVE('',#2161,#2131,#2163,.T.);
#2161 = VERTEX_POINT('',#2162);
#2162 = CARTESIAN_POINT('',(10.35986328125,-18.,8.70625));
#2163 = SURFACE_CURVE('',#2164,(#2168,#2175),.PCURVE_S1.);
#2164 = B_SPLINE_CURVE_WITH_KNOTS('',2,(#2165,#2166,#2167),
  .UNSPECIFIED.,.F.,.F.,(3,3),(0.,1.),.PIECEWISE_BEZIER_KNOTS.);
#2165 = CARTESIAN_POINT('',(10.35986328125,-18.,8.70625));
#2166 = CARTESIAN_POINT('',(11.2109375,-18.,8.5353515625));
#2167 = CARTESIAN_POINT('',(11.56982421875,-18.,8.18671875));
#2168 = PCURVE('',#77,#2169);
#2169 = DEFINITIONAL_REPRESENTATION('',(#2170),#2174);
#2170 = B_SPLINE_CURVE_WITH_KNOTS('',2,(#2171,#2172,#2173),
  .UNSPECIFIED.,.F.,.F.,(3,3),(0.,1.),.PIECEWISE_BEZIER_KNOTS.);
#2171 = CARTESIAN_POINT('',(6.39375,-85.35986328125));
#2172 = CARTESIAN_POINT('',(6.5646484375,-86.2109375));
#2173 = CARTESIAN_POINT('',(6.91328125,-86.56982421875));
#2174 = ( GEOMETRIC_REPRESENTATION_CONTEXT(2) 
PARAMETRIC_REPRESENTATION_CONTEXT() REPRESENTATION_CONTEXT('2D SPACE',''
  ) );
#2175 = PCURVE('',#2176,#2183);
#2176 = SURFACE_OF_LINEAR_EXTRUSION('',#2177,#2181);
#2177 = B_SPLINE_CURVE_WITH_KNOTS('',2,(#2178,#2179,#2180),
  .UNSPECIFIED.,.F.,.F.,(3,3),(0.,1.),.PIECEWISE_BEZIER_KNOTS.);
#2178 = CARTESIAN_POINT('',(10.35986328125,-18.,8.70625));
#2179 = CARTESIAN_POINT('',(11.2109375,-18.,8.5353515625));
#2180 = CARTESIAN_POINT('',(11.56982421875,-18.,8.18671875));
#2181 = VECTOR('',#2182,1.);
#2182 = DIRECTION('',(-0.,1.,-0.));
#2183 = DEFINITIONAL_REPRESENTATION('',(#2184),#2188);
#2184 = LINE('',#2185,#2186);
#2185 = CARTESIAN_POINT('',(0.,0.));
#2186 = VECTOR('',#2187,1.);
#2187 = DIRECTION('',(1.,0.));
#2188 = ( GEOMETRIC_REPRESENTATION_CONTEXT(2) 
PARAMETRIC_REPRESENTATION_CONTEXT() REPRESENTATION_CONTEXT('2D SPACE',''
  ) );
#2189 = ORIENTED_EDGE('',*,*,#2190,.F.);
#2190 = EDGE_CURVE('',#2191,#2161,#2193,.T.);
#2191 = VERTEX_POINT('',#2192);
#2192 = CARTESIAN_POINT('',(9.79931640625,-18.,8.81904296875));
#2193 = SURFACE_CURVE('',#2194,(#2198,#2205),.PCURVE_S1.);
#2194 = LINE('',#2195,#2196);
#2195 = CARTESIAN_POINT('',(9.79931640625,-18.,8.81904296875));
#2196 = VECTOR('',#2197,1.);
#2197 = DIRECTION('',(0.980350088606,0.,-0.19726556661));
#2198 = PCURVE('',#77,#2199);
#2199 = DEFINITIONAL_REPRESENTATION('',(#2200),#2204);
#2200 = LINE('',#2201,#2202);
#2201 = CARTESIAN_POINT('',(6.28095703125,-84.79931640625));
#2202 = VECTOR('',#2203,1.);
#2203 = DIRECTION('',(0.19726556661,-0.980350088606));
#2204 = ( GEOMETRIC_REPRESENTATION_CONTEXT(2) 
PARAMETRIC_REPRESENTATION_CONTEXT() REPRESENTATION_CONTEXT('2D SPACE',''
  ) );
#2205 = PCURVE('',#2206,#2211);
#2206 = PLANE('',#2207);
#2207 = AXIS2_PLACEMENT_3D('',#2208,#2209,#2210);
#2208 = CARTESIAN_POINT('',(9.79931640625,-18.,8.81904296875));
#2209 = DIRECTION('',(0.19726556661,0.,0.980350088606));
#2210 = DIRECTION('',(0.980350088606,0.,-0.19726556661));
#2211 = DEFINITIONAL_REPRESENTATION('',(#2212),#2216);
#2212 = LINE('',#2213,#2214);
#2213 = CARTESIAN_POINT('',(0.,0.));
#2214 = VECTOR('',#2215,1.);
#2215 = DIRECTION('',(1.,0.));
#2216 = ( GEOMETRIC_REPRESENTATION_CONTEXT(2) 
PARAMETRIC_REPRESENTATION_CONTEXT() REPRESENTATION_CONTEXT('2D SPACE',''
  ) );
#2217 = ORIENTED_EDGE('',*,*,#2218,.F.);
#2218 = EDGE_CURVE('',#2219,#2191,#2221,.T.);
#2219 = VERTEX_POINT('',#2220);
#2220 = CARTESIAN_POINT('',(9.247314453125,-18.,9.015576171875));
#2221 = SURFACE_CURVE('',#2222,(#2226,#2233),.PCURVE_S1.);
#2222 = B_SPLINE_CURVE_WITH_KNOTS('',2,(#2223,#2224,#2225),
  .UNSPECIFIED.,.F.,.F.,(3,3),(0.,1.),.PIECEWISE_BEZIER_KNOTS.);
#2223 = CARTESIAN_POINT('',(9.247314453125,-18.,9.015576171875));
#2224 = CARTESIAN_POINT('',(9.3994140625,-18.,8.90107421875));
#2225 = CARTESIAN_POINT('',(9.79931640625,-18.,8.81904296875));
#2226 = PCURVE('',#77,#2227);
#2227 = DEFINITIONAL_REPRESENTATION('',(#2228),#2232);
#2228 = B_SPLINE_CURVE_WITH_KNOTS('',2,(#2229,#2230,#2231),
  .UNSPECIFIED.,.F.,.F.,(3,3),(0.,1.),.PIECEWISE_BEZIER_KNOTS.);
#2229 = CARTESIAN_POINT('',(6.084423828125,-84.24731445312));
#2230 = CARTESIAN_POINT('',(6.19892578125,-84.3994140625));
#2231 = CARTESIAN_POINT('',(6.28095703125,-84.79931640625));
#2232 = ( GEOMETRIC_REPRESENTATION_CONTEXT(2) 
PARAMETRIC_REPRESENTATION_CONTEXT() REPRESENTATION_CONTEXT('2D SPACE',''
  ) );
#2233 = PCURVE('',#2234,#2241);
#2234 = SURFACE_OF_LINEAR_EXTRUSION('',#2235,#2239);
#2235 = B_SPLINE_CURVE_WITH_KNOTS('',2,(#2236,#2237,#2238),
  .UNSPECIFIED.,.F.,.F.,(3,3),(0.,1.),.PIECEWISE_BEZIER_KNOTS.);
#2236 = CARTESIAN_POINT('',(9.247314453125,-18.,9.015576171875));
#2237 = CARTESIAN_POINT('',(9.3994140625,-18.,8.90107421875));
#2238 = CARTESIAN_POINT('',(9.79931640625,-18.,8.81904296875));
#2239 = VECTOR('',#2240,1.);
#2240 = DIRECTION('',(-0.,1.,-0.));
#2241 = DEFINITIONAL_REPRESENTATION('',(#2242),#2246);
#2242 = LINE('',#2243,#2244);
#2243 = CARTESIAN_POINT('',(0.,0.));
#2244 = VECTOR('',#2245,1.);
#2245 = DIRECTION('',(1.,0.));
#2246 = ( GEOMETRIC_REPRESENTATION_CONTEXT(2) 
PARAMETRIC_REPRESENTATION_CONTEXT() REPRESENTATION_CONTEXT('2D SPACE',''
  ) );
#2247 = ORIENTED_EDGE('',*,*,#2248,.F.);
#2248 = EDGE_CURVE('',#2249,#2219,#2251,.T.);
#2249 = VERTEX_POINT('',#2250);
#2250 = CARTESIAN_POINT('',(9.09521484375,-18.,9.33515625));
#2251 = SURFACE_CURVE('',#2252,(#2256,#2263),.PCURVE_S1.);
#2252 = B_SPLINE_CURVE_WITH_KNOTS('',2,(#2253,#2254,#2255),
  .UNSPECIFIED.,.F.,.F.,(3,3),(0.,1.),.PIECEWISE_BEZIER_KNOTS.);
#2253 = CARTESIAN_POINT('',(9.09521484375,-18.,9.33515625));
#2254 = CARTESIAN_POINT('',(9.09521484375,-18.,9.130078125));
#2255 = CARTESIAN_POINT('',(9.247314453125,-18.,9.015576171875));
#2256 = PCURVE('',#77,#2257);
#2257 = DEFINITIONAL_REPRESENTATION('',(#2258),#2262);
#2258 = B_SPLINE_CURVE_WITH_KNOTS('',2,(#2259,#2260,#2261),
  .UNSPECIFIED.,.F.,.F.,(3,3),(0.,1.),.PIECEWISE_BEZIER_KNOTS.);
#2259 = CARTESIAN_POINT('',(5.76484375,-84.09521484375));
#2260 = CARTESIAN_POINT('',(5.969921875,-84.09521484375));
#2261 = CARTESIAN_POINT('',(6.084423828125,-84.24731445312));
#2262 = ( GEOMETRIC_REPRESENTATION_CONTEXT(2) 
PARAMETRIC_REPRESENTATION_CONTEXT() REPRESENTATION_CONTEXT('2D SPACE',''
  ) );
#2263 = PCURVE('',#2264,#2271);
#2264 = SURFACE_OF_LINEAR_EXTRUSION('',#2265,#2269);
#2265 = B_SPLINE_CURVE_WITH_KNOTS('',2,(#2266,#2267,#2268),
  .UNSPECIFIED.,.F.,.F.,(3,3),(0.,1.),.PIECEWISE_BEZIER_KNOTS.);
#2266 = CARTESIAN_POINT('',(9.09521484375,-18.,9.33515625));
#2267 = CARTESIAN_POINT('',(9.09521484375,-18.,9.130078125));
#2268 = CARTESIAN_POINT('',(9.247314453125,-18.,9.015576171875));
#2269 = VECTOR('',#2270,1.);
#2270 = DIRECTION('',(-0.,1.,-0.));
#2271 = DEFINITIONAL_REPRESENTATION('',(#2272),#2276);
#2272 = LINE('',#2273,#2274);
#2273 = CARTESIAN_POINT('',(0.,0.));
#2274 = VECTOR('',#2275,1.);
#2275 = DIRECTION('',(1.,0.));
#2276 = ( GEOMETRIC_REPRESENTATION_CONTEXT(2) 
PARAMETRIC_REPRESENTATION_CONTEXT() REPRESENTATION_CONTEXT('2D SPACE',''
  ) );
#2277 = ORIENTED_EDGE('',*,*,#2278,.F.);
#2278 = EDGE_CURVE('',#2279,#2249,#2281,.T.);
#2279 = VERTEX_POINT('',#2280);
#2280 = CARTESIAN_POINT('',(9.32080078125,-18.,9.7384765625));
#2281 = SURFACE_CURVE('',#2282,(#2286,#2293),.PCURVE_S1.);
#2282 = B_SPLINE_CURVE_WITH_KNOTS('',2,(#2283,#2284,#2285),
  .UNSPECIFIED.,.F.,.F.,(3,3),(0.,1.),.PIECEWISE_BEZIER_KNOTS.);
#2283 = CARTESIAN_POINT('',(9.32080078125,-18.,9.7384765625));
#2284 = CARTESIAN_POINT('',(9.09521484375,-18.,9.60859375));
#2285 = CARTESIAN_POINT('',(9.09521484375,-18.,9.33515625));
#2286 = PCURVE('',#77,#2287);
#2287 = DEFINITIONAL_REPRESENTATION('',(#2288),#2292);
#2288 = B_SPLINE_CURVE_WITH_KNOTS('',2,(#2289,#2290,#2291),
  .UNSPECIFIED.,.F.,.F.,(3,3),(0.,1.),.PIECEWISE_BEZIER_KNOTS.);
#2289 = CARTESIAN_POINT('',(5.3615234375,-84.32080078125));
#2290 = CARTESIAN_POINT('',(5.49140625,-84.09521484375));
#2291 = CARTESIAN_POINT('',(5.76484375,-84.09521484375));
#2292 = ( GEOMETRIC_REPRESENTATION_CONTEXT(2) 
PARAMETRIC_REPRESENTATION_CONTEXT() REPRESENTATION_CONTEXT('2D SPACE',''
  ) );
#2293 = PCURVE('',#2294,#2301);
#2294 = SURFACE_OF_LINEAR_EXTRUSION('',#2295,#2299);
#2295 = B_SPLINE_CURVE_WITH_KNOTS('',2,(#2296,#2297,#2298),
  .UNSPECIFIED.,.F.,.F.,(3,3),(0.,1.),.PIECEWISE_BEZIER_KNOTS.);
#2296 = CARTESIAN_POINT('',(9.32080078125,-18.,9.7384765625));
#2297 = CARTESIAN_POINT('',(9.09521484375,-18.,9.60859375));
#2298 = CARTESIAN_POINT('',(9.09521484375,-18.,9.33515625));
#2299 = VECTOR('',#2300,1.);
#2300 = DIRECTION('',(-0.,1.,-0.));
#2301 = DEFINITIONAL_REPRESENTATION('',(#2302),#2306);
#2302 = LINE('',#2303,#2304);
#2303 = CARTESIAN_POINT('',(0.,0.));
#2304 = VECTOR('',#2305,1.);
#2305 = DIRECTION('',(1.,0.));
#2306 = ( GEOMETRIC_REPRESENTATION_CONTEXT(2) 
PARAMETRIC_REPRESENTATION_CONTEXT() REPRESENTATION_CONTEXT('2D SPACE',''
  ) );
#2307 = ORIENTED_EDGE('',*,*,#2308,.F.);
#2308 = EDGE_CURVE('',#2309,#2279,#2311,.T.);
#2309 = VERTEX_POINT('',#2310);
#2310 = CARTESIAN_POINT('',(10.01806640625,-18.,9.868359375));
#2311 = SURFACE_CURVE('',#2312,(#2316,#2323),.PCURVE_S1.);
#2312 = B_SPLINE_CURVE_WITH_KNOTS('',2,(#2313,#2314,#2315),
  .UNSPECIFIED.,.F.,.F.,(3,3),(0.,1.),.PIECEWISE_BEZIER_KNOTS.);
#2313 = CARTESIAN_POINT('',(10.01806640625,-18.,9.868359375));
#2314 = CARTESIAN_POINT('',(9.54638671875,-18.,9.868359375));
#2315 = CARTESIAN_POINT('',(9.32080078125,-18.,9.7384765625));
#2316 = PCURVE('',#77,#2317);
#2317 = DEFINITIONAL_REPRESENTATION('',(#2318),#2322);
#2318 = B_SPLINE_CURVE_WITH_KNOTS('',2,(#2319,#2320,#2321),
  .UNSPECIFIED.,.F.,.F.,(3,3),(0.,1.),.PIECEWISE_BEZIER_KNOTS.);
#2319 = CARTESIAN_POINT('',(5.231640625,-85.01806640625));
#2320 = CARTESIAN_POINT('',(5.231640625,-84.54638671875));
#2321 = CARTESIAN_POINT('',(5.3615234375,-84.32080078125));
#2322 = ( GEOMETRIC_REPRESENTATION_CONTEXT(2) 
PARAMETRIC_REPRESENTATION_CONTEXT() REPRESENTATION_CONTEXT('2D SPACE',''
  ) );
#2323 = PCURVE('',#2324,#2331);
#2324 = SURFACE_OF_LINEAR_EXTRUSION('',#2325,#2329);
#2325 = B_SPLINE_CURVE_WITH_KNOTS('',2,(#2326,#2327,#2328),
  .UNSPECIFIED.,.F.,.F.,(3,3),(0.,1.),.PIECEWISE_BEZIER_KNOTS.);
#2326 = CARTESIAN_POINT('',(10.01806640625,-18.,9.868359375));
#2327 = CARTESIAN_POINT('',(9.54638671875,-18.,9.868359375));
#2328 = CARTESIAN_POINT('',(9.32080078125,-18.,9.7384765625));
#2329 = VECTOR('',#2330,1.);
#2330 = DIRECTION('',(-0.,1.,-0.));
#2331 = DEFINITIONAL_REPRESENTATION('',(#2332),#2336);
#2332 = LINE('',#2333,#2334);
#2333 = CARTESIAN_POINT('',(0.,0.));
#2334 = VECTOR('',#2335,1.);
#2335 = DIRECTION('',(1.,0.));
#2336 = ( GEOMETRIC_REPRESENTATION_CONTEXT(2) 
PARAMETRIC_REPRESENTATION_CONTEXT() REPRESENTATION_CONTEXT('2D SPACE',''
  ) );
#2337 = ORIENTED_EDGE('',*,*,#2338,.F.);
#2338 = EDGE_CURVE('',#2339,#2309,#2341,.T.);
#2339 = VERTEX_POINT('',#2340);
#2340 = CARTESIAN_POINT('',(10.7734375,-18.,9.77265625));
#2341 = SURFACE_CURVE('',#2342,(#2346,#2353),.PCURVE_S1.);
#2342 = B_SPLINE_CURVE_WITH_KNOTS('',2,(#2343,#2344,#2345),
  .UNSPECIFIED.,.F.,.F.,(3,3),(0.,1.),.PIECEWISE_BEZIER_KNOTS.);
#2343 = CARTESIAN_POINT('',(10.7734375,-18.,9.77265625));
#2344 = CARTESIAN_POINT('',(10.37353515625,-18.,9.868359375));
#2345 = CARTESIAN_POINT('',(10.01806640625,-18.,9.868359375));
#2346 = PCURVE('',#77,#2347);
#2347 = DEFINITIONAL_REPRESENTATION('',(#2348),#2352);
#2348 = B_SPLINE_CURVE_WITH_KNOTS('',2,(#2349,#2350,#2351),
  .UNSPECIFIED.,.F.,.F.,(3,3),(0.,1.),.PIECEWISE_BEZIER_KNOTS.);
#2349 = CARTESIAN_POINT('',(5.32734375,-85.7734375));
#2350 = CARTESIAN_POINT('',(5.231640625,-85.37353515625));
#2351 = CARTESIAN_POINT('',(5.231640625,-85.01806640625));
#2352 = ( GEOMETRIC_REPRESENTATION_CONTEXT(2) 
PARAMETRIC_REPRESENTATION_CONTEXT() REPRESENTATION_CONTEXT('2D SPACE',''
  ) );
#2353 = PCURVE('',#2354,#2361);
#2354 = SURFACE_OF_LINEAR_EXTRUSION('',#2355,#2359);
#2355 = B_SPLINE_CURVE_WITH_KNOTS('',2,(#2356,#2357,#2358),
  .UNSPECIFIED.,.F.,.F.,(3,3),(0.,1.),.PIECEWISE_BEZIER_KNOTS.);
#2356 = CARTESIAN_POINT('',(10.7734375,-18.,9.77265625));
#2357 = CARTESIAN_POINT('',(10.37353515625,-18.,9.868359375));
#2358 = CARTESIAN_POINT('',(10.01806640625,-18.,9.868359375));
#2359 = VECTOR('',#2360,1.);
#2360 = DIRECTION('',(-0.,1.,-0.));
#2361 = DEFINITIONAL_REPRESENTATION('',(#2362),#2366);
#2362 = LINE('',#2363,#2364);
#2363 = CARTESIAN_POINT('',(0.,0.));
#2364 = VECTOR('',#2365,1.);
#2365 = DIRECTION('',(1.,0.));
#2366 = ( GEOMETRIC_REPRESENTATION_CONTEXT(2) 
PARAMETRIC_REPRESENTATION_CONTEXT() REPRESENTATION_CONTEXT('2D SPACE',''
  ) );
#2367 = ORIENTED_EDGE('',*,*,#2368,.F.);
#2368 = EDGE_CURVE('',#1567,#2339,#2369,.T.);
#2369 = SURFACE_CURVE('',#2370,(#2374,#2381),.PCURVE_S1.);
#2370 = B_SPLINE_CURVE_WITH_KNOTS('',2,(#2371,#2372,#2373),
  .UNSPECIFIED.,.F.,.F.,(3,3),(0.,1.),.PIECEWISE_BEZIER_KNOTS.);
#2371 = CARTESIAN_POINT('',(11.59375,-18.,9.48896484375));
#2372 = CARTESIAN_POINT('',(11.17333984375,-18.,9.676953125));
#2373 = CARTESIAN_POINT('',(10.7734375,-18.,9.77265625));
#2374 = PCURVE('',#77,#2375);
#2375 = DEFINITIONAL_REPRESENTATION('',(#2376),#2380);
#2376 = B_SPLINE_CURVE_WITH_KNOTS('',2,(#2377,#2378,#2379),
  .UNSPECIFIED.,.F.,.F.,(3,3),(0.,1.),.PIECEWISE_BEZIER_KNOTS.);
#2377 = CARTESIAN_POINT('',(5.61103515625,-86.59375));
#2378 = CARTESIAN_POINT('',(5.423046875,-86.17333984375));
#2379 = CARTESIAN_POINT('',(5.32734375,-85.7734375));
#2380 = ( GEOMETRIC_REPRESENTATION_CONTEXT(2) 
PARAMETRIC_REPRESENTATION_CONTEXT() REPRESENTATION_CONTEXT('2D SPACE',''
  ) );
#2381 = PCURVE('',#2382,#2389);
#2382 = SURFACE_OF_LINEAR_EXTRUSION('',#2383,#2387);
#2383 = B_SPLINE_CURVE_WITH_KNOTS('',2,(#2384,#2385,#2386),
  .UNSPECIFIED.,.F.,.F.,(3,3),(0.,1.),.PIECEWISE_BEZIER_KNOTS.);
#2384 = CARTESIAN_POINT('',(11.59375,-18.,9.48896484375));
#2385 = CARTESIAN_POINT('',(11.17333984375,-18.,9.676953125));
#2386 = CARTESIAN_POINT('',(10.7734375,-18.,9.77265625));
#2387 = VECTOR('',#2388,1.);
#2388 = DIRECTION('',(-0.,1.,-0.));
#2389 = DEFINITIONAL_REPRESENTATION('',(#2390),#2394);
#2390 = LINE('',#2391,#2392);
#2391 = CARTESIAN_POINT('',(0.,0.));
#2392 = VECTOR('',#2393,1.);
#2393 = DIRECTION('',(1.,0.));
#2394 = ( GEOMETRIC_REPRESENTATION_CONTEXT(2) 
PARAMETRIC_REPRESENTATION_CONTEXT() REPRESENTATION_CONTEXT('2D SPACE',''
  ) );
#2395 = FACE_BOUND('',#2396,.F.);
#2396 = EDGE_LOOP('',(#2397,#2427,#2455,#2483,#2511,#2539,#2567,#2595));
#2397 = ORIENTED_EDGE('',*,*,#2398,.F.);
#2398 = EDGE_CURVE('',#2399,#2401,#2403,.T.);
#2399 = VERTEX_POINT('',#2400);
#2400 = CARTESIAN_POINT('',(-7.21875,-18.,9.73505859375));
#2401 = VERTEX_POINT('',#2402);
#2402 = CARTESIAN_POINT('',(-7.21875,-18.,10.7296875));
#2403 = SURFACE_CURVE('',#2404,(#2408,#2415),.PCURVE_S1.);
#2404 = LINE('',#2405,#2406);
#2405 = CARTESIAN_POINT('',(-7.21875,-18.,9.73505859375));
#2406 = VECTOR('',#2407,1.);
#2407 = DIRECTION('',(0.,0.,1.));
#2408 = PCURVE('',#77,#2409);
#2409 = DEFINITIONAL_REPRESENTATION('',(#2410),#2414);
#2410 = LINE('',#2411,#2412);
#2411 = CARTESIAN_POINT('',(5.36494140625,-67.78125));
#2412 = VECTOR('',#2413,1.);
#2413 = DIRECTION('',(-1.,0.));
#2414 = ( GEOMETRIC_REPRESENTATION_CONTEXT(2) 
PARAMETRIC_REPRESENTATION_CONTEXT() REPRESENTATION_CONTEXT('2D SPACE',''
  ) );
#2415 = PCURVE('',#2416,#2421);
#2416 = PLANE('',#2417);
#2417 = AXIS2_PLACEMENT_3D('',#2418,#2419,#2420);
#2418 = CARTESIAN_POINT('',(-7.21875,-18.,9.73505859375));
#2419 = DIRECTION('',(-1.,0.,0.));
#2420 = DIRECTION('',(0.,0.,1.));
#2421 = DEFINITIONAL_REPRESENTATION('',(#2422),#2426);
#2422 = LINE('',#2423,#2424);
#2423 = CARTESIAN_POINT('',(0.,0.));
#2424 = VECTOR('',#2425,1.);
#2425 = DIRECTION('',(1.,0.));
#2426 = ( GEOMETRIC_REPRESENTATION_CONTEXT(2) 
PARAMETRIC_REPRESENTATION_CONTEXT() REPRESENTATION_CONTEXT('2D SPACE',''
  ) );
#2427 = ORIENTED_EDGE('',*,*,#2428,.F.);
#2428 = EDGE_CURVE('',#2429,#2399,#2431,.T.);
#2429 = VERTEX_POINT('',#2430);
#2430 = CARTESIAN_POINT('',(-5.5234375,-18.,9.73505859375));
#2431 = SURFACE_CURVE('',#2432,(#2436,#2443),.PCURVE_S1.);
#2432 = LINE('',#2433,#2434);
#2433 = CARTESIAN_POINT('',(-5.5234375,-18.,9.73505859375));
#2434 = VECTOR('',#2435,1.);
#2435 = DIRECTION('',(-1.,0.,0.));
#2436 = PCURVE('',#77,#2437);
#2437 = DEFINITIONAL_REPRESENTATION('',(#2438),#2442);
#2438 = LINE('',#2439,#2440);
#2439 = CARTESIAN_POINT('',(5.36494140625,-69.4765625));
#2440 = VECTOR('',#2441,1.);
#2441 = DIRECTION('',(0.,1.));
#2442 = ( GEOMETRIC_REPRESENTATION_CONTEXT(2) 
PARAMETRIC_REPRESENTATION_CONTEXT() REPRESENTATION_CONTEXT('2D SPACE',''
  ) );
#2443 = PCURVE('',#2444,#2449);
#2444 = PLANE('',#2445);
#2445 = AXIS2_PLACEMENT_3D('',#2446,#2447,#2448);
#2446 = CARTESIAN_POINT('',(-5.5234375,-18.,9.73505859375));
#2447 = DIRECTION('',(0.,0.,-1.));
#2448 = DIRECTION('',(-1.,0.,0.));
#2449 = DEFINITIONAL_REPRESENTATION('',(#2450),#2454);
#2450 = LINE('',#2451,#2452);
#2451 = CARTESIAN_POINT('',(0.,-0.));
#2452 = VECTOR('',#2453,1.);
#2453 = DIRECTION('',(1.,0.));
#2454 = ( GEOMETRIC_REPRESENTATION_CONTEXT(2) 
PARAMETRIC_REPRESENTATION_CONTEXT() REPRESENTATION_CONTEXT('2D SPACE',''
  ) );
#2455 = ORIENTED_EDGE('',*,*,#2456,.F.);
#2456 = EDGE_CURVE('',#2457,#2429,#2459,.T.);
#2457 = VERTEX_POINT('',#2458);
#2458 = CARTESIAN_POINT('',(-5.5234375,-18.,5.62666015625));
#2459 = SURFACE_CURVE('',#2460,(#2464,#2471),.PCURVE_S1.);
#2460 = LINE('',#2461,#2462);
#2461 = CARTESIAN_POINT('',(-5.5234375,-18.,5.62666015625));
#2462 = VECTOR('',#2463,1.);
#2463 = DIRECTION('',(0.,0.,1.));
#2464 = PCURVE('',#77,#2465);
#2465 = DEFINITIONAL_REPRESENTATION('',(#2466),#2470);
#2466 = LINE('',#2467,#2468);
#2467 = CARTESIAN_POINT('',(9.47333984375,-69.4765625));
#2468 = VECTOR('',#2469,1.);
#2469 = DIRECTION('',(-1.,0.));
#2470 = ( GEOMETRIC_REPRESENTATION_CONTEXT(2) 
PARAMETRIC_REPRESENTATION_CONTEXT() REPRESENTATION_CONTEXT('2D SPACE',''
  ) );
#2471 = PCURVE('',#2472,#2477);
#2472 = PLANE('',#2473);
#2473 = AXIS2_PLACEMENT_3D('',#2474,#2475,#2476);
#2474 = CARTESIAN_POINT('',(-5.5234375,-18.,5.62666015625));
#2475 = DIRECTION('',(-1.,0.,0.));
#2476 = DIRECTION('',(0.,0.,1.));
#2477 = DEFINITIONAL_REPRESENTATION('',(#2478),#2482);
#2478 = LINE('',#2479,#2480);
#2479 = CARTESIAN_POINT('',(0.,0.));
#2480 = VECTOR('',#2481,1.);
#2481 = DIRECTION('',(1.,0.));
#2482 = ( GEOMETRIC_REPRESENTATION_CONTEXT(2) 
PARAMETRIC_REPRESENTATION_CONTEXT() REPRESENTATION_CONTEXT('2D SPACE',''
  ) );
#2483 = ORIENTED_EDGE('',*,*,#2484,.F.);
#2484 = EDGE_CURVE('',#2485,#2457,#2487,.T.);
#2485 = VERTEX_POINT('',#2486);
#2486 = CARTESIAN_POINT('',(-4.20751953125,-18.,5.62666015625));
#2487 = SURFACE_CURVE('',#2488,(#2492,#2499),.PCURVE_S1.);
#2488 = LINE('',#2489,#2490);
#2489 = CARTESIAN_POINT('',(-4.20751953125,-18.,5.62666015625));
#2490 = VECTOR('',#2491,1.);
#2491 = DIRECTION('',(-1.,0.,0.));
#2492 = PCURVE('',#77,#2493);
#2493 = DEFINITIONAL_REPRESENTATION('',(#2494),#2498);
#2494 = LINE('',#2495,#2496);
#2495 = CARTESIAN_POINT('',(9.47333984375,-70.79248046875));
#2496 = VECTOR('',#2497,1.);
#2497 = DIRECTION('',(0.,1.));
#2498 = ( GEOMETRIC_REPRESENTATION_CONTEXT(2) 
PARAMETRIC_REPRESENTATION_CONTEXT() REPRESENTATION_CONTEXT('2D SPACE',''
  ) );
#2499 = PCURVE('',#2500,#2505);
#2500 = PLANE('',#2501);
#2501 = AXIS2_PLACEMENT_3D('',#2502,#2503,#2504);
#2502 = CARTESIAN_POINT('',(-4.20751953125,-18.,5.62666015625));
#2503 = DIRECTION('',(0.,0.,-1.));
#2504 = DIRECTION('',(-1.,0.,0.));
#2505 = DEFINITIONAL_REPRESENTATION('',(#2506),#2510);
#2506 = LINE('',#2507,#2508);
#2507 = CARTESIAN_POINT('',(0.,-0.));
#2508 = VECTOR('',#2509,1.);
#2509 = DIRECTION('',(1.,0.));
#2510 = ( GEOMETRIC_REPRESENTATION_CONTEXT(2) 
PARAMETRIC_REPRESENTATION_CONTEXT() REPRESENTATION_CONTEXT('2D SPACE',''
  ) );
#2511 = ORIENTED_EDGE('',*,*,#2512,.F.);
#2512 = EDGE_CURVE('',#2513,#2485,#2515,.T.);
#2513 = VERTEX_POINT('',#2514);
#2514 = CARTESIAN_POINT('',(-4.20751953125,-18.,9.73505859375));
#2515 = SURFACE_CURVE('',#2516,(#2520,#2527),.PCURVE_S1.);
#2516 = LINE('',#2517,#2518);
#2517 = CARTESIAN_POINT('',(-4.20751953125,-18.,9.73505859375));
#2518 = VECTOR('',#2519,1.);
#2519 = DIRECTION('',(0.,0.,-1.));
#2520 = PCURVE('',#77,#2521);
#2521 = DEFINITIONAL_REPRESENTATION('',(#2522),#2526);
#2522 = LINE('',#2523,#2524);
#2523 = CARTESIAN_POINT('',(5.36494140625,-70.79248046875));
#2524 = VECTOR('',#2525,1.);
#2525 = DIRECTION('',(1.,0.));
#2526 = ( GEOMETRIC_REPRESENTATION_CONTEXT(2) 
PARAMETRIC_REPRESENTATION_CONTEXT() REPRESENTATION_CONTEXT('2D SPACE',''
  ) );
#2527 = PCURVE('',#2528,#2533);
#2528 = PLANE('',#2529);
#2529 = AXIS2_PLACEMENT_3D('',#2530,#2531,#2532);
#2530 = CARTESIAN_POINT('',(-4.20751953125,-18.,9.73505859375));
#2531 = DIRECTION('',(1.,0.,0.));
#2532 = DIRECTION('',(0.,0.,-1.));
#2533 = DEFINITIONAL_REPRESENTATION('',(#2534),#2538);
#2534 = LINE('',#2535,#2536);
#2535 = CARTESIAN_POINT('',(0.,0.));
#2536 = VECTOR('',#2537,1.);
#2537 = DIRECTION('',(1.,0.));
#2538 = ( GEOMETRIC_REPRESENTATION_CONTEXT(2) 
PARAMETRIC_REPRESENTATION_CONTEXT() REPRESENTATION_CONTEXT('2D SPACE',''
  ) );
#2539 = ORIENTED_EDGE('',*,*,#2540,.F.);
#2540 = EDGE_CURVE('',#2541,#2513,#2543,.T.);
#2541 = VERTEX_POINT('',#2542);
#2542 = CARTESIAN_POINT('',(-2.515625,-18.,9.73505859375));
#2543 = SURFACE_CURVE('',#2544,(#2548,#2555),.PCURVE_S1.);
#2544 = LINE('',#2545,#2546);
#2545 = CARTESIAN_POINT('',(-2.515625,-18.,9.73505859375));
#2546 = VECTOR('',#2547,1.);
#2547 = DIRECTION('',(-1.,0.,0.));
#2548 = PCURVE('',#77,#2549);
#2549 = DEFINITIONAL_REPRESENTATION('',(#2550),#2554);
#2550 = LINE('',#2551,#2552);
#2551 = CARTESIAN_POINT('',(5.36494140625,-72.484375));
#2552 = VECTOR('',#2553,1.);
#2553 = DIRECTION('',(0.,1.));
#2554 = ( GEOMETRIC_REPRESENTATION_CONTEXT(2) 
PARAMETRIC_REPRESENTATION_CONTEXT() REPRESENTATION_CONTEXT('2D SPACE',''
  ) );
#2555 = PCURVE('',#2556,#2561);
#2556 = PLANE('',#2557);
#2557 = AXIS2_PLACEMENT_3D('',#2558,#2559,#2560);
#2558 = CARTESIAN_POINT('',(-2.515625,-18.,9.73505859375));
#2559 = DIRECTION('',(0.,0.,-1.));
#2560 = DIRECTION('',(-1.,0.,0.));
#2561 = DEFINITIONAL_REPRESENTATION('',(#2562),#2566);
#2562 = LINE('',#2563,#2564);
#2563 = CARTESIAN_POINT('',(0.,-0.));
#2564 = VECTOR('',#2565,1.);
#2565 = DIRECTION('',(1.,0.));
#2566 = ( GEOMETRIC_REPRESENTATION_CONTEXT(2) 
PARAMETRIC_REPRESENTATION_CONTEXT() REPRESENTATION_CONTEXT('2D SPACE',''
  ) );
#2567 = ORIENTED_EDGE('',*,*,#2568,.F.);
#2568 = EDGE_CURVE('',#2569,#2541,#2571,.T.);
#2569 = VERTEX_POINT('',#2570);
#2570 = CARTESIAN_POINT('',(-2.515625,-18.,10.7296875));
#2571 = SURFACE_CURVE('',#2572,(#2576,#2583),.PCURVE_S1.);
#2572 = LINE('',#2573,#2574);
#2573 = CARTESIAN_POINT('',(-2.515625,-18.,10.7296875));
#2574 = VECTOR('',#2575,1.);
#2575 = DIRECTION('',(0.,0.,-1.));
#2576 = PCURVE('',#77,#2577);
#2577 = DEFINITIONAL_REPRESENTATION('',(#2578),#2582);
#2578 = LINE('',#2579,#2580);
#2579 = CARTESIAN_POINT('',(4.3703125,-72.484375));
#2580 = VECTOR('',#2581,1.);
#2581 = DIRECTION('',(1.,0.));
#2582 = ( GEOMETRIC_REPRESENTATION_CONTEXT(2) 
PARAMETRIC_REPRESENTATION_CONTEXT() REPRESENTATION_CONTEXT('2D SPACE',''
  ) );
#2583 = PCURVE('',#2584,#2589);
#2584 = PLANE('',#2585);
#2585 = AXIS2_PLACEMENT_3D('',#2586,#2587,#2588);
#2586 = CARTESIAN_POINT('',(-2.515625,-18.,10.7296875));
#2587 = DIRECTION('',(1.,0.,0.));
#2588 = DIRECTION('',(0.,0.,-1.));
#2589 = DEFINITIONAL_REPRESENTATION('',(#2590),#2594);
#2590 = LINE('',#2591,#2592);
#2591 = CARTESIAN_POINT('',(0.,0.));
#2592 = VECTOR('',#2593,1.);
#2593 = DIRECTION('',(1.,0.));
#2594 = ( GEOMETRIC_REPRESENTATION_CONTEXT(2) 
PARAMETRIC_REPRESENTATION_CONTEXT() REPRESENTATION_CONTEXT('2D SPACE',''
  ) );
#2595 = ORIENTED_EDGE('',*,*,#2596,.F.);
#2596 = EDGE_CURVE('',#2401,#2569,#2597,.T.);
#2597 = SURFACE_CURVE('',#2598,(#2602,#2609),.PCURVE_S1.);
#2598 = LINE('',#2599,#2600);
#2599 = CARTESIAN_POINT('',(-7.21875,-18.,10.7296875));
#2600 = VECTOR('',#2601,1.);
#2601 = DIRECTION('',(1.,0.,0.));
#2602 = PCURVE('',#77,#2603);
#2603 = DEFINITIONAL_REPRESENTATION('',(#2604),#2608);
#2604 = LINE('',#2605,#2606);
#2605 = CARTESIAN_POINT('',(4.3703125,-67.78125));
#2606 = VECTOR('',#2607,1.);
#2607 = DIRECTION('',(0.,-1.));
#2608 = ( GEOMETRIC_REPRESENTATION_CONTEXT(2) 
PARAMETRIC_REPRESENTATION_CONTEXT() REPRESENTATION_CONTEXT('2D SPACE',''
  ) );
#2609 = PCURVE('',#2610,#2615);
#2610 = PLANE('',#2611);
#2611 = AXIS2_PLACEMENT_3D('',#2612,#2613,#2614);
#2612 = CARTESIAN_POINT('',(-7.21875,-18.,10.7296875));
#2613 = DIRECTION('',(0.,0.,1.));
#2614 = DIRECTION('',(1.,0.,0.));
#2615 = DEFINITIONAL_REPRESENTATION('',(#2616),#2620);
#2616 = LINE('',#2617,#2618);
#2617 = CARTESIAN_POINT('',(0.,0.));
#2618 = VECTOR('',#2619,1.);
#2619 = DIRECTION('',(1.,0.));
#2620 = ( GEOMETRIC_REPRESENTATION_CONTEXT(2) 
PARAMETRIC_REPRESENTATION_CONTEXT() REPRESENTATION_CONTEXT('2D SPACE',''
  ) );
#2621 = FACE_BOUND('',#2622,.F.);
#2622 = EDGE_LOOP('',(#2623,#2653,#2681,#2709,#2737,#2765,#2793,#2821));
#2623 = ORIENTED_EDGE('',*,*,#2624,.F.);
#2624 = EDGE_CURVE('',#2625,#2627,#2629,.T.);
#2625 = VERTEX_POINT('',#2626);
#2626 = CARTESIAN_POINT('',(-8.06640625,-18.,5.62666015625));
#2627 = VERTEX_POINT('',#2628);
#2628 = CARTESIAN_POINT('',(-8.3876953125,-18.,6.55634765625));
#2629 = SURFACE_CURVE('',#2630,(#2634,#2641),.PCURVE_S1.);
#2630 = LINE('',#2631,#2632);
#2631 = CARTESIAN_POINT('',(-8.06640625,-18.,5.62666015625));
#2632 = VECTOR('',#2633,1.);
#2633 = DIRECTION('',(-0.326633135958,0.,0.945151201922));
#2634 = PCURVE('',#77,#2635);
#2635 = DEFINITIONAL_REPRESENTATION('',(#2636),#2640);
#2636 = LINE('',#2637,#2638);
#2637 = CARTESIAN_POINT('',(9.47333984375,-66.93359375));
#2638 = VECTOR('',#2639,1.);
#2639 = DIRECTION('',(-0.945151201922,0.326633135958));
#2640 = ( GEOMETRIC_REPRESENTATION_CONTEXT(2) 
PARAMETRIC_REPRESENTATION_CONTEXT() REPRESENTATION_CONTEXT('2D SPACE',''
  ) );
#2641 = PCURVE('',#2642,#2647);
#2642 = PLANE('',#2643);
#2643 = AXIS2_PLACEMENT_3D('',#2644,#2645,#2646);
#2644 = CARTESIAN_POINT('',(-8.06640625,-18.,5.62666015625));
#2645 = DIRECTION('',(-0.945151201922,-0.,-0.326633135958));
#2646 = DIRECTION('',(-0.326633135958,0.,0.945151201922));
#2647 = DEFINITIONAL_REPRESENTATION('',(#2648),#2652);
#2648 = LINE('',#2649,#2650);
#2649 = CARTESIAN_POINT('',(0.,0.));
#2650 = VECTOR('',#2651,1.);
#2651 = DIRECTION('',(1.,0.));
#2652 = ( GEOMETRIC_REPRESENTATION_CONTEXT(2) 
PARAMETRIC_REPRESENTATION_CONTEXT() REPRESENTATION_CONTEXT('2D SPACE',''
  ) );
#2653 = ORIENTED_EDGE('',*,*,#2654,.F.);
#2654 = EDGE_CURVE('',#2655,#2625,#2657,.T.);
#2655 = VERTEX_POINT('',#2656);
#2656 = CARTESIAN_POINT('',(-6.74365234375,-18.,5.62666015625));
#2657 = SURFACE_CURVE('',#2658,(#2662,#2669),.PCURVE_S1.);
#2658 = LINE('',#2659,#2660);
#2659 = CARTESIAN_POINT('',(-6.74365234375,-18.,5.62666015625));
#2660 = VECTOR('',#2661,1.);
#2661 = DIRECTION('',(-1.,0.,0.));
#2662 = PCURVE('',#77,#2663);
#2663 = DEFINITIONAL_REPRESENTATION('',(#2664),#2668);
#2664 = LINE('',#2665,#2666);
#2665 = CARTESIAN_POINT('',(9.47333984375,-68.25634765625));
#2666 = VECTOR('',#2667,1.);
#2667 = DIRECTION('',(0.,1.));
#2668 = ( GEOMETRIC_REPRESENTATION_CONTEXT(2) 
PARAMETRIC_REPRESENTATION_CONTEXT() REPRESENTATION_CONTEXT('2D SPACE',''
  ) );
#2669 = PCURVE('',#2670,#2675);
#2670 = PLANE('',#2671);
#2671 = AXIS2_PLACEMENT_3D('',#2672,#2673,#2674);
#2672 = CARTESIAN_POINT('',(-6.74365234375,-18.,5.62666015625));
#2673 = DIRECTION('',(0.,0.,-1.));
#2674 = DIRECTION('',(-1.,0.,0.));
#2675 = DEFINITIONAL_REPRESENTATION('',(#2676),#2680);
#2676 = LINE('',#2677,#2678);
#2677 = CARTESIAN_POINT('',(0.,-0.));
#2678 = VECTOR('',#2679,1.);
#2679 = DIRECTION('',(1.,0.));
#2680 = ( GEOMETRIC_REPRESENTATION_CONTEXT(2) 
PARAMETRIC_REPRESENTATION_CONTEXT() REPRESENTATION_CONTEXT('2D SPACE',''
  ) );
#2681 = ORIENTED_EDGE('',*,*,#2682,.F.);
#2682 = EDGE_CURVE('',#2683,#2655,#2685,.T.);
#2683 = VERTEX_POINT('',#2684);
#2684 = CARTESIAN_POINT('',(-8.6337890625,-18.,10.7296875));
#2685 = SURFACE_CURVE('',#2686,(#2690,#2697),.PCURVE_S1.);
#2686 = LINE('',#2687,#2688);
#2687 = CARTESIAN_POINT('',(-8.6337890625,-18.,10.7296875));
#2688 = VECTOR('',#2689,1.);
#2689 = DIRECTION('',(0.347334812292,0.,-0.937741184));
#2690 = PCURVE('',#77,#2691);
#2691 = DEFINITIONAL_REPRESENTATION('',(#2692),#2696);
#2692 = LINE('',#2693,#2694);
#2693 = CARTESIAN_POINT('',(4.3703125,-66.3662109375));
#2694 = VECTOR('',#2695,1.);
#2695 = DIRECTION('',(0.937741184,-0.347334812292));
#2696 = ( GEOMETRIC_REPRESENTATION_CONTEXT(2) 
PARAMETRIC_REPRESENTATION_CONTEXT() REPRESENTATION_CONTEXT('2D SPACE',''
  ) );
#2697 = PCURVE('',#2698,#2703);
#2698 = PLANE('',#2699);
#2699 = AXIS2_PLACEMENT_3D('',#2700,#2701,#2702);
#2700 = CARTESIAN_POINT('',(-8.6337890625,-18.,10.7296875));
#2701 = DIRECTION('',(0.937741184,0.,0.347334812292));
#2702 = DIRECTION('',(0.347334812292,0.,-0.937741184));
#2703 = DEFINITIONAL_REPRESENTATION('',(#2704),#2708);
#2704 = LINE('',#2705,#2706);
#2705 = CARTESIAN_POINT('',(0.,0.));
#2706 = VECTOR('',#2707,1.);
#2707 = DIRECTION('',(1.,0.));
#2708 = ( GEOMETRIC_REPRESENTATION_CONTEXT(2) 
PARAMETRIC_REPRESENTATION_CONTEXT() REPRESENTATION_CONTEXT('2D SPACE',''
  ) );
#2709 = ORIENTED_EDGE('',*,*,#2710,.F.);
#2710 = EDGE_CURVE('',#2711,#2683,#2713,.T.);
#2711 = VERTEX_POINT('',#2712);
#2712 = CARTESIAN_POINT('',(-10.20263671875,-18.,10.7296875));
#2713 = SURFACE_CURVE('',#2714,(#2718,#2725),.PCURVE_S1.);
#2714 = LINE('',#2715,#2716);
#2715 = CARTESIAN_POINT('',(-10.20263671875,-18.,10.7296875));
#2716 = VECTOR('',#2717,1.);
#2717 = DIRECTION('',(1.,0.,0.));
#2718 = PCURVE('',#77,#2719);
#2719 = DEFINITIONAL_REPRESENTATION('',(#2720),#2724);
#2720 = LINE('',#2721,#2722);
#2721 = CARTESIAN_POINT('',(4.3703125,-64.79736328125));
#2722 = VECTOR('',#2723,1.);
#2723 = DIRECTION('',(0.,-1.));
#2724 = ( GEOMETRIC_REPRESENTATION_CONTEXT(2) 
PARAMETRIC_REPRESENTATION_CONTEXT() REPRESENTATION_CONTEXT('2D SPACE',''
  ) );
#2725 = PCURVE('',#2726,#2731);
#2726 = PLANE('',#2727);
#2727 = AXIS2_PLACEMENT_3D('',#2728,#2729,#2730);
#2728 = CARTESIAN_POINT('',(-10.20263671875,-18.,10.7296875));
#2729 = DIRECTION('',(0.,0.,1.));
#2730 = DIRECTION('',(1.,0.,0.));
#2731 = DEFINITIONAL_REPRESENTATION('',(#2732),#2736);
#2732 = LINE('',#2733,#2734);
#2733 = CARTESIAN_POINT('',(0.,0.));
#2734 = VECTOR('',#2735,1.);
#2735 = DIRECTION('',(1.,0.));
#2736 = ( GEOMETRIC_REPRESENTATION_CONTEXT(2) 
PARAMETRIC_REPRESENTATION_CONTEXT() REPRESENTATION_CONTEXT('2D SPACE',''
  ) );
#2737 = ORIENTED_EDGE('',*,*,#2738,.F.);
#2738 = EDGE_CURVE('',#2739,#2711,#2741,.T.);
#2739 = VERTEX_POINT('',#2740);
#2740 = CARTESIAN_POINT('',(-12.0927734375,-18.,5.62666015625));
#2741 = SURFACE_CURVE('',#2742,(#2746,#2753),.PCURVE_S1.);
#2742 = LINE('',#2743,#2744);
#2743 = CARTESIAN_POINT('',(-12.0927734375,-18.,5.62666015625));
#2744 = VECTOR('',#2745,1.);
#2745 = DIRECTION('',(0.347334812292,0.,0.937741184));
#2746 = PCURVE('',#77,#2747);
#2747 = DEFINITIONAL_REPRESENTATION('',(#2748),#2752);
#2748 = LINE('',#2749,#2750);
#2749 = CARTESIAN_POINT('',(9.47333984375,-62.9072265625));
#2750 = VECTOR('',#2751,1.);
#2751 = DIRECTION('',(-0.937741184,-0.347334812292));
#2752 = ( GEOMETRIC_REPRESENTATION_CONTEXT(2) 
PARAMETRIC_REPRESENTATION_CONTEXT() REPRESENTATION_CONTEXT('2D SPACE',''
  ) );
#2753 = PCURVE('',#2754,#2759);
#2754 = PLANE('',#2755);
#2755 = AXIS2_PLACEMENT_3D('',#2756,#2757,#2758);
#2756 = CARTESIAN_POINT('',(-12.0927734375,-18.,5.62666015625));
#2757 = DIRECTION('',(-0.937741184,0.,0.347334812292));
#2758 = DIRECTION('',(0.347334812292,0.,0.937741184));
#2759 = DEFINITIONAL_REPRESENTATION('',(#2760),#2764);
#2760 = LINE('',#2761,#2762);
#2761 = CARTESIAN_POINT('',(0.,0.));
#2762 = VECTOR('',#2763,1.);
#2763 = DIRECTION('',(1.,0.));
#2764 = ( GEOMETRIC_REPRESENTATION_CONTEXT(2) 
PARAMETRIC_REPRESENTATION_CONTEXT() REPRESENTATION_CONTEXT('2D SPACE',''
  ) );
#2765 = ORIENTED_EDGE('',*,*,#2766,.F.);
#2766 = EDGE_CURVE('',#2767,#2739,#2769,.T.);
#2767 = VERTEX_POINT('',#2768);
#2768 = CARTESIAN_POINT('',(-10.77001953125,-18.,5.62666015625));
#2769 = SURFACE_CURVE('',#2770,(#2774,#2781),.PCURVE_S1.);
#2770 = LINE('',#2771,#2772);
#2771 = CARTESIAN_POINT('',(-10.77001953125,-18.,5.62666015625));
#2772 = VECTOR('',#2773,1.);
#2773 = DIRECTION('',(-1.,0.,0.));
#2774 = PCURVE('',#77,#2775);
#2775 = DEFINITIONAL_REPRESENTATION('',(#2776),#2780);
#2776 = LINE('',#2777,#2778);
#2777 = CARTESIAN_POINT('',(9.47333984375,-64.22998046875));
#2778 = VECTOR('',#2779,1.);
#2779 = DIRECTION('',(0.,1.));
#2780 = ( GEOMETRIC_REPRESENTATION_CONTEXT(2) 
PARAMETRIC_REPRESENTATION_CONTEXT() REPRESENTATION_CONTEXT('2D SPACE',''
  ) );
#2781 = PCURVE('',#2782,#2787);
#2782 = PLANE('',#2783);
#2783 = AXIS2_PLACEMENT_3D('',#2784,#2785,#2786);
#2784 = CARTESIAN_POINT('',(-10.77001953125,-18.,5.62666015625));
#2785 = DIRECTION('',(0.,0.,-1.));
#2786 = DIRECTION('',(-1.,0.,0.));
#2787 = DEFINITIONAL_REPRESENTATION('',(#2788),#2792);
#2788 = LINE('',#2789,#2790);
#2789 = CARTESIAN_POINT('',(0.,-0.));
#2790 = VECTOR('',#2791,1.);
#2791 = DIRECTION('',(1.,0.));
#2792 = ( GEOMETRIC_REPRESENTATION_CONTEXT(2) 
PARAMETRIC_REPRESENTATION_CONTEXT() REPRESENTATION_CONTEXT('2D SPACE',''
  ) );
#2793 = ORIENTED_EDGE('',*,*,#2794,.F.);
#2794 = EDGE_CURVE('',#2795,#2767,#2797,.T.);
#2795 = VERTEX_POINT('',#2796);
#2796 = CARTESIAN_POINT('',(-10.4453125,-18.,6.55634765625));
#2797 = SURFACE_CURVE('',#2798,(#2802,#2809),.PCURVE_S1.);
#2798 = LINE('',#2799,#2800);
#2799 = CARTESIAN_POINT('',(-10.4453125,-18.,6.55634765625));
#2800 = VECTOR('',#2801,1.);
#2801 = DIRECTION('',(-0.32973193734,-0.,-0.944074599541));
#2802 = PCURVE('',#77,#2803);
#2803 = DEFINITIONAL_REPRESENTATION('',(#2804),#2808);
#2804 = LINE('',#2805,#2806);
#2805 = CARTESIAN_POINT('',(8.54365234375,-64.5546875));
#2806 = VECTOR('',#2807,1.);
#2807 = DIRECTION('',(0.944074599541,0.32973193734));
#2808 = ( GEOMETRIC_REPRESENTATION_CONTEXT(2) 
PARAMETRIC_REPRESENTATION_CONTEXT() REPRESENTATION_CONTEXT('2D SPACE',''
  ) );
#2809 = PCURVE('',#2810,#2815);
#2810 = PLANE('',#2811);
#2811 = AXIS2_PLACEMENT_3D('',#2812,#2813,#2814);
#2812 = CARTESIAN_POINT('',(-10.4453125,-18.,6.55634765625));
#2813 = DIRECTION('',(0.944074599541,0.,-0.32973193734));
#2814 = DIRECTION('',(-0.32973193734,-0.,-0.944074599541));
#2815 = DEFINITIONAL_REPRESENTATION('',(#2816),#2820);
#2816 = LINE('',#2817,#2818);
#2817 = CARTESIAN_POINT('',(0.,0.));
#2818 = VECTOR('',#2819,1.);
#2819 = DIRECTION('',(1.,0.));
#2820 = ( GEOMETRIC_REPRESENTATION_CONTEXT(2) 
PARAMETRIC_REPRESENTATION_CONTEXT() REPRESENTATION_CONTEXT('2D SPACE',''
  ) );
#2821 = ORIENTED_EDGE('',*,*,#2822,.F.);
#2822 = EDGE_CURVE('',#2627,#2795,#2823,.T.);
#2823 = SURFACE_CURVE('',#2824,(#2828,#2835),.PCURVE_S1.);
#2824 = LINE('',#2825,#2826);
#2825 = CARTESIAN_POINT('',(-8.3876953125,-18.,6.55634765625));
#2826 = VECTOR('',#2827,1.);
#2827 = DIRECTION('',(-1.,0.,0.));
#2828 = PCURVE('',#77,#2829);
#2829 = DEFINITIONAL_REPRESENTATION('',(#2830),#2834);
#2830 = LINE('',#2831,#2832);
#2831 = CARTESIAN_POINT('',(8.54365234375,-66.6123046875));
#2832 = VECTOR('',#2833,1.);
#2833 = DIRECTION('',(0.,1.));
#2834 = ( GEOMETRIC_REPRESENTATION_CONTEXT(2) 
PARAMETRIC_REPRESENTATION_CONTEXT() REPRESENTATION_CONTEXT('2D SPACE',''
  ) );
#2835 = PCURVE('',#2836,#2841);
#2836 = PLANE('',#2837);
#2837 = AXIS2_PLACEMENT_3D('',#2838,#2839,#2840);
#2838 = CARTESIAN_POINT('',(-8.3876953125,-18.,6.55634765625));
#2839 = DIRECTION('',(0.,0.,-1.));
#2840 = DIRECTION('',(-1.,0.,0.));
#2841 = DEFINITIONAL_REPRESENTATION('',(#2842),#2846);
#2842 = LINE('',#2843,#2844);
#2843 = CARTESIAN_POINT('',(0.,-0.));
#2844 = VECTOR('',#2845,1.);
#2845 = DIRECTION('',(1.,0.));
#2846 = ( GEOMETRIC_REPRESENTATION_CONTEXT(2) 
PARAMETRIC_REPRESENTATION_CONTEXT() REPRESENTATION_CONTEXT('2D SPACE',''
  ) );
#2847 = ADVANCED_FACE('',(#2848),#590,.F.);
#2848 = FACE_BOUND('',#2849,.F.);
#2849 = EDGE_LOOP('',(#2850,#2851,#2852,#2873,#2901));
#2850 = ORIENTED_EDGE('',*,*,#920,.F.);
#2851 = ORIENTED_EDGE('',*,*,#576,.F.);
#2852 = ORIENTED_EDGE('',*,*,#2853,.T.);
#2853 = EDGE_CURVE('',#549,#2854,#2856,.T.);
#2854 = VERTEX_POINT('',#2855);
#2855 = CARTESIAN_POINT('',(-75.,6.,7.6));
#2856 = SURFACE_CURVE('',#2857,(#2861,#2867),.PCURVE_S1.);
#2857 = LINE('',#2858,#2859);
#2858 = CARTESIAN_POINT('',(-75.,6.,2.573695589917));
#2859 = VECTOR('',#2860,1.);
#2860 = DIRECTION('',(0.,0.,1.));
#2861 = PCURVE('',#590,#2862);
#2862 = DEFINITIONAL_REPRESENTATION('',(#2863),#2866);
#2863 = B_SPLINE_CURVE_WITH_KNOTS('',1,(#2864,#2865),.UNSPECIFIED.,.F.,
  .F.,(2,2),(-2.573695589917,5.026304410083),.PIECEWISE_BEZIER_KNOTS.);
#2864 = CARTESIAN_POINT('',(-5.147391179835,-8.508264805209));
#2865 = CARTESIAN_POINT('',(2.452608820165,-8.508264805209));
#2866 = ( GEOMETRIC_REPRESENTATION_CONTEXT(2) 
PARAMETRIC_REPRESENTATION_CONTEXT() REPRESENTATION_CONTEXT('2D SPACE',''
  ) );
#2867 = PCURVE('',#564,#2868);
#2868 = DEFINITIONAL_REPRESENTATION('',(#2869),#2872);
#2869 = B_SPLINE_CURVE_WITH_KNOTS('',1,(#2870,#2871),.UNSPECIFIED.,.F.,
  .F.,(2,2),(-2.573695589917,5.026304410083),.PIECEWISE_BEZIER_KNOTS.);
#2870 = CARTESIAN_POINT('',(40.,0.));
#2871 = CARTESIAN_POINT('',(40.,-7.6));
#2872 = ( GEOMETRIC_REPRESENTATION_CONTEXT(2) 
PARAMETRIC_REPRESENTATION_CONTEXT() REPRESENTATION_CONTEXT('2D SPACE',''
  ) );
#2873 = ORIENTED_EDGE('',*,*,#2874,.T.);
#2874 = EDGE_CURVE('',#2854,#2875,#2877,.T.);
#2875 = VERTEX_POINT('',#2876);
#2876 = CARTESIAN_POINT('',(-75.,-14.,7.6));
#2877 = SURFACE_CURVE('',#2878,(#2882,#2889),.PCURVE_S1.);
#2878 = LINE('',#2879,#2880);
#2879 = CARTESIAN_POINT('',(-75.,18.,7.6));
#2880 = VECTOR('',#2881,1.);
#2881 = DIRECTION('',(0.,-1.,0.));
#2882 = PCURVE('',#590,#2883);
#2883 = DEFINITIONAL_REPRESENTATION('',(#2884),#2888);
#2884 = LINE('',#2885,#2886);
#2885 = CARTESIAN_POINT('',(2.452608820165,-20.5082648052));
#2886 = VECTOR('',#2887,1.);
#2887 = DIRECTION('',(0.,1.));
#2888 = ( GEOMETRIC_REPRESENTATION_CONTEXT(2) 
PARAMETRIC_REPRESENTATION_CONTEXT() REPRESENTATION_CONTEXT('2D SPACE',''
  ) );
#2889 = PCURVE('',#2890,#2895);
#2890 = PLANE('',#2891);
#2891 = AXIS2_PLACEMENT_3D('',#2892,#2893,#2894);
#2892 = CARTESIAN_POINT('',(-75.,18.,7.6));
#2893 = DIRECTION('',(0.,0.,-1.));
#2894 = DIRECTION('',(0.,-1.,0.));
#2895 = DEFINITIONAL_REPRESENTATION('',(#2896),#2900);
#2896 = LINE('',#2897,#2898);
#2897 = CARTESIAN_POINT('',(0.,-0.));
#2898 = VECTOR('',#2899,1.);
#2899 = DIRECTION('',(1.,0.));
#2900 = ( GEOMETRIC_REPRESENTATION_CONTEXT(2) 
PARAMETRIC_REPRESENTATION_CONTEXT() REPRESENTATION_CONTEXT('2D SPACE',''
  ) );
#2901 = ORIENTED_EDGE('',*,*,#2902,.T.);
#2902 = EDGE_CURVE('',#2875,#921,#2903,.T.);
#2903 = SURFACE_CURVE('',#2904,(#2909,#2920),.PCURVE_S1.);
#2904 = CIRCLE('',#2905,2.);
#2905 = AXIS2_PLACEMENT_3D('',#2906,#2907,#2908);
#2906 = CARTESIAN_POINT('',(-75.,-14.,9.6));
#2907 = DIRECTION('',(-1.,0.,0.));
#2908 = DIRECTION('',(0.,1.7763568394E-15,-1.));
#2909 = PCURVE('',#590,#2910);
#2910 = DEFINITIONAL_REPRESENTATION('',(#2911),#2919);
#2911 = ( BOUNDED_CURVE() B_SPLINE_CURVE(2,(#2912,#2913,#2914,#2915,
#2916,#2917,#2918),.UNSPECIFIED.,.T.,.F.) B_SPLINE_CURVE_WITH_KNOTS((1,2
    ,2,2,2,1),(-2.094395102393,0.,2.094395102393,4.188790204786,
6.28318530718,8.377580409573),.UNSPECIFIED.) CURVE() 
GEOMETRIC_REPRESENTATION_ITEM() RATIONAL_B_SPLINE_CURVE((1.,0.5,1.,0.5,
1.,0.5,1.)) REPRESENTATION_ITEM('') );
#2912 = CARTESIAN_POINT('',(2.452608820165,11.491735194791));
#2913 = CARTESIAN_POINT('',(2.452608820165,14.955836809929));
#2914 = CARTESIAN_POINT('',(5.452608820165,13.22378600236));
#2915 = CARTESIAN_POINT('',(8.452608820165,11.491735194792));
#2916 = CARTESIAN_POINT('',(5.452608820165,9.759684387223));
#2917 = CARTESIAN_POINT('',(2.452608820165,8.027633579654));
#2918 = CARTESIAN_POINT('',(2.452608820165,11.491735194791));
#2919 = ( GEOMETRIC_REPRESENTATION_CONTEXT(2) 
PARAMETRIC_REPRESENTATION_CONTEXT() REPRESENTATION_CONTEXT('2D SPACE',''
  ) );
#2920 = PCURVE('',#2921,#2926);
#2921 = CYLINDRICAL_SURFACE('',#2922,2.);
#2922 = AXIS2_PLACEMENT_3D('',#2923,#2924,#2925);
#2923 = CARTESIAN_POINT('',(-75.,-14.,9.6));
#2924 = DIRECTION('',(-1.,0.,0.));
#2925 = DIRECTION('',(0.,1.7763568394E-15,-1.));
#2926 = DEFINITIONAL_REPRESENTATION('',(#2927),#2931);
#2927 = LINE('',#2928,#2929);
#2928 = CARTESIAN_POINT('',(0.,0.));
#2929 = VECTOR('',#2930,1.);
#2930 = DIRECTION('',(1.,0.));
#2931 = ( GEOMETRIC_REPRESENTATION_CONTEXT(2) 
PARAMETRIC_REPRESENTATION_CONTEXT() REPRESENTATION_CONTEXT('2D SPACE',''
  ) );
#2932 = ADVANCED_FACE('',(#2933),#106,.T.);
#2933 = FACE_BOUND('',#2934,.T.);
#2934 = EDGE_LOOP('',(#2935,#2936,#2937,#2960,#2987,#3097));
#2935 = ORIENTED_EDGE('',*,*,#1144,.F.);
#2936 = ORIENTED_EDGE('',*,*,#89,.T.);
#2937 = ORIENTED_EDGE('',*,*,#2938,.T.);
#2938 = EDGE_CURVE('',#90,#2939,#2941,.T.);
#2939 = VERTEX_POINT('',#2940);
#2940 = CARTESIAN_POINT('',(75.,-16.,9.6));
#2941 = SURFACE_CURVE('',#2942,(#2946,#2953),.PCURVE_S1.);
#2942 = LINE('',#2943,#2944);
#2943 = CARTESIAN_POINT('',(75.,-16.,0.));
#2944 = VECTOR('',#2945,1.);
#2945 = DIRECTION('',(0.,0.,1.));
#2946 = PCURVE('',#106,#2947);
#2947 = DEFINITIONAL_REPRESENTATION('',(#2948),#2952);
#2948 = LINE('',#2949,#2950);
#2949 = CARTESIAN_POINT('',(1.570796326795,0.));
#2950 = VECTOR('',#2951,1.);
#2951 = DIRECTION('',(0.,1.));
#2952 = ( GEOMETRIC_REPRESENTATION_CONTEXT(2) 
PARAMETRIC_REPRESENTATION_CONTEXT() REPRESENTATION_CONTEXT('2D SPACE',''
  ) );
#2953 = PCURVE('',#134,#2954);
#2954 = DEFINITIONAL_REPRESENTATION('',(#2955),#2959);
#2955 = LINE('',#2956,#2957);
#2956 = CARTESIAN_POINT('',(-5.147391179835,13.491735194791));
#2957 = VECTOR('',#2958,1.);
#2958 = DIRECTION('',(1.,0.));
#2959 = ( GEOMETRIC_REPRESENTATION_CONTEXT(2) 
PARAMETRIC_REPRESENTATION_CONTEXT() REPRESENTATION_CONTEXT('2D SPACE',''
  ) );
#2960 = ORIENTED_EDGE('',*,*,#2961,.T.);
#2961 = EDGE_CURVE('',#2939,#2962,#2964,.T.);
#2962 = VERTEX_POINT('',#2963);
#2963 = CARTESIAN_POINT('',(75.,-16.,15.1));
#2964 = SURFACE_CURVE('',#2965,(#2969,#2975),.PCURVE_S1.);
#2965 = LINE('',#2966,#2967);
#2966 = CARTESIAN_POINT('',(75.,-16.,9.6));
#2967 = VECTOR('',#2968,1.);
#2968 = DIRECTION('',(0.,0.,1.));
#2969 = PCURVE('',#106,#2970);
#2970 = DEFINITIONAL_REPRESENTATION('',(#2971),#2974);
#2971 = B_SPLINE_CURVE_WITH_KNOTS('',1,(#2972,#2973),.UNSPECIFIED.,.F.,
  .F.,(2,2),(0.,5.5),.PIECEWISE_BEZIER_KNOTS.);
#2972 = CARTESIAN_POINT('',(1.570796326795,9.6));
#2973 = CARTESIAN_POINT('',(1.570796326795,15.1));
#2974 = ( GEOMETRIC_REPRESENTATION_CONTEXT(2) 
PARAMETRIC_REPRESENTATION_CONTEXT() REPRESENTATION_CONTEXT('2D SPACE',''
  ) );
#2975 = PCURVE('',#2976,#2981);
#2976 = PLANE('',#2977);
#2977 = AXIS2_PLACEMENT_3D('',#2978,#2979,#2980);
#2978 = CARTESIAN_POINT('',(-75.,-16.,9.6));
#2979 = DIRECTION('',(0.,-1.,0.));
#2980 = DIRECTION('',(0.,0.,1.));
#2981 = DEFINITIONAL_REPRESENTATION('',(#2982),#2986);
#2982 = LINE('',#2983,#2984);
#2983 = CARTESIAN_POINT('',(0.,-150.));
#2984 = VECTOR('',#2985,1.);
#2985 = DIRECTION('',(1.,0.));
#2986 = ( GEOMETRIC_REPRESENTATION_CONTEXT(2) 
PARAMETRIC_REPRESENTATION_CONTEXT() REPRESENTATION_CONTEXT('2D SPACE',''
  ) );
#2987 = ORIENTED_EDGE('',*,*,#2988,.F.);
#2988 = EDGE_CURVE('',#2989,#2962,#2991,.T.);
#2989 = VERTEX_POINT('',#2990);
#2990 = CARTESIAN_POINT('',(74.732050807569,-17.,16.1));
#2991 = SURFACE_CURVE('',#2992,(#3025,#3061),.PCURVE_S1.);
#2992 = B_SPLINE_CURVE_WITH_KNOTS('',7,(#2993,#2994,#2995,#2996,#2997,
    #2998,#2999,#3000,#3001,#3002,#3003,#3004,#3005,#3006,#3007,#3008,
    #3009,#3010,#3011,#3012,#3013,#3014,#3015,#3016,#3017,#3018,#3019,
    #3020,#3021,#3022,#3023,#3024),.UNSPECIFIED.,.F.,.F.,(8,6,6,6,6,8),(
    0.,6.55079009341E-02,0.199786217968,0.39181994929,0.503423624562,1.)
  ,.UNSPECIFIED.);
#2993 = CARTESIAN_POINT('',(74.732050807569,-17.,16.1));
#2994 = CARTESIAN_POINT('',(74.740199499228,-16.98588605203,16.1));
#2995 = CARTESIAN_POINT('',(74.748214045661,-16.97169461041,
    16.099767627351));
#2996 = CARTESIAN_POINT('',(74.756090847272,-16.95743183,16.099298213461
    ));
#2997 = CARTESIAN_POINT('',(74.763826465128,-16.94310434587,
    16.098587411737));
#2998 = CARTESIAN_POINT('',(74.771417620962,-16.92871927331,
    16.097631197587));
#2999 = CARTESIAN_POINT('',(74.77886119717,-16.91428420781,
    16.096425868418));
#3000 = CARTESIAN_POINT('',(74.801103534153,-16.87013225689,
    16.091979789462));
#3001 = CARTESIAN_POINT('',(74.815424838759,-16.84027238878,
    16.087929882963));
#3002 = CARTESIAN_POINT('',(74.829087501307,-16.81030652832,
    16.082789698364));
#3003 = CARTESIAN_POINT('',(74.84206958998,-16.78031537251,
    16.076539354505));
#3004 = CARTESIAN_POINT('',(74.854357484697,-16.75038054743,
    16.069167915894));
#3005 = CARTESIAN_POINT('',(74.865945471361,-16.72058374776,
    16.06067359377));
#3006 = CARTESIAN_POINT('',(74.892409118988,-16.64870605368,
    16.037321026201));
#3007 = CARTESIAN_POINT('',(74.906539758732,-16.60689595588,
    16.021310644401));
#3008 = CARTESIAN_POINT('',(74.919241013691,-16.56579896729,
    16.003059188536));
#3009 = CARTESIAN_POINT('',(74.930555201044,-16.52563721459,
    15.982629389992));
#3010 = CARTESIAN_POINT('',(74.940548498693,-16.48662528646,
    15.960121469633));
#3011 = CARTESIAN_POINT('',(74.949306247175,-16.44896395331,
    15.935674282678));
#3012 = CARTESIAN_POINT('',(74.961357909313,-16.39183628316,
    15.894235342909));
#3013 = CARTESIAN_POINT('',(74.965405633085,-16.37134707198,
    15.878403255191));
#3014 = CARTESIAN_POINT('',(74.969093298273,-16.35138987049,
    15.861995061022));
#3015 = CARTESIAN_POINT('',(74.972442840109,-16.33198674962,
    15.845037414785));
#3016 = CARTESIAN_POINT('',(74.975476253681,-16.31315823408,
    15.827558764641));
#3017 = CARTESIAN_POINT('',(74.978215593926,-16.29492330242,
    15.809589352526));
#3018 = CARTESIAN_POINT('',(74.991661498193,-16.19888243496,
    15.709165902301));
#3019 = CARTESIAN_POINT('',(74.997213214744,-16.13284993024,
    15.618391747271));
#3020 = CARTESIAN_POINT('',(74.999448847682,-16.07973374268,
    15.520921964342));
#3021 = CARTESIAN_POINT('',(74.99999956894,-16.03982039903,15.4186360321
    ));
#3022 = CARTESIAN_POINT('',(75.000000094516,-16.01324156422,
    15.313285730044));
#3023 = CARTESIAN_POINT('',(75.,-16.,15.206536009808));
#3024 = CARTESIAN_POINT('',(75.,-16.,15.1));
#3025 = PCURVE('',#106,#3026);
#3026 = DEFINITIONAL_REPRESENTATION('',(#3027),#3060);
#3027 = B_SPLINE_CURVE_WITH_KNOTS('',7,(#3028,#3029,#3030,#3031,#3032,
    #3033,#3034,#3035,#3036,#3037,#3038,#3039,#3040,#3041,#3042,#3043,
    #3044,#3045,#3046,#3047,#3048,#3049,#3050,#3051,#3052,#3053,#3054,
    #3055,#3056,#3057,#3058,#3059),.UNSPECIFIED.,.F.,.F.,(8,6,6,6,6,8),(
    0.,6.55079009341E-02,0.199786217968,0.39181994929,0.503423624562,1.)
  ,.UNSPECIFIED.);
#3028 = CARTESIAN_POINT('',(1.047197551197,16.1));
#3029 = CARTESIAN_POINT('',(1.055346242856,16.1));
#3030 = CARTESIAN_POINT('',(1.063494949617,16.099767627351));
#3031 = CARTESIAN_POINT('',(1.071641000455,16.099298213461));
#3032 = CARTESIAN_POINT('',(1.079781544172,16.098587411737));
#3033 = CARTESIAN_POINT('',(1.087913549398,16.097631197587));
#3034 = CARTESIAN_POINT('',(1.096033804593,16.096425868418));
#3035 = CARTESIAN_POINT('',(1.120752807023,16.091979789462));
#3036 = CARTESIAN_POINT('',(1.137307986214,16.087929882963));
#3037 = CARTESIAN_POINT('',(1.153769840836,16.082789698364));
#3038 = CARTESIAN_POINT('',(1.170104626328,16.076539354505));
#3039 = CARTESIAN_POINT('',(1.186279443397,16.069167915894));
#3040 = CARTESIAN_POINT('',(1.202262213067,16.06067359377));
#3041 = CARTESIAN_POINT('',(1.240559496102,16.037321026201));
#3042 = CARTESIAN_POINT('',(1.262618175295,16.021310644401));
#3043 = CARTESIAN_POINT('',(1.284114244272,16.003059188536));
#3044 = CARTESIAN_POINT('',(1.304965564029,15.982629389992));
#3045 = CARTESIAN_POINT('',(1.325092991192,15.960121469633));
#3046 = CARTESIAN_POINT('',(1.344422067612,15.935674282678));
#3047 = CARTESIAN_POINT('',(1.373614589157,15.894235342909));
#3048 = CARTESIAN_POINT('',(1.384056349686,15.878403255191));
#3049 = CARTESIAN_POINT('',(1.394202662034,15.861995061022));
#3050 = CARTESIAN_POINT('',(1.404046530376,15.845037414785));
#3051 = CARTESIAN_POINT('',(1.413581292568,15.827558764641));
#3052 = CARTESIAN_POINT('',(1.422800620144,15.809589352526));
#3053 = CARTESIAN_POINT('',(1.471289383182,15.709165902301));
#3054 = CARTESIAN_POINT('',(1.504371637081,15.618391747271));
#3055 = CARTESIAN_POINT('',(1.530929445792,15.520921964342));
#3056 = CARTESIAN_POINT('',(1.550886101994,15.4186360321));
#3057 = CARTESIAN_POINT('',(1.564175554274,15.313285730044));
#3058 = CARTESIAN_POINT('',(1.570796326795,15.206536009808));
#3059 = CARTESIAN_POINT('',(1.570796326795,15.1));
#3060 = ( GEOMETRIC_REPRESENTATION_CONTEXT(2) 
PARAMETRIC_REPRESENTATION_CONTEXT() REPRESENTATION_CONTEXT('2D SPACE',''
  ) );
#3061 = PCURVE('',#1044,#3062);
#3062 = DEFINITIONAL_REPRESENTATION('',(#3063),#3096);
#3063 = B_SPLINE_CURVE_WITH_KNOTS('',7,(#3064,#3065,#3066,#3067,#3068,
    #3069,#3070,#3071,#3072,#3073,#3074,#3075,#3076,#3077,#3078,#3079,
    #3080,#3081,#3082,#3083,#3084,#3085,#3086,#3087,#3088,#3089,#3090,
    #3091,#3092,#3093,#3094,#3095),.UNSPECIFIED.,.F.,.F.,(8,6,6,6,6,8),(
    0.,6.55079009341E-02,0.199786217968,0.39181994929,0.503423624562,1.)
  ,.UNSPECIFIED.);
#3064 = CARTESIAN_POINT('',(-1.570796326795,-149.7320508075));
#3065 = CARTESIAN_POINT('',(-1.556682378826,-149.7401994992));
#3066 = CARTESIAN_POINT('',(-1.542490946106,-149.7482140456));
#3067 = CARTESIAN_POINT('',(-1.528223570956,-149.7560908472));
#3068 = CARTESIAN_POINT('',(-1.513882071845,-149.7638264651));
#3069 = CARTESIAN_POINT('',(-1.499468543392,-149.7714176209));
#3070 = CARTESIAN_POINT('',(-1.484985356362,-149.7788611971));
#3071 = CARTESIAN_POINT('',(-1.440610111144,-149.8011035341));
#3072 = CARTESIAN_POINT('',(-1.41049471541,-149.8154248387));
#3073 = CARTESIAN_POINT('',(-1.380121317694,-149.8290875013));
#3074 = CARTESIAN_POINT('',(-1.349521041053,-149.8420695899));
#3075 = CARTESIAN_POINT('',(-1.318724227399,-149.8543574846));
#3076 = CARTESIAN_POINT('',(-1.287760880516,-149.8659454713));
#3077 = CARTESIAN_POINT('',(-1.212184790925,-149.8924091189));
#3078 = CARTESIAN_POINT('',(-1.167473467749,-149.9065397587));
#3079 = CARTESIAN_POINT('',(-1.122604551288,-149.9192410136));
#3080 = CARTESIAN_POINT('',(-1.077657544948,-149.930555201));
#3081 = CARTESIAN_POINT('',(-1.032717305041,-149.9405484986));
#3082 = CARTESIAN_POINT('',(-0.98787730201,-149.9493062471));
#3083 = CARTESIAN_POINT('',(-0.91730282769,-149.9613579093));
#3084 = CARTESIAN_POINT('',(-0.891421557978,-149.965405633));
#3085 = CARTESIAN_POINT('',(-0.865603986514,-149.9690932982));
#3086 = CARTESIAN_POINT('',(-0.839855759534,-149.9724428401));
#3087 = CARTESIAN_POINT('',(-0.814183255515,-149.9754762536));
#3088 = CARTESIAN_POINT('',(-0.788593585178,-149.9782155939));
#3089 = CARTESIAN_POINT('',(-0.649637773577,-149.9916614981));
#3090 = CARTESIAN_POINT('',(-0.53839610323,-149.9972132147));
#3091 = CARTESIAN_POINT('',(-0.428857528243,-149.9994488476));
#3092 = CARTESIAN_POINT('',(-0.320611076279,-149.9999995689));
#3093 = CARTESIAN_POINT('',(-0.213285711465,-150.0000000945));
#3094 = CARTESIAN_POINT('',(-0.106536009808,-150.));
#3095 = CARTESIAN_POINT('',(0.,-150.));
#3096 = ( GEOMETRIC_REPRESENTATION_CONTEXT(2) 
PARAMETRIC_REPRESENTATION_CONTEXT() REPRESENTATION_CONTEXT('2D SPACE',''
  ) );
#3097 = ORIENTED_EDGE('',*,*,#3098,.T.);
#3098 = EDGE_CURVE('',#2989,#1122,#3099,.T.);
#3099 = SURFACE_CURVE('',#3100,(#3105,#3117),.PCURVE_S1.);
#3100 = ELLIPSE('',#3101,2.828427124746,2.);
#3101 = AXIS2_PLACEMENT_3D('',#3102,#3103,#3104);
#3102 = CARTESIAN_POINT('',(73.,-16.,17.1));
#3103 = DIRECTION('',(0.,0.707106781187,-0.707106781187));
#3104 = DIRECTION('',(0.,0.707106781187,0.707106781187));
#3105 = PCURVE('',#106,#3106);
#3106 = DEFINITIONAL_REPRESENTATION('',(#3107),#3116);
#3107 = B_SPLINE_CURVE_WITH_KNOTS('',7,(#3108,#3109,#3110,#3111,#3112,
    #3113,#3114,#3115),.UNSPECIFIED.,.F.,.F.,(8,8),(2.037561665842,
    3.14159265359),.PIECEWISE_BEZIER_KNOTS.);
#3108 = CARTESIAN_POINT('',(1.104030987748,16.2));
#3109 = CARTESIAN_POINT('',(0.946312275212,15.918305372104));
#3110 = CARTESIAN_POINT('',(0.788593562677,15.662729833146));
#3111 = CARTESIAN_POINT('',(0.630874850142,15.444717383494));
#3112 = CARTESIAN_POINT('',(0.473156137606,15.274125593054));
#3113 = CARTESIAN_POINT('',(0.315437425071,15.158042259653));
#3114 = CARTESIAN_POINT('',(0.157718712535,15.1));
#3115 = CARTESIAN_POINT('',(0.,15.1));
#3116 = ( GEOMETRIC_REPRESENTATION_CONTEXT(2) 
PARAMETRIC_REPRESENTATION_CONTEXT() REPRESENTATION_CONTEXT('2D SPACE',''
  ) );
#3117 = PCURVE('',#1105,#3118);
#3118 = DEFINITIONAL_REPRESENTATION('',(#3119),#3123);
#3119 = ELLIPSE('',#3120,2.828427124746,2.);
#3120 = AXIS2_PLACEMENT_2D('',#3121,#3122);
#3121 = CARTESIAN_POINT('',(-1.414213562373,-148.));
#3122 = DIRECTION('',(-1.,0.));
#3123 = ( GEOMETRIC_REPRESENTATION_CONTEXT(2) 
PARAMETRIC_REPRESENTATION_CONTEXT() REPRESENTATION_CONTEXT('2D SPACE',''
  ) );
#3124 = ADVANCED_FACE('',(#3125),#564,.F.);
#3125 = FACE_BOUND('',#3126,.F.);
#3126 = EDGE_LOOP('',(#3127,#3128,#3151,#3172));
#3127 = ORIENTED_EDGE('',*,*,#548,.F.);
#3128 = ORIENTED_EDGE('',*,*,#3129,.T.);
#3129 = EDGE_CURVE('',#516,#3130,#3132,.T.);
#3130 = VERTEX_POINT('',#3131);
#3131 = CARTESIAN_POINT('',(-113.,6.,7.6));
#3132 = SURFACE_CURVE('',#3133,(#3137,#3144),.PCURVE_S1.);
#3133 = LINE('',#3134,#3135);
#3134 = CARTESIAN_POINT('',(-113.,6.,0.));
#3135 = VECTOR('',#3136,1.);
#3136 = DIRECTION('',(0.,0.,1.));
#3137 = PCURVE('',#564,#3138);
#3138 = DEFINITIONAL_REPRESENTATION('',(#3139),#3143);
#3139 = LINE('',#3140,#3141);
#3140 = CARTESIAN_POINT('',(2.,0.));
#3141 = VECTOR('',#3142,1.);
#3142 = DIRECTION('',(0.,-1.));
#3143 = ( GEOMETRIC_REPRESENTATION_CONTEXT(2) 
PARAMETRIC_REPRESENTATION_CONTEXT() REPRESENTATION_CONTEXT('2D SPACE',''
  ) );
#3144 = PCURVE('',#536,#3145);
#3145 = DEFINITIONAL_REPRESENTATION('',(#3146),#3150);
#3146 = LINE('',#3147,#3148);
#3147 = CARTESIAN_POINT('',(-0.,0.));
#3148 = VECTOR('',#3149,1.);
#3149 = DIRECTION('',(-0.,1.));
#3150 = ( GEOMETRIC_REPRESENTATION_CONTEXT(2) 
PARAMETRIC_REPRESENTATION_CONTEXT() REPRESENTATION_CONTEXT('2D SPACE',''
  ) );
#3151 = ORIENTED_EDGE('',*,*,#3152,.T.);
#3152 = EDGE_CURVE('',#3130,#2854,#3153,.T.);
#3153 = SURFACE_CURVE('',#3154,(#3158,#3165),.PCURVE_S1.);
#3154 = LINE('',#3155,#3156);
#3155 = CARTESIAN_POINT('',(-115.,6.,7.6));
#3156 = VECTOR('',#3157,1.);
#3157 = DIRECTION('',(1.,0.,0.));
#3158 = PCURVE('',#564,#3159);
#3159 = DEFINITIONAL_REPRESENTATION('',(#3160),#3164);
#3160 = LINE('',#3161,#3162);
#3161 = CARTESIAN_POINT('',(0.,-7.6));
#3162 = VECTOR('',#3163,1.);
#3163 = DIRECTION('',(1.,0.));
#3164 = ( GEOMETRIC_REPRESENTATION_CONTEXT(2) 
PARAMETRIC_REPRESENTATION_CONTEXT() REPRESENTATION_CONTEXT('2D SPACE',''
  ) );
#3165 = PCURVE('',#2890,#3166);
#3166 = DEFINITIONAL_REPRESENTATION('',(#3167),#3171);
#3167 = LINE('',#3168,#3169);
#3168 = CARTESIAN_POINT('',(12.,40.));
#3169 = VECTOR('',#3170,1.);
#3170 = DIRECTION('',(0.,-1.));
#3171 = ( GEOMETRIC_REPRESENTATION_CONTEXT(2) 
PARAMETRIC_REPRESENTATION_CONTEXT() REPRESENTATION_CONTEXT('2D SPACE',''
  ) );
#3172 = ORIENTED_EDGE('',*,*,#2853,.F.);
#3173 = ADVANCED_FACE('',(#3174),#134,.T.);
#3174 = FACE_BOUND('',#3175,.T.);
#3175 = EDGE_LOOP('',(#3176,#3177,#3178,#3201,#3234,#3257));
#3176 = ORIENTED_EDGE('',*,*,#2938,.F.);
#3177 = ORIENTED_EDGE('',*,*,#118,.T.);
#3178 = ORIENTED_EDGE('',*,*,#3179,.T.);
#3179 = EDGE_CURVE('',#119,#3180,#3182,.T.);
#3180 = VERTEX_POINT('',#3181);
#3181 = CARTESIAN_POINT('',(75.,16.,7.428427124746));
#3182 = SURFACE_CURVE('',#3183,(#3187,#3194),.PCURVE_S1.);
#3183 = LINE('',#3184,#3185);
#3184 = CARTESIAN_POINT('',(75.,16.,0.));
#3185 = VECTOR('',#3186,1.);
#3186 = DIRECTION('',(0.,0.,1.));
#3187 = PCURVE('',#134,#3188);
#3188 = DEFINITIONAL_REPRESENTATION('',(#3189),#3193);
#3189 = LINE('',#3190,#3191);
#3190 = CARTESIAN_POINT('',(-5.147391179835,-18.5082648052));
#3191 = VECTOR('',#3192,1.);
#3192 = DIRECTION('',(1.,0.));
#3193 = ( GEOMETRIC_REPRESENTATION_CONTEXT(2) 
PARAMETRIC_REPRESENTATION_CONTEXT() REPRESENTATION_CONTEXT('2D SPACE',''
  ) );
#3194 = PCURVE('',#163,#3195);
#3195 = DEFINITIONAL_REPRESENTATION('',(#3196),#3200);
#3196 = LINE('',#3197,#3198);
#3197 = CARTESIAN_POINT('',(0.,0.));
#3198 = VECTOR('',#3199,1.);
#3199 = DIRECTION('',(0.,1.));
#3200 = ( GEOMETRIC_REPRESENTATION_CONTEXT(2) 
PARAMETRIC_REPRESENTATION_CONTEXT() REPRESENTATION_CONTEXT('2D SPACE',''
  ) );
#3201 = ORIENTED_EDGE('',*,*,#3202,.F.);
#3202 = EDGE_CURVE('',#3203,#3180,#3205,.T.);
#3203 = VERTEX_POINT('',#3204);
#3204 = CARTESIAN_POINT('',(75.,15.,7.6));
#3205 = SURFACE_CURVE('',#3206,(#3211,#3222),.PCURVE_S1.);
#3206 = CIRCLE('',#3207,3.);
#3207 = AXIS2_PLACEMENT_3D('',#3208,#3209,#3210);
#3208 = CARTESIAN_POINT('',(75.,15.,4.6));
#3209 = DIRECTION('',(-1.,0.,0.));
#3210 = DIRECTION('',(0.,1.,0.));
#3211 = PCURVE('',#134,#3212);
#3212 = DEFINITIONAL_REPRESENTATION('',(#3213),#3221);
#3213 = ( BOUNDED_CURVE() B_SPLINE_CURVE(2,(#3214,#3215,#3216,#3217,
#3218,#3219,#3220),.UNSPECIFIED.,.T.,.F.) B_SPLINE_CURVE_WITH_KNOTS((1,2
    ,2,2,2,1),(-2.094395102393,0.,2.094395102393,4.188790204786,
6.28318530718,8.377580409573),.UNSPECIFIED.) CURVE() 
GEOMETRIC_REPRESENTATION_ITEM() RATIONAL_B_SPLINE_CURVE((1.,0.5,1.,0.5,
1.,0.5,1.)) REPRESENTATION_ITEM('') );
#3214 = CARTESIAN_POINT('',(-0.547391179835,-20.5082648052));
#3215 = CARTESIAN_POINT('',(-5.743543602541,-20.5082648052));
#3216 = CARTESIAN_POINT('',(-3.145467391188,-16.0082648052));
#3217 = CARTESIAN_POINT('',(-0.547391179835,-11.5082648052));
#3218 = CARTESIAN_POINT('',(2.050685031519,-16.0082648052));
#3219 = CARTESIAN_POINT('',(4.648761242872,-20.5082648052));
#3220 = CARTESIAN_POINT('',(-0.547391179835,-20.5082648052));
#3221 = ( GEOMETRIC_REPRESENTATION_CONTEXT(2) 
PARAMETRIC_REPRESENTATION_CONTEXT() REPRESENTATION_CONTEXT('2D SPACE',''
  ) );
#3222 = PCURVE('',#3223,#3228);
#3223 = CYLINDRICAL_SURFACE('',#3224,3.);
#3224 = AXIS2_PLACEMENT_3D('',#3225,#3226,#3227);
#3225 = CARTESIAN_POINT('',(-76.,15.,4.6));
#3226 = DIRECTION('',(-1.,-0.,-0.));
#3227 = DIRECTION('',(0.,1.,0.));
#3228 = DEFINITIONAL_REPRESENTATION('',(#3229),#3233);
#3229 = LINE('',#3230,#3231);
#3230 = CARTESIAN_POINT('',(-6.28318530718,-151.));
#3231 = VECTOR('',#3232,1.);
#3232 = DIRECTION('',(1.,-0.));
#3233 = ( GEOMETRIC_REPRESENTATION_CONTEXT(2) 
PARAMETRIC_REPRESENTATION_CONTEXT() REPRESENTATION_CONTEXT('2D SPACE',''
  ) );
#3234 = ORIENTED_EDGE('',*,*,#3235,.T.);
#3235 = EDGE_CURVE('',#3203,#3236,#3238,.T.);
#3236 = VERTEX_POINT('',#3237);
#3237 = CARTESIAN_POINT('',(75.,-14.,7.6));
#3238 = SURFACE_CURVE('',#3239,(#3243,#3250),.PCURVE_S1.);
#3239 = LINE('',#3240,#3241);
#3240 = CARTESIAN_POINT('',(75.,18.,7.6));
#3241 = VECTOR('',#3242,1.);
#3242 = DIRECTION('',(0.,-1.,0.));
#3243 = PCURVE('',#134,#3244);
#3244 = DEFINITIONAL_REPRESENTATION('',(#3245),#3249);
#3245 = LINE('',#3246,#3247);
#3246 = CARTESIAN_POINT('',(2.452608820165,-20.5082648052));
#3247 = VECTOR('',#3248,1.);
#3248 = DIRECTION('',(0.,1.));
#3249 = ( GEOMETRIC_REPRESENTATION_CONTEXT(2) 
PARAMETRIC_REPRESENTATION_CONTEXT() REPRESENTATION_CONTEXT('2D SPACE',''
  ) );
#3250 = PCURVE('',#2890,#3251);
#3251 = DEFINITIONAL_REPRESENTATION('',(#3252),#3256);
#3252 = LINE('',#3253,#3254);
#3253 = CARTESIAN_POINT('',(0.,-150.));
#3254 = VECTOR('',#3255,1.);
#3255 = DIRECTION('',(1.,0.));
#3256 = ( GEOMETRIC_REPRESENTATION_CONTEXT(2) 
PARAMETRIC_REPRESENTATION_CONTEXT() REPRESENTATION_CONTEXT('2D SPACE',''
  ) );
#3257 = ORIENTED_EDGE('',*,*,#3258,.T.);
#3258 = EDGE_CURVE('',#3236,#2939,#3259,.T.);
#3259 = SURFACE_CURVE('',#3260,(#3265,#3276),.PCURVE_S1.);
#3260 = CIRCLE('',#3261,2.);
#3261 = AXIS2_PLACEMENT_3D('',#3262,#3263,#3264);
#3262 = CARTESIAN_POINT('',(75.,-14.,9.6));
#3263 = DIRECTION('',(-1.,0.,0.));
#3264 = DIRECTION('',(0.,1.7763568394E-15,-1.));
#3265 = PCURVE('',#134,#3266);
#3266 = DEFINITIONAL_REPRESENTATION('',(#3267),#3275);
#3267 = ( BOUNDED_CURVE() B_SPLINE_CURVE(2,(#3268,#3269,#3270,#3271,
#3272,#3273,#3274),.UNSPECIFIED.,.T.,.F.) B_SPLINE_CURVE_WITH_KNOTS((1,2
    ,2,2,2,1),(-2.094395102393,0.,2.094395102393,4.188790204786,
6.28318530718,8.377580409573),.UNSPECIFIED.) CURVE() 
GEOMETRIC_REPRESENTATION_ITEM() RATIONAL_B_SPLINE_CURVE((1.,0.5,1.,0.5,
1.,0.5,1.)) REPRESENTATION_ITEM('') );
#3268 = CARTESIAN_POINT('',(2.452608820165,11.491735194791));
#3269 = CARTESIAN_POINT('',(2.452608820165,14.955836809929));
#3270 = CARTESIAN_POINT('',(5.452608820165,13.22378600236));
#3271 = CARTESIAN_POINT('',(8.452608820165,11.491735194792));
#3272 = CARTESIAN_POINT('',(5.452608820165,9.759684387223));
#3273 = CARTESIAN_POINT('',(2.452608820165,8.027633579654));
#3274 = CARTESIAN_POINT('',(2.452608820165,11.491735194791));
#3275 = ( GEOMETRIC_REPRESENTATION_CONTEXT(2) 
PARAMETRIC_REPRESENTATION_CONTEXT() REPRESENTATION_CONTEXT('2D SPACE',''
  ) );
#3276 = PCURVE('',#3277,#3282);
#3277 = CYLINDRICAL_SURFACE('',#3278,2.);
#3278 = AXIS2_PLACEMENT_3D('',#3279,#3280,#3281);
#3279 = CARTESIAN_POINT('',(-75.,-14.,9.6));
#3280 = DIRECTION('',(-1.,0.,0.));
#3281 = DIRECTION('',(0.,1.7763568394E-15,-1.));
#3282 = DEFINITIONAL_REPRESENTATION('',(#3283),#3287);
#3283 = LINE('',#3284,#3285);
#3284 = CARTESIAN_POINT('',(0.,-150.));
#3285 = VECTOR('',#3286,1.);
#3286 = DIRECTION('',(1.,0.));
#3287 = ( GEOMETRIC_REPRESENTATION_CONTEXT(2) 
PARAMETRIC_REPRESENTATION_CONTEXT() REPRESENTATION_CONTEXT('2D SPACE',''
  ) );
#3288 = ADVANCED_FACE('',(#3289),#536,.T.);
#3289 = FACE_BOUND('',#3290,.F.);
#3290 = EDGE_LOOP('',(#3291,#3292,#3315,#3337));
#3291 = ORIENTED_EDGE('',*,*,#515,.T.);
#3292 = ORIENTED_EDGE('',*,*,#3293,.T.);
#3293 = EDGE_CURVE('',#488,#3294,#3296,.T.);
#3294 = VERTEX_POINT('',#3295);
#3295 = CARTESIAN_POINT('',(-115.,8.,7.6));
#3296 = SURFACE_CURVE('',#3297,(#3301,#3308),.PCURVE_S1.);
#3297 = LINE('',#3298,#3299);
#3298 = CARTESIAN_POINT('',(-115.,8.,0.));
#3299 = VECTOR('',#3300,1.);
#3300 = DIRECTION('',(0.,0.,1.));
#3301 = PCURVE('',#536,#3302);
#3302 = DEFINITIONAL_REPRESENTATION('',(#3303),#3307);
#3303 = LINE('',#3304,#3305);
#3304 = CARTESIAN_POINT('',(-1.570796326795,0.));
#3305 = VECTOR('',#3306,1.);
#3306 = DIRECTION('',(-0.,1.));
#3307 = ( GEOMETRIC_REPRESENTATION_CONTEXT(2) 
PARAMETRIC_REPRESENTATION_CONTEXT() REPRESENTATION_CONTEXT('2D SPACE',''
  ) );
#3308 = PCURVE('',#503,#3309);
#3309 = DEFINITIONAL_REPRESENTATION('',(#3310),#3314);
#3310 = LINE('',#3311,#3312);
#3311 = CARTESIAN_POINT('',(10.,0.));
#3312 = VECTOR('',#3313,1.);
#3313 = DIRECTION('',(0.,-1.));
#3314 = ( GEOMETRIC_REPRESENTATION_CONTEXT(2) 
PARAMETRIC_REPRESENTATION_CONTEXT() REPRESENTATION_CONTEXT('2D SPACE',''
  ) );
#3315 = ORIENTED_EDGE('',*,*,#3316,.F.);
#3316 = EDGE_CURVE('',#3130,#3294,#3317,.T.);
#3317 = SURFACE_CURVE('',#3318,(#3323,#3330),.PCURVE_S1.);
#3318 = CIRCLE('',#3319,2.);
#3319 = AXIS2_PLACEMENT_3D('',#3320,#3321,#3322);
#3320 = CARTESIAN_POINT('',(-113.,8.,7.6));
#3321 = DIRECTION('',(-0.,-0.,-1.));
#3322 = DIRECTION('',(0.,-1.,0.));
#3323 = PCURVE('',#536,#3324);
#3324 = DEFINITIONAL_REPRESENTATION('',(#3325),#3329);
#3325 = LINE('',#3326,#3327);
#3326 = CARTESIAN_POINT('',(-0.,7.6));
#3327 = VECTOR('',#3328,1.);
#3328 = DIRECTION('',(-1.,0.));
#3329 = ( GEOMETRIC_REPRESENTATION_CONTEXT(2) 
PARAMETRIC_REPRESENTATION_CONTEXT() REPRESENTATION_CONTEXT('2D SPACE',''
  ) );
#3330 = PCURVE('',#2890,#3331);
#3331 = DEFINITIONAL_REPRESENTATION('',(#3332),#3336);
#3332 = CIRCLE('',#3333,2.);
#3333 = AXIS2_PLACEMENT_2D('',#3334,#3335);
#3334 = CARTESIAN_POINT('',(10.,38.));
#3335 = DIRECTION('',(1.,0.));
#3336 = ( GEOMETRIC_REPRESENTATION_CONTEXT(2) 
PARAMETRIC_REPRESENTATION_CONTEXT() REPRESENTATION_CONTEXT('2D SPACE',''
  ) );
#3337 = ORIENTED_EDGE('',*,*,#3129,.F.);
#3338 = ADVANCED_FACE('',(#3339),#163,.T.);
#3339 = FACE_BOUND('',#3340,.T.);
#3340 = EDGE_LOOP('',(#3341,#3342,#3343,#3366));
#3341 = ORIENTED_EDGE('',*,*,#3179,.F.);
#3342 = ORIENTED_EDGE('',*,*,#146,.T.);
#3343 = ORIENTED_EDGE('',*,*,#3344,.T.);
#3344 = EDGE_CURVE('',#147,#3345,#3347,.T.);
#3345 = VERTEX_POINT('',#3346);
#3346 = CARTESIAN_POINT('',(73.,18.,4.6));
#3347 = SURFACE_CURVE('',#3348,(#3352,#3359),.PCURVE_S1.);
#3348 = LINE('',#3349,#3350);
#3349 = CARTESIAN_POINT('',(73.,18.,0.));
#3350 = VECTOR('',#3351,1.);
#3351 = DIRECTION('',(0.,0.,1.));
#3352 = PCURVE('',#163,#3353);
#3353 = DEFINITIONAL_REPRESENTATION('',(#3354),#3358);
#3354 = LINE('',#3355,#3356);
#3355 = CARTESIAN_POINT('',(1.570796326795,0.));
#3356 = VECTOR('',#3357,1.);
#3357 = DIRECTION('',(0.,1.));
#3358 = ( GEOMETRIC_REPRESENTATION_CONTEXT(2) 
PARAMETRIC_REPRESENTATION_CONTEXT() REPRESENTATION_CONTEXT('2D SPACE',''
  ) );
#3359 = PCURVE('',#191,#3360);
#3360 = DEFINITIONAL_REPRESENTATION('',(#3361),#3365);
#3361 = LINE('',#3362,#3363);
#3362 = CARTESIAN_POINT('',(0.,-148.));
#3363 = VECTOR('',#3364,1.);
#3364 = DIRECTION('',(1.,0.));
#3365 = ( GEOMETRIC_REPRESENTATION_CONTEXT(2) 
PARAMETRIC_REPRESENTATION_CONTEXT() REPRESENTATION_CONTEXT('2D SPACE',''
  ) );
#3366 = ORIENTED_EDGE('',*,*,#3367,.F.);
#3367 = EDGE_CURVE('',#3180,#3345,#3368,.T.);
#3368 = SURFACE_CURVE('',#3369,(#3393,#3420),.PCURVE_S1.);
#3369 = B_SPLINE_CURVE_WITH_KNOTS('',8,(#3370,#3371,#3372,#3373,#3374,
    #3375,#3376,#3377,#3378,#3379,#3380,#3381,#3382,#3383,#3384,#3385,
    #3386,#3387,#3388,#3389,#3390,#3391,#3392),.UNSPECIFIED.,.F.,.F.,(9,
    7,7,9),(0.,0.180801156771,0.328546414513,1.),.UNSPECIFIED.);
#3370 = CARTESIAN_POINT('',(75.,16.,7.428427124746));
#3371 = CARTESIAN_POINT('',(75.,16.104864404756,7.391351958892));
#3372 = CARTESIAN_POINT('',(74.993716294107,16.20689516297,
    7.350279873466));
#3373 = CARTESIAN_POINT('',(74.981743006939,16.305741164827,
    7.305546048325));
#3374 = CARTESIAN_POINT('',(74.964659599626,16.401108050834,
    7.257528459972));
#3375 = CARTESIAN_POINT('',(74.943038026812,16.492751322568,
    7.206640399901));
#3376 = CARTESIAN_POINT('',(74.917447959222,16.58047117297,
    7.153325207499));
#3377 = CARTESIAN_POINT('',(74.888460071801,16.664109036211,
    7.098053217502));
#3378 = CARTESIAN_POINT('',(74.830651038452,16.808459233701,
    6.994960999457));
#3379 = CARTESIAN_POINT('',(74.802678501665,16.870792275141,
    6.947465242954));
#3380 = CARTESIAN_POINT('',(74.772954367092,16.930607084708,
    6.898977303262));
#3381 = CARTESIAN_POINT('',(74.741675878218,16.987973541631,
    6.849624219373));
#3382 = CARTESIAN_POINT('',(74.709014123984,17.042967960255,
    6.799515531599));
#3383 = CARTESIAN_POINT('',(74.675115220778,17.095671749205,
    6.748742394695));
#3384 = CARTESIAN_POINT('',(74.640101494418,17.146170070546,
    6.69737669097));
#3385 = CARTESIAN_POINT('',(74.440333473651,17.414423627985,
    6.409571962937));
#3386 = CARTESIAN_POINT('',(74.25350994687,17.593392999456,
    6.159455227481));
#3387 = CARTESIAN_POINT('',(74.054132774518,17.734771826517,
    5.902596921778));
#3388 = CARTESIAN_POINT('',(73.848320124784,17.842822498218,
    5.643543274232));
#3389 = CARTESIAN_POINT('',(73.639465569404,17.921399174457,
    5.384350819554));
#3390 = CARTESIAN_POINT('',(73.428764203476,17.973367077841,
    5.125128441982));
#3391 = CARTESIAN_POINT('',(73.215890987588,17.999999887329,
    4.864411088237));
#3392 = CARTESIAN_POINT('',(73.,18.,4.6));
#3393 = PCURVE('',#163,#3394);
#3394 = DEFINITIONAL_REPRESENTATION('',(#3395),#3419);
#3395 = B_SPLINE_CURVE_WITH_KNOTS('',8,(#3396,#3397,#3398,#3399,#3400,
    #3401,#3402,#3403,#3404,#3405,#3406,#3407,#3408,#3409,#3410,#3411,
    #3412,#3413,#3414,#3415,#3416,#3417,#3418),.UNSPECIFIED.,.F.,.F.,(9,
    7,7,9),(0.,0.180801156771,0.328546414513,1.),.UNSPECIFIED.);
#3396 = CARTESIAN_POINT('',(0.,7.428427124746));
#3397 = CARTESIAN_POINT('',(5.243220237814E-02,7.391351958892));
#3398 = CARTESIAN_POINT('',(0.103447635036,7.350279873466));
#3399 = CARTESIAN_POINT('',(0.153090135603,7.305546048325));
#3400 = CARTESIAN_POINT('',(0.201382779067,7.257528459972));
#3401 = CARTESIAN_POINT('',(0.248330737042,7.206640399901));
#3402 = CARTESIAN_POINT('',(0.293923008506,7.153325207499));
#3403 = CARTESIAN_POINT('',(0.338133021994,7.098053217502));
#3404 = CARTESIAN_POINT('',(0.415880793429,6.994960999457));
#3405 = CARTESIAN_POINT('',(0.450013229968,6.947465242954));
#3406 = CARTESIAN_POINT('',(0.48336728233,6.898977303262));
#3407 = CARTESIAN_POINT('',(0.515991174056,6.849624219373));
#3408 = CARTESIAN_POINT('',(0.547930869034,6.799515531599));
#3409 = CARTESIAN_POINT('',(0.579231451765,6.748742394695));
#3410 = CARTESIAN_POINT('',(0.609938507632,6.69737669097));
#3411 = CARTESIAN_POINT('',(0.777171304354,6.409571962937));
#3412 = CARTESIAN_POINT('',(0.904734364422,6.159455227481));
#3413 = CARTESIAN_POINT('',(1.024892053316,5.902596921778));
#3414 = CARTESIAN_POINT('',(1.13918575654,5.643543274232));
#3415 = CARTESIAN_POINT('',(1.249150974589,5.384350819554));
#3416 = CARTESIAN_POINT('',(1.356412896958,5.125128441982));
#3417 = CARTESIAN_POINT('',(1.462851060414,4.864411088237));
#3418 = CARTESIAN_POINT('',(1.570796326795,4.6));
#3419 = ( GEOMETRIC_REPRESENTATION_CONTEXT(2) 
PARAMETRIC_REPRESENTATION_CONTEXT() REPRESENTATION_CONTEXT('2D SPACE',''
  ) );
#3420 = PCURVE('',#3223,#3421);
#3421 = DEFINITIONAL_REPRESENTATION('',(#3422),#3446);
#3422 = B_SPLINE_CURVE_WITH_KNOTS('',8,(#3423,#3424,#3425,#3426,#3427,
    #3428,#3429,#3430,#3431,#3432,#3433,#3434,#3435,#3436,#3437,#3438,
    #3439,#3440,#3441,#3442,#3443,#3444,#3445),.UNSPECIFIED.,.F.,.F.,(9,
    7,7,9),(0.,0.180801156771,0.328546414513,1.),.UNSPECIFIED.);
#3423 = CARTESIAN_POINT('',(-1.230959417341,-151.));
#3424 = CARTESIAN_POINT('',(-1.193884251487,-151.));
#3425 = CARTESIAN_POINT('',(-1.157255523564,-150.9937162941));
#3426 = CARTESIAN_POINT('',(-1.121143108403,-150.9817430069));
#3427 = CARTESIAN_POINT('',(-1.085611814369,-150.9646595996));
#3428 = CARTESIAN_POINT('',(-1.05072536218,-150.9430380268));
#3429 = CARTESIAN_POINT('',(-1.016549522653,-150.9174479592));
#3430 = CARTESIAN_POINT('',(-0.983154413374,-150.8884600718));
#3431 = CARTESIAN_POINT('',(-0.924026505941,-150.8306510384));
#3432 = CARTESIAN_POINT('',(-0.897916955475,-150.8026785016));
#3433 = CARTESIAN_POINT('',(-0.872269629763,-150.772954367));
#3434 = CARTESIAN_POINT('',(-0.84706588553,-150.7416758782));
#3435 = CARTESIAN_POINT('',(-0.82228561737,-150.7090141239));
#3436 = CARTESIAN_POINT('',(-0.797906765761,-150.6751152207));
#3437 = CARTESIAN_POINT('',(-0.773904825066,-150.6401014944));
#3438 = CARTESIAN_POINT('',(-0.642759641499,-150.4403334736));
#3439 = CARTESIAN_POINT('',(-0.541096240504,-150.2535099468));
#3440 = CARTESIAN_POINT('',(-0.444439913129,-150.0541327745));
#3441 = CARTESIAN_POINT('',(-0.351899331433,-149.8483201247));
#3442 = CARTESIAN_POINT('',(-0.262493351989,-149.6394655694));
#3443 = CARTESIAN_POINT('',(-0.175042854303,-149.4287642034));
#3444 = CARTESIAN_POINT('',(-8.813702527233E-02,-149.2158909875));
#3445 = CARTESIAN_POINT('',(0.,-149.));
#3446 = ( GEOMETRIC_REPRESENTATION_CONTEXT(2) 
PARAMETRIC_REPRESENTATION_CONTEXT() REPRESENTATION_CONTEXT('2D SPACE',''
  ) );
#3447 = ADVANCED_FACE('',(#3448),#503,.F.);
#3448 = FACE_BOUND('',#3449,.F.);
#3449 = EDGE_LOOP('',(#3450,#3451,#3474,#3502,#3530,#3551));
#3450 = ORIENTED_EDGE('',*,*,#487,.T.);
#3451 = ORIENTED_EDGE('',*,*,#3452,.T.);
#3452 = EDGE_CURVE('',#459,#3453,#3455,.T.);
#3453 = VERTEX_POINT('',#3454);
#3454 = CARTESIAN_POINT('',(-115.,29.,4.));
#3455 = SURFACE_CURVE('',#3456,(#3460,#3467),.PCURVE_S1.);
#3456 = LINE('',#3457,#3458);
#3457 = CARTESIAN_POINT('',(-115.,29.,0.));
#3458 = VECTOR('',#3459,1.);
#3459 = DIRECTION('',(0.,0.,1.));
#3460 = PCURVE('',#503,#3461);
#3461 = DEFINITIONAL_REPRESENTATION('',(#3462),#3466);
#3462 = LINE('',#3463,#3464);
#3463 = CARTESIAN_POINT('',(-11.,0.));
#3464 = VECTOR('',#3465,1.);
#3465 = DIRECTION('',(0.,-1.));
#3466 = ( GEOMETRIC_REPRESENTATION_CONTEXT(2) 
PARAMETRIC_REPRESENTATION_CONTEXT() REPRESENTATION_CONTEXT('2D SPACE',''
  ) );
#3467 = PCURVE('',#475,#3468);
#3468 = DEFINITIONAL_REPRESENTATION('',(#3469),#3473);
#3469 = LINE('',#3470,#3471);
#3470 = CARTESIAN_POINT('',(1.570796326795,0.));
#3471 = VECTOR('',#3472,1.);
#3472 = DIRECTION('',(0.,1.));
#3473 = ( GEOMETRIC_REPRESENTATION_CONTEXT(2) 
PARAMETRIC_REPRESENTATION_CONTEXT() REPRESENTATION_CONTEXT('2D SPACE',''
  ) );
#3474 = ORIENTED_EDGE('',*,*,#3475,.T.);
#3475 = EDGE_CURVE('',#3453,#3476,#3478,.T.);
#3476 = VERTEX_POINT('',#3477);
#3477 = CARTESIAN_POINT('',(-115.,16.,4.));
#3478 = SURFACE_CURVE('',#3479,(#3483,#3490),.PCURVE_S1.);
#3479 = LINE('',#3480,#3481);
#3480 = CARTESIAN_POINT('',(-115.,31.,4.));
#3481 = VECTOR('',#3482,1.);
#3482 = DIRECTION('',(0.,-1.,0.));
#3483 = PCURVE('',#503,#3484);
#3484 = DEFINITIONAL_REPRESENTATION('',(#3485),#3489);
#3485 = LINE('',#3486,#3487);
#3486 = CARTESIAN_POINT('',(-13.,-4.));
#3487 = VECTOR('',#3488,1.);
#3488 = DIRECTION('',(1.,0.));
#3489 = ( GEOMETRIC_REPRESENTATION_CONTEXT(2) 
PARAMETRIC_REPRESENTATION_CONTEXT() REPRESENTATION_CONTEXT('2D SPACE',''
  ) );
#3490 = PCURVE('',#3491,#3496);
#3491 = PLANE('',#3492);
#3492 = AXIS2_PLACEMENT_3D('',#3493,#3494,#3495);
#3493 = CARTESIAN_POINT('',(-108.,23.,4.));
#3494 = DIRECTION('',(0.,0.,1.));
#3495 = DIRECTION('',(1.,0.,-0.));
#3496 = DEFINITIONAL_REPRESENTATION('',(#3497),#3501);
#3497 = LINE('',#3498,#3499);
#3498 = CARTESIAN_POINT('',(-7.,8.));
#3499 = VECTOR('',#3500,1.);
#3500 = DIRECTION('',(0.,-1.));
#3501 = ( GEOMETRIC_REPRESENTATION_CONTEXT(2) 
PARAMETRIC_REPRESENTATION_CONTEXT() REPRESENTATION_CONTEXT('2D SPACE',''
  ) );
#3502 = ORIENTED_EDGE('',*,*,#3503,.T.);
#3503 = EDGE_CURVE('',#3476,#3504,#3506,.T.);
#3504 = VERTEX_POINT('',#3505);
#3505 = CARTESIAN_POINT('',(-115.,16.,7.6));
#3506 = SURFACE_CURVE('',#3507,(#3511,#3518),.PCURVE_S1.);
#3507 = LINE('',#3508,#3509);
#3508 = CARTESIAN_POINT('',(-115.,16.,0.));
#3509 = VECTOR('',#3510,1.);
#3510 = DIRECTION('',(0.,0.,1.));
#3511 = PCURVE('',#503,#3512);
#3512 = DEFINITIONAL_REPRESENTATION('',(#3513),#3517);
#3513 = LINE('',#3514,#3515);
#3514 = CARTESIAN_POINT('',(2.,0.));
#3515 = VECTOR('',#3516,1.);
#3516 = DIRECTION('',(0.,-1.));
#3517 = ( GEOMETRIC_REPRESENTATION_CONTEXT(2) 
PARAMETRIC_REPRESENTATION_CONTEXT() REPRESENTATION_CONTEXT('2D SPACE',''
  ) );
#3518 = PCURVE('',#3519,#3524);
#3519 = CYLINDRICAL_SURFACE('',#3520,2.);
#3520 = AXIS2_PLACEMENT_3D('',#3521,#3522,#3523);
#3521 = CARTESIAN_POINT('',(-113.,16.,0.));
#3522 = DIRECTION('',(0.,0.,1.));
#3523 = DIRECTION('',(-0.,1.,0.));
#3524 = DEFINITIONAL_REPRESENTATION('',(#3525),#3529);
#3525 = LINE('',#3526,#3527);
#3526 = CARTESIAN_POINT('',(1.570796326795,0.));
#3527 = VECTOR('',#3528,1.);
#3528 = DIRECTION('',(0.,1.));
#3529 = ( GEOMETRIC_REPRESENTATION_CONTEXT(2) 
PARAMETRIC_REPRESENTATION_CONTEXT() REPRESENTATION_CONTEXT('2D SPACE',''
  ) );
#3530 = ORIENTED_EDGE('',*,*,#3531,.T.);
#3531 = EDGE_CURVE('',#3504,#3294,#3532,.T.);
#3532 = SURFACE_CURVE('',#3533,(#3537,#3544),.PCURVE_S1.);
#3533 = LINE('',#3534,#3535);
#3534 = CARTESIAN_POINT('',(-115.,18.,7.6));
#3535 = VECTOR('',#3536,1.);
#3536 = DIRECTION('',(0.,-1.,0.));
#3537 = PCURVE('',#503,#3538);
#3538 = DEFINITIONAL_REPRESENTATION('',(#3539),#3543);
#3539 = LINE('',#3540,#3541);
#3540 = CARTESIAN_POINT('',(0.,-7.6));
#3541 = VECTOR('',#3542,1.);
#3542 = DIRECTION('',(1.,0.));
#3543 = ( GEOMETRIC_REPRESENTATION_CONTEXT(2) 
PARAMETRIC_REPRESENTATION_CONTEXT() REPRESENTATION_CONTEXT('2D SPACE',''
  ) );
#3544 = PCURVE('',#2890,#3545);
#3545 = DEFINITIONAL_REPRESENTATION('',(#3546),#3550);
#3546 = LINE('',#3547,#3548);
#3547 = CARTESIAN_POINT('',(0.,40.));
#3548 = VECTOR('',#3549,1.);
#3549 = DIRECTION('',(1.,0.));
#3550 = ( GEOMETRIC_REPRESENTATION_CONTEXT(2) 
PARAMETRIC_REPRESENTATION_CONTEXT() REPRESENTATION_CONTEXT('2D SPACE',''
  ) );
#3551 = ORIENTED_EDGE('',*,*,#3293,.F.);
#3552 = ADVANCED_FACE('',(#3553),#191,.F.);
#3553 = FACE_BOUND('',#3554,.F.);
#3554 = EDGE_LOOP('',(#3555,#3585,#3611,#3630,#3631,#3632));
#3555 = ORIENTED_EDGE('',*,*,#3556,.F.);
#3556 = EDGE_CURVE('',#3557,#3559,#3561,.T.);
#3557 = VERTEX_POINT('',#3558);
#3558 = CARTESIAN_POINT('',(-73.,18.,4.));
#3559 = VERTEX_POINT('',#3560);
#3560 = CARTESIAN_POINT('',(-73.,18.,4.6));
#3561 = SURFACE_CURVE('',#3562,(#3566,#3573),.PCURVE_S1.);
#3562 = LINE('',#3563,#3564);
#3563 = CARTESIAN_POINT('',(-73.,18.,0.));
#3564 = VECTOR('',#3565,1.);
#3565 = DIRECTION('',(0.,0.,1.));
#3566 = PCURVE('',#191,#3567);
#3567 = DEFINITIONAL_REPRESENTATION('',(#3568),#3572);
#3568 = LINE('',#3569,#3570);
#3569 = CARTESIAN_POINT('',(0.,-2.));
#3570 = VECTOR('',#3571,1.);
#3571 = DIRECTION('',(1.,0.));
#3572 = ( GEOMETRIC_REPRESENTATION_CONTEXT(2) 
PARAMETRIC_REPRESENTATION_CONTEXT() REPRESENTATION_CONTEXT('2D SPACE',''
  ) );
#3573 = PCURVE('',#3574,#3579);
#3574 = CYLINDRICAL_SURFACE('',#3575,2.);
#3575 = AXIS2_PLACEMENT_3D('',#3576,#3577,#3578);
#3576 = CARTESIAN_POINT('',(-73.,16.,0.));
#3577 = DIRECTION('',(0.,0.,1.));
#3578 = DIRECTION('',(-0.,1.,0.));
#3579 = DEFINITIONAL_REPRESENTATION('',(#3580),#3584);
#3580 = LINE('',#3581,#3582);
#3581 = CARTESIAN_POINT('',(0.,0.));
#3582 = VECTOR('',#3583,1.);
#3583 = DIRECTION('',(0.,1.));
#3584 = ( GEOMETRIC_REPRESENTATION_CONTEXT(2) 
PARAMETRIC_REPRESENTATION_CONTEXT() REPRESENTATION_CONTEXT('2D SPACE',''
  ) );
#3585 = ORIENTED_EDGE('',*,*,#3586,.F.);
#3586 = EDGE_CURVE('',#3587,#3557,#3589,.T.);
#3587 = VERTEX_POINT('',#3588);
#3588 = CARTESIAN_POINT('',(-61.,18.,4.));
#3589 = SURFACE_CURVE('',#3590,(#3594,#3600),.PCURVE_S1.);
#3590 = LINE('',#3591,#3592);
#3591 = CARTESIAN_POINT('',(-71.5,18.,4.));
#3592 = VECTOR('',#3593,1.);
#3593 = DIRECTION('',(-1.,0.,0.));
#3594 = PCURVE('',#191,#3595);
#3595 = DEFINITIONAL_REPRESENTATION('',(#3596),#3599);
#3596 = B_SPLINE_CURVE_WITH_KNOTS('',1,(#3597,#3598),.UNSPECIFIED.,.F.,
  .F.,(2,2),(-10.5,1.5),.PIECEWISE_BEZIER_KNOTS.);
#3597 = CARTESIAN_POINT('',(4.,-14.));
#3598 = CARTESIAN_POINT('',(4.,-2.));
#3599 = ( GEOMETRIC_REPRESENTATION_CONTEXT(2) 
PARAMETRIC_REPRESENTATION_CONTEXT() REPRESENTATION_CONTEXT('2D SPACE',''
  ) );
#3600 = PCURVE('',#3601,#3606);
#3601 = PLANE('',#3602);
#3602 = AXIS2_PLACEMENT_3D('',#3603,#3604,#3605);
#3603 = CARTESIAN_POINT('',(-68.,23.,4.));
#3604 = DIRECTION('',(0.,0.,1.));
#3605 = DIRECTION('',(1.,0.,-0.));
#3606 = DEFINITIONAL_REPRESENTATION('',(#3607),#3610);
#3607 = B_SPLINE_CURVE_WITH_KNOTS('',1,(#3608,#3609),.UNSPECIFIED.,.F.,
  .F.,(2,2),(-10.5,1.5),.PIECEWISE_BEZIER_KNOTS.);
#3608 = CARTESIAN_POINT('',(7.,-5.));
#3609 = CARTESIAN_POINT('',(-5.,-5.));
#3610 = ( GEOMETRIC_REPRESENTATION_CONTEXT(2) 
PARAMETRIC_REPRESENTATION_CONTEXT() REPRESENTATION_CONTEXT('2D SPACE',''
  ) );
#3611 = ORIENTED_EDGE('',*,*,#3612,.T.);
#3612 = EDGE_CURVE('',#3587,#176,#3613,.T.);
#3613 = SURFACE_CURVE('',#3614,(#3618,#3624),.PCURVE_S1.);
#3614 = LINE('',#3615,#3616);
#3615 = CARTESIAN_POINT('',(-61.,18.,0.));
#3616 = VECTOR('',#3617,1.);
#3617 = DIRECTION('',(-0.,-0.,-1.));
#3618 = PCURVE('',#191,#3619);
#3619 = DEFINITIONAL_REPRESENTATION('',(#3620),#3623);
#3620 = B_SPLINE_CURVE_WITH_KNOTS('',1,(#3621,#3622),.UNSPECIFIED.,.F.,
  .F.,(2,2),(-4.,0.),.PIECEWISE_BEZIER_KNOTS.);
#3621 = CARTESIAN_POINT('',(4.,-14.));
#3622 = CARTESIAN_POINT('',(0.,-14.));
#3623 = ( GEOMETRIC_REPRESENTATION_CONTEXT(2) 
PARAMETRIC_REPRESENTATION_CONTEXT() REPRESENTATION_CONTEXT('2D SPACE',''
  ) );
#3624 = PCURVE('',#219,#3625);
#3625 = DEFINITIONAL_REPRESENTATION('',(#3626),#3629);
#3626 = B_SPLINE_CURVE_WITH_KNOTS('',1,(#3627,#3628),.UNSPECIFIED.,.F.,
  .F.,(2,2),(-4.,0.),.PIECEWISE_BEZIER_KNOTS.);
#3627 = CARTESIAN_POINT('',(3.,-4.));
#3628 = CARTESIAN_POINT('',(3.,0.));
#3629 = ( GEOMETRIC_REPRESENTATION_CONTEXT(2) 
PARAMETRIC_REPRESENTATION_CONTEXT() REPRESENTATION_CONTEXT('2D SPACE',''
  ) );
#3630 = ORIENTED_EDGE('',*,*,#175,.F.);
#3631 = ORIENTED_EDGE('',*,*,#3344,.T.);
#3632 = ORIENTED_EDGE('',*,*,#3633,.F.);
#3633 = EDGE_CURVE('',#3559,#3345,#3634,.T.);
#3634 = SURFACE_CURVE('',#3635,(#3639,#3646),.PCURVE_S1.);
#3635 = LINE('',#3636,#3637);
#3636 = CARTESIAN_POINT('',(-76.,18.,4.6));
#3637 = VECTOR('',#3638,1.);
#3638 = DIRECTION('',(1.,0.,0.));
#3639 = PCURVE('',#191,#3640);
#3640 = DEFINITIONAL_REPRESENTATION('',(#3641),#3645);
#3641 = LINE('',#3642,#3643);
#3642 = CARTESIAN_POINT('',(4.6,1.));
#3643 = VECTOR('',#3644,1.);
#3644 = DIRECTION('',(0.,-1.));
#3645 = ( GEOMETRIC_REPRESENTATION_CONTEXT(2) 
PARAMETRIC_REPRESENTATION_CONTEXT() REPRESENTATION_CONTEXT('2D SPACE',''
  ) );
#3646 = PCURVE('',#3223,#3647);
#3647 = DEFINITIONAL_REPRESENTATION('',(#3648),#3652);
#3648 = LINE('',#3649,#3650);
#3649 = CARTESIAN_POINT('',(-0.,0.));
#3650 = VECTOR('',#3651,1.);
#3651 = DIRECTION('',(-0.,-1.));
#3652 = ( GEOMETRIC_REPRESENTATION_CONTEXT(2) 
PARAMETRIC_REPRESENTATION_CONTEXT() REPRESENTATION_CONTEXT('2D SPACE',''
  ) );
#3653 = ADVANCED_FACE('',(#3654),#475,.T.);
#3654 = FACE_BOUND('',#3655,.T.);
#3655 = EDGE_LOOP('',(#3656,#3657,#3658,#3682));
#3656 = ORIENTED_EDGE('',*,*,#458,.T.);
#3657 = ORIENTED_EDGE('',*,*,#3452,.T.);
#3658 = ORIENTED_EDGE('',*,*,#3659,.F.);
#3659 = EDGE_CURVE('',#3660,#3453,#3662,.T.);
#3660 = VERTEX_POINT('',#3661);
#3661 = CARTESIAN_POINT('',(-113.,31.,4.));
#3662 = SURFACE_CURVE('',#3663,(#3668,#3675),.PCURVE_S1.);
#3663 = CIRCLE('',#3664,2.);
#3664 = AXIS2_PLACEMENT_3D('',#3665,#3666,#3667);
#3665 = CARTESIAN_POINT('',(-113.,29.,4.));
#3666 = DIRECTION('',(0.,0.,1.));
#3667 = DIRECTION('',(0.,-1.,0.));
#3668 = PCURVE('',#475,#3669);
#3669 = DEFINITIONAL_REPRESENTATION('',(#3670),#3674);
#3670 = LINE('',#3671,#3672);
#3671 = CARTESIAN_POINT('',(-3.14159265359,4.));
#3672 = VECTOR('',#3673,1.);
#3673 = DIRECTION('',(1.,0.));
#3674 = ( GEOMETRIC_REPRESENTATION_CONTEXT(2) 
PARAMETRIC_REPRESENTATION_CONTEXT() REPRESENTATION_CONTEXT('2D SPACE',''
  ) );
#3675 = PCURVE('',#3491,#3676);
#3676 = DEFINITIONAL_REPRESENTATION('',(#3677),#3681);
#3677 = CIRCLE('',#3678,2.);
#3678 = AXIS2_PLACEMENT_2D('',#3679,#3680);
#3679 = CARTESIAN_POINT('',(-5.,6.));
#3680 = DIRECTION('',(0.,-1.));
#3681 = ( GEOMETRIC_REPRESENTATION_CONTEXT(2) 
PARAMETRIC_REPRESENTATION_CONTEXT() REPRESENTATION_CONTEXT('2D SPACE',''
  ) );
#3682 = ORIENTED_EDGE('',*,*,#3683,.F.);
#3683 = EDGE_CURVE('',#431,#3660,#3684,.T.);
#3684 = SURFACE_CURVE('',#3685,(#3689,#3696),.PCURVE_S1.);
#3685 = LINE('',#3686,#3687);
#3686 = CARTESIAN_POINT('',(-113.,31.,0.));
#3687 = VECTOR('',#3688,1.);
#3688 = DIRECTION('',(0.,0.,1.));
#3689 = PCURVE('',#475,#3690);
#3690 = DEFINITIONAL_REPRESENTATION('',(#3691),#3695);
#3691 = LINE('',#3692,#3693);
#3692 = CARTESIAN_POINT('',(0.,0.));
#3693 = VECTOR('',#3694,1.);
#3694 = DIRECTION('',(0.,1.));
#3695 = ( GEOMETRIC_REPRESENTATION_CONTEXT(2) 
PARAMETRIC_REPRESENTATION_CONTEXT() REPRESENTATION_CONTEXT('2D SPACE',''
  ) );
#3696 = PCURVE('',#446,#3697);
#3697 = DEFINITIONAL_REPRESENTATION('',(#3698),#3702);
#3698 = LINE('',#3699,#3700);
#3699 = CARTESIAN_POINT('',(12.,0.));
#3700 = VECTOR('',#3701,1.);
#3701 = DIRECTION('',(0.,-1.));
#3702 = ( GEOMETRIC_REPRESENTATION_CONTEXT(2) 
PARAMETRIC_REPRESENTATION_CONTEXT() REPRESENTATION_CONTEXT('2D SPACE',''
  ) );
#3703 = ADVANCED_FACE('',(#3704),#219,.F.);
#3704 = FACE_BOUND('',#3705,.F.);
#3705 = EDGE_LOOP('',(#3706,#3707,#3708,#3731));
#3706 = ORIENTED_EDGE('',*,*,#203,.F.);
#3707 = ORIENTED_EDGE('',*,*,#3612,.F.);
#3708 = ORIENTED_EDGE('',*,*,#3709,.T.);
#3709 = EDGE_CURVE('',#3587,#3710,#3712,.T.);
#3710 = VERTEX_POINT('',#3711);
#3711 = CARTESIAN_POINT('',(-61.,29.,4.));
#3712 = SURFACE_CURVE('',#3713,(#3717,#3724),.PCURVE_S1.);
#3713 = LINE('',#3714,#3715);
#3714 = CARTESIAN_POINT('',(-61.,15.,4.));
#3715 = VECTOR('',#3716,1.);
#3716 = DIRECTION('',(0.,1.,0.));
#3717 = PCURVE('',#219,#3718);
#3718 = DEFINITIONAL_REPRESENTATION('',(#3719),#3723);
#3719 = LINE('',#3720,#3721);
#3720 = CARTESIAN_POINT('',(0.,-4.));
#3721 = VECTOR('',#3722,1.);
#3722 = DIRECTION('',(1.,0.));
#3723 = ( GEOMETRIC_REPRESENTATION_CONTEXT(2) 
PARAMETRIC_REPRESENTATION_CONTEXT() REPRESENTATION_CONTEXT('2D SPACE',''
  ) );
#3724 = PCURVE('',#3601,#3725);
#3725 = DEFINITIONAL_REPRESENTATION('',(#3726),#3730);
#3726 = LINE('',#3727,#3728);
#3727 = CARTESIAN_POINT('',(7.,-8.));
#3728 = VECTOR('',#3729,1.);
#3729 = DIRECTION('',(0.,1.));
#3730 = ( GEOMETRIC_REPRESENTATION_CONTEXT(2) 
PARAMETRIC_REPRESENTATION_CONTEXT() REPRESENTATION_CONTEXT('2D SPACE',''
  ) );
#3731 = ORIENTED_EDGE('',*,*,#3732,.F.);
#3732 = EDGE_CURVE('',#204,#3710,#3733,.T.);
#3733 = SURFACE_CURVE('',#3734,(#3738,#3745),.PCURVE_S1.);
#3734 = LINE('',#3735,#3736);
#3735 = CARTESIAN_POINT('',(-61.,29.,0.));
#3736 = VECTOR('',#3737,1.);
#3737 = DIRECTION('',(0.,0.,1.));
#3738 = PCURVE('',#219,#3739);
#3739 = DEFINITIONAL_REPRESENTATION('',(#3740),#3744);
#3740 = LINE('',#3741,#3742);
#3741 = CARTESIAN_POINT('',(14.,0.));
#3742 = VECTOR('',#3743,1.);
#3743 = DIRECTION('',(0.,-1.));
#3744 = ( GEOMETRIC_REPRESENTATION_CONTEXT(2) 
PARAMETRIC_REPRESENTATION_CONTEXT() REPRESENTATION_CONTEXT('2D SPACE',''
  ) );
#3745 = PCURVE('',#248,#3746);
#3746 = DEFINITIONAL_REPRESENTATION('',(#3747),#3751);
#3747 = LINE('',#3748,#3749);
#3748 = CARTESIAN_POINT('',(0.,0.));
#3749 = VECTOR('',#3750,1.);
#3750 = DIRECTION('',(0.,1.));
#3751 = ( GEOMETRIC_REPRESENTATION_CONTEXT(2) 
PARAMETRIC_REPRESENTATION_CONTEXT() REPRESENTATION_CONTEXT('2D SPACE',''
  ) );
#3752 = ADVANCED_FACE('',(#3753),#446,.F.);
#3753 = FACE_BOUND('',#3754,.F.);
#3754 = EDGE_LOOP('',(#3755,#3756,#3779,#3800));
#3755 = ORIENTED_EDGE('',*,*,#430,.F.);
#3756 = ORIENTED_EDGE('',*,*,#3757,.T.);
#3757 = EDGE_CURVE('',#402,#3758,#3760,.T.);
#3758 = VERTEX_POINT('',#3759);
#3759 = CARTESIAN_POINT('',(-103.,31.,4.));
#3760 = SURFACE_CURVE('',#3761,(#3765,#3772),.PCURVE_S1.);
#3761 = LINE('',#3762,#3763);
#3762 = CARTESIAN_POINT('',(-103.,31.,0.));
#3763 = VECTOR('',#3764,1.);
#3764 = DIRECTION('',(0.,0.,1.));
#3765 = PCURVE('',#446,#3766);
#3766 = DEFINITIONAL_REPRESENTATION('',(#3767),#3771);
#3767 = LINE('',#3768,#3769);
#3768 = CARTESIAN_POINT('',(2.,0.));
#3769 = VECTOR('',#3770,1.);
#3770 = DIRECTION('',(0.,-1.));
#3771 = ( GEOMETRIC_REPRESENTATION_CONTEXT(2) 
PARAMETRIC_REPRESENTATION_CONTEXT() REPRESENTATION_CONTEXT('2D SPACE',''
  ) );
#3772 = PCURVE('',#418,#3773);
#3773 = DEFINITIONAL_REPRESENTATION('',(#3774),#3778);
#3774 = LINE('',#3775,#3776);
#3775 = CARTESIAN_POINT('',(1.570796326795,0.));
#3776 = VECTOR('',#3777,1.);
#3777 = DIRECTION('',(0.,1.));
#3778 = ( GEOMETRIC_REPRESENTATION_CONTEXT(2) 
PARAMETRIC_REPRESENTATION_CONTEXT() REPRESENTATION_CONTEXT('2D SPACE',''
  ) );
#3779 = ORIENTED_EDGE('',*,*,#3780,.T.);
#3780 = EDGE_CURVE('',#3758,#3660,#3781,.T.);
#3781 = SURFACE_CURVE('',#3782,(#3786,#3793),.PCURVE_S1.);
#3782 = LINE('',#3783,#3784);
#3783 = CARTESIAN_POINT('',(-101.,31.,4.));
#3784 = VECTOR('',#3785,1.);
#3785 = DIRECTION('',(-1.,0.,0.));
#3786 = PCURVE('',#446,#3787);
#3787 = DEFINITIONAL_REPRESENTATION('',(#3788),#3792);
#3788 = LINE('',#3789,#3790);
#3789 = CARTESIAN_POINT('',(0.,-4.));
#3790 = VECTOR('',#3791,1.);
#3791 = DIRECTION('',(1.,0.));
#3792 = ( GEOMETRIC_REPRESENTATION_CONTEXT(2) 
PARAMETRIC_REPRESENTATION_CONTEXT() REPRESENTATION_CONTEXT('2D SPACE',''
  ) );
#3793 = PCURVE('',#3491,#3794);
#3794 = DEFINITIONAL_REPRESENTATION('',(#3795),#3799);
#3795 = LINE('',#3796,#3797);
#3796 = CARTESIAN_POINT('',(7.,8.));
#3797 = VECTOR('',#3798,1.);
#3798 = DIRECTION('',(-1.,0.));
#3799 = ( GEOMETRIC_REPRESENTATION_CONTEXT(2) 
PARAMETRIC_REPRESENTATION_CONTEXT() REPRESENTATION_CONTEXT('2D SPACE',''
  ) );
#3800 = ORIENTED_EDGE('',*,*,#3683,.F.);
#3801 = ADVANCED_FACE('',(#3802),#248,.T.);
#3802 = FACE_BOUND('',#3803,.T.);
#3803 = EDGE_LOOP('',(#3804,#3805,#3828,#3850));
#3804 = ORIENTED_EDGE('',*,*,#231,.T.);
#3805 = ORIENTED_EDGE('',*,*,#3806,.T.);
#3806 = EDGE_CURVE('',#232,#3807,#3809,.T.);
#3807 = VERTEX_POINT('',#3808);
#3808 = CARTESIAN_POINT('',(-63.,31.,4.));
#3809 = SURFACE_CURVE('',#3810,(#3814,#3821),.PCURVE_S1.);
#3810 = LINE('',#3811,#3812);
#3811 = CARTESIAN_POINT('',(-63.,31.,0.));
#3812 = VECTOR('',#3813,1.);
#3813 = DIRECTION('',(0.,0.,1.));
#3814 = PCURVE('',#248,#3815);
#3815 = DEFINITIONAL_REPRESENTATION('',(#3816),#3820);
#3816 = LINE('',#3817,#3818);
#3817 = CARTESIAN_POINT('',(1.570796326795,0.));
#3818 = VECTOR('',#3819,1.);
#3819 = DIRECTION('',(0.,1.));
#3820 = ( GEOMETRIC_REPRESENTATION_CONTEXT(2) 
PARAMETRIC_REPRESENTATION_CONTEXT() REPRESENTATION_CONTEXT('2D SPACE',''
  ) );
#3821 = PCURVE('',#276,#3822);
#3822 = DEFINITIONAL_REPRESENTATION('',(#3823),#3827);
#3823 = LINE('',#3824,#3825);
#3824 = CARTESIAN_POINT('',(2.,0.));
#3825 = VECTOR('',#3826,1.);
#3826 = DIRECTION('',(0.,-1.));
#3827 = ( GEOMETRIC_REPRESENTATION_CONTEXT(2) 
PARAMETRIC_REPRESENTATION_CONTEXT() REPRESENTATION_CONTEXT('2D SPACE',''
  ) );
#3828 = ORIENTED_EDGE('',*,*,#3829,.F.);
#3829 = EDGE_CURVE('',#3710,#3807,#3830,.T.);
#3830 = SURFACE_CURVE('',#3831,(#3836,#3843),.PCURVE_S1.);
#3831 = CIRCLE('',#3832,2.);
#3832 = AXIS2_PLACEMENT_3D('',#3833,#3834,#3835);
#3833 = CARTESIAN_POINT('',(-63.,29.,4.));
#3834 = DIRECTION('',(0.,0.,1.));
#3835 = DIRECTION('',(0.,-1.,0.));
#3836 = PCURVE('',#248,#3837);
#3837 = DEFINITIONAL_REPRESENTATION('',(#3838),#3842);
#3838 = LINE('',#3839,#3840);
#3839 = CARTESIAN_POINT('',(-1.570796326795,4.));
#3840 = VECTOR('',#3841,1.);
#3841 = DIRECTION('',(1.,0.));
#3842 = ( GEOMETRIC_REPRESENTATION_CONTEXT(2) 
PARAMETRIC_REPRESENTATION_CONTEXT() REPRESENTATION_CONTEXT('2D SPACE',''
  ) );
#3843 = PCURVE('',#3601,#3844);
#3844 = DEFINITIONAL_REPRESENTATION('',(#3845),#3849);
#3845 = CIRCLE('',#3846,2.);
#3846 = AXIS2_PLACEMENT_2D('',#3847,#3848);
#3847 = CARTESIAN_POINT('',(5.,6.));
#3848 = DIRECTION('',(0.,-1.));
#3849 = ( GEOMETRIC_REPRESENTATION_CONTEXT(2) 
PARAMETRIC_REPRESENTATION_CONTEXT() REPRESENTATION_CONTEXT('2D SPACE',''
  ) );
#3850 = ORIENTED_EDGE('',*,*,#3732,.F.);
#3851 = ADVANCED_FACE('',(#3852),#418,.T.);
#3852 = FACE_BOUND('',#3853,.T.);
#3853 = EDGE_LOOP('',(#3854,#3855,#3856,#3880));
#3854 = ORIENTED_EDGE('',*,*,#401,.T.);
#3855 = ORIENTED_EDGE('',*,*,#3757,.T.);
#3856 = ORIENTED_EDGE('',*,*,#3857,.F.);
#3857 = EDGE_CURVE('',#3858,#3758,#3860,.T.);
#3858 = VERTEX_POINT('',#3859);
#3859 = CARTESIAN_POINT('',(-101.,29.,4.));
#3860 = SURFACE_CURVE('',#3861,(#3866,#3873),.PCURVE_S1.);
#3861 = CIRCLE('',#3862,2.);
#3862 = AXIS2_PLACEMENT_3D('',#3863,#3864,#3865);
#3863 = CARTESIAN_POINT('',(-103.,29.,4.));
#3864 = DIRECTION('',(0.,0.,1.));
#3865 = DIRECTION('',(0.,-1.,0.));
#3866 = PCURVE('',#418,#3867);
#3867 = DEFINITIONAL_REPRESENTATION('',(#3868),#3872);
#3868 = LINE('',#3869,#3870);
#3869 = CARTESIAN_POINT('',(-1.570796326795,4.));
#3870 = VECTOR('',#3871,1.);
#3871 = DIRECTION('',(1.,0.));
#3872 = ( GEOMETRIC_REPRESENTATION_CONTEXT(2) 
PARAMETRIC_REPRESENTATION_CONTEXT() REPRESENTATION_CONTEXT('2D SPACE',''
  ) );
#3873 = PCURVE('',#3491,#3874);
#3874 = DEFINITIONAL_REPRESENTATION('',(#3875),#3879);
#3875 = CIRCLE('',#3876,2.);
#3876 = AXIS2_PLACEMENT_2D('',#3877,#3878);
#3877 = CARTESIAN_POINT('',(5.,6.));
#3878 = DIRECTION('',(0.,-1.));
#3879 = ( GEOMETRIC_REPRESENTATION_CONTEXT(2) 
PARAMETRIC_REPRESENTATION_CONTEXT() REPRESENTATION_CONTEXT('2D SPACE',''
  ) );
#3880 = ORIENTED_EDGE('',*,*,#3881,.F.);
#3881 = EDGE_CURVE('',#374,#3858,#3882,.T.);
#3882 = SURFACE_CURVE('',#3883,(#3887,#3894),.PCURVE_S1.);
#3883 = LINE('',#3884,#3885);
#3884 = CARTESIAN_POINT('',(-101.,29.,0.));
#3885 = VECTOR('',#3886,1.);
#3886 = DIRECTION('',(0.,0.,1.));
#3887 = PCURVE('',#418,#3888);
#3888 = DEFINITIONAL_REPRESENTATION('',(#3889),#3893);
#3889 = LINE('',#3890,#3891);
#3890 = CARTESIAN_POINT('',(0.,0.));
#3891 = VECTOR('',#3892,1.);
#3892 = DIRECTION('',(0.,1.));
#3893 = ( GEOMETRIC_REPRESENTATION_CONTEXT(2) 
PARAMETRIC_REPRESENTATION_CONTEXT() REPRESENTATION_CONTEXT('2D SPACE',''
  ) );
#3894 = PCURVE('',#389,#3895);
#3895 = DEFINITIONAL_REPRESENTATION('',(#3896),#3900);
#3896 = LINE('',#3897,#3898);
#3897 = CARTESIAN_POINT('',(14.,0.));
#3898 = VECTOR('',#3899,1.);
#3899 = DIRECTION('',(0.,-1.));
#3900 = ( GEOMETRIC_REPRESENTATION_CONTEXT(2) 
PARAMETRIC_REPRESENTATION_CONTEXT() REPRESENTATION_CONTEXT('2D SPACE',''
  ) );
#3901 = ADVANCED_FACE('',(#3902),#276,.F.);
#3902 = FACE_BOUND('',#3903,.F.);
#3903 = EDGE_LOOP('',(#3904,#3905,#3906,#3929));
#3904 = ORIENTED_EDGE('',*,*,#260,.F.);
#3905 = ORIENTED_EDGE('',*,*,#3806,.T.);
#3906 = ORIENTED_EDGE('',*,*,#3907,.T.);
#3907 = EDGE_CURVE('',#3807,#3908,#3910,.T.);
#3908 = VERTEX_POINT('',#3909);
#3909 = CARTESIAN_POINT('',(-73.,31.,4.));
#3910 = SURFACE_CURVE('',#3911,(#3915,#3922),.PCURVE_S1.);
#3911 = LINE('',#3912,#3913);
#3912 = CARTESIAN_POINT('',(-61.,31.,4.));
#3913 = VECTOR('',#3914,1.);
#3914 = DIRECTION('',(-1.,0.,0.));
#3915 = PCURVE('',#276,#3916);
#3916 = DEFINITIONAL_REPRESENTATION('',(#3917),#3921);
#3917 = LINE('',#3918,#3919);
#3918 = CARTESIAN_POINT('',(0.,-4.));
#3919 = VECTOR('',#3920,1.);
#3920 = DIRECTION('',(1.,0.));
#3921 = ( GEOMETRIC_REPRESENTATION_CONTEXT(2) 
PARAMETRIC_REPRESENTATION_CONTEXT() REPRESENTATION_CONTEXT('2D SPACE',''
  ) );
#3922 = PCURVE('',#3601,#3923);
#3923 = DEFINITIONAL_REPRESENTATION('',(#3924),#3928);
#3924 = LINE('',#3925,#3926);
#3925 = CARTESIAN_POINT('',(7.,8.));
#3926 = VECTOR('',#3927,1.);
#3927 = DIRECTION('',(-1.,0.));
#3928 = ( GEOMETRIC_REPRESENTATION_CONTEXT(2) 
PARAMETRIC_REPRESENTATION_CONTEXT() REPRESENTATION_CONTEXT('2D SPACE',''
  ) );
#3929 = ORIENTED_EDGE('',*,*,#3930,.F.);
#3930 = EDGE_CURVE('',#261,#3908,#3931,.T.);
#3931 = SURFACE_CURVE('',#3932,(#3936,#3943),.PCURVE_S1.);
#3932 = LINE('',#3933,#3934);
#3933 = CARTESIAN_POINT('',(-73.,31.,0.));
#3934 = VECTOR('',#3935,1.);
#3935 = DIRECTION('',(0.,0.,1.));
#3936 = PCURVE('',#276,#3937);
#3937 = DEFINITIONAL_REPRESENTATION('',(#3938),#3942);
#3938 = LINE('',#3939,#3940);
#3939 = CARTESIAN_POINT('',(12.,0.));
#3940 = VECTOR('',#3941,1.);
#3941 = DIRECTION('',(0.,-1.));
#3942 = ( GEOMETRIC_REPRESENTATION_CONTEXT(2) 
PARAMETRIC_REPRESENTATION_CONTEXT() REPRESENTATION_CONTEXT('2D SPACE',''
  ) );
#3943 = PCURVE('',#305,#3944);
#3944 = DEFINITIONAL_REPRESENTATION('',(#3945),#3949);
#3945 = LINE('',#3946,#3947);
#3946 = CARTESIAN_POINT('',(0.,0.));
#3947 = VECTOR('',#3948,1.);
#3948 = DIRECTION('',(0.,1.));
#3949 = ( GEOMETRIC_REPRESENTATION_CONTEXT(2) 
PARAMETRIC_REPRESENTATION_CONTEXT() REPRESENTATION_CONTEXT('2D SPACE',''
  ) );
#3950 = ADVANCED_FACE('',(#3951),#389,.F.);
#3951 = FACE_BOUND('',#3952,.F.);
#3952 = EDGE_LOOP('',(#3953,#3954,#3975,#3996));
#3953 = ORIENTED_EDGE('',*,*,#373,.F.);
#3954 = ORIENTED_EDGE('',*,*,#3955,.F.);
#3955 = EDGE_CURVE('',#3956,#346,#3958,.T.);
#3956 = VERTEX_POINT('',#3957);
#3957 = CARTESIAN_POINT('',(-101.,18.,4.));
#3958 = SURFACE_CURVE('',#3959,(#3963,#3969),.PCURVE_S1.);
#3959 = LINE('',#3960,#3961);
#3960 = CARTESIAN_POINT('',(-101.,18.,0.));
#3961 = VECTOR('',#3962,1.);
#3962 = DIRECTION('',(-0.,-0.,-1.));
#3963 = PCURVE('',#389,#3964);
#3964 = DEFINITIONAL_REPRESENTATION('',(#3965),#3968);
#3965 = B_SPLINE_CURVE_WITH_KNOTS('',1,(#3966,#3967),.UNSPECIFIED.,.F.,
  .F.,(2,2),(-4.,0.),.PIECEWISE_BEZIER_KNOTS.);
#3966 = CARTESIAN_POINT('',(3.,-4.));
#3967 = CARTESIAN_POINT('',(3.,0.));
#3968 = ( GEOMETRIC_REPRESENTATION_CONTEXT(2) 
PARAMETRIC_REPRESENTATION_CONTEXT() REPRESENTATION_CONTEXT('2D SPACE',''
  ) );
#3969 = PCURVE('',#361,#3970);
#3970 = DEFINITIONAL_REPRESENTATION('',(#3971),#3974);
#3971 = B_SPLINE_CURVE_WITH_KNOTS('',1,(#3972,#3973),.UNSPECIFIED.,.F.,
  .F.,(2,2),(-4.,0.),.PIECEWISE_BEZIER_KNOTS.);
#3972 = CARTESIAN_POINT('',(27.,-4.));
#3973 = CARTESIAN_POINT('',(27.,0.));
#3974 = ( GEOMETRIC_REPRESENTATION_CONTEXT(2) 
PARAMETRIC_REPRESENTATION_CONTEXT() REPRESENTATION_CONTEXT('2D SPACE',''
  ) );
#3975 = ORIENTED_EDGE('',*,*,#3976,.T.);
#3976 = EDGE_CURVE('',#3956,#3858,#3977,.T.);
#3977 = SURFACE_CURVE('',#3978,(#3982,#3989),.PCURVE_S1.);
#3978 = LINE('',#3979,#3980);
#3979 = CARTESIAN_POINT('',(-101.,15.,4.));
#3980 = VECTOR('',#3981,1.);
#3981 = DIRECTION('',(0.,1.,0.));
#3982 = PCURVE('',#389,#3983);
#3983 = DEFINITIONAL_REPRESENTATION('',(#3984),#3988);
#3984 = LINE('',#3985,#3986);
#3985 = CARTESIAN_POINT('',(0.,-4.));
#3986 = VECTOR('',#3987,1.);
#3987 = DIRECTION('',(1.,0.));
#3988 = ( GEOMETRIC_REPRESENTATION_CONTEXT(2) 
PARAMETRIC_REPRESENTATION_CONTEXT() REPRESENTATION_CONTEXT('2D SPACE',''
  ) );
#3989 = PCURVE('',#3491,#3990);
#3990 = DEFINITIONAL_REPRESENTATION('',(#3991),#3995);
#3991 = LINE('',#3992,#3993);
#3992 = CARTESIAN_POINT('',(7.,-8.));
#3993 = VECTOR('',#3994,1.);
#3994 = DIRECTION('',(0.,1.));
#3995 = ( GEOMETRIC_REPRESENTATION_CONTEXT(2) 
PARAMETRIC_REPRESENTATION_CONTEXT() REPRESENTATION_CONTEXT('2D SPACE',''
  ) );
#3996 = ORIENTED_EDGE('',*,*,#3881,.F.);
#3997 = ADVANCED_FACE('',(#3998),#305,.T.);
#3998 = FACE_BOUND('',#3999,.T.);
#3999 = EDGE_LOOP('',(#4000,#4001,#4024,#4046));
#4000 = ORIENTED_EDGE('',*,*,#288,.T.);
#4001 = ORIENTED_EDGE('',*,*,#4002,.T.);
#4002 = EDGE_CURVE('',#289,#4003,#4005,.T.);
#4003 = VERTEX_POINT('',#4004);
#4004 = CARTESIAN_POINT('',(-75.,29.,4.));
#4005 = SURFACE_CURVE('',#4006,(#4010,#4017),.PCURVE_S1.);
#4006 = LINE('',#4007,#4008);
#4007 = CARTESIAN_POINT('',(-75.,29.,0.));
#4008 = VECTOR('',#4009,1.);
#4009 = DIRECTION('',(0.,0.,1.));
#4010 = PCURVE('',#305,#4011);
#4011 = DEFINITIONAL_REPRESENTATION('',(#4012),#4016);
#4012 = LINE('',#4013,#4014);
#4013 = CARTESIAN_POINT('',(1.570796326795,0.));
#4014 = VECTOR('',#4015,1.);
#4015 = DIRECTION('',(0.,1.));
#4016 = ( GEOMETRIC_REPRESENTATION_CONTEXT(2) 
PARAMETRIC_REPRESENTATION_CONTEXT() REPRESENTATION_CONTEXT('2D SPACE',''
  ) );
#4017 = PCURVE('',#333,#4018);
#4018 = DEFINITIONAL_REPRESENTATION('',(#4019),#4023);
#4019 = LINE('',#4020,#4021);
#4020 = CARTESIAN_POINT('',(2.,0.));
#4021 = VECTOR('',#4022,1.);
#4022 = DIRECTION('',(0.,-1.));
#4023 = ( GEOMETRIC_REPRESENTATION_CONTEXT(2) 
PARAMETRIC_REPRESENTATION_CONTEXT() REPRESENTATION_CONTEXT('2D SPACE',''
  ) );
#4024 = ORIENTED_EDGE('',*,*,#4025,.F.);
#4025 = EDGE_CURVE('',#3908,#4003,#4026,.T.);
#4026 = SURFACE_CURVE('',#4027,(#4032,#4039),.PCURVE_S1.);
#4027 = CIRCLE('',#4028,2.);
#4028 = AXIS2_PLACEMENT_3D('',#4029,#4030,#4031);
#4029 = CARTESIAN_POINT('',(-73.,29.,4.));
#4030 = DIRECTION('',(0.,0.,1.));
#4031 = DIRECTION('',(0.,-1.,0.));
#4032 = PCURVE('',#305,#4033);
#4033 = DEFINITIONAL_REPRESENTATION('',(#4034),#4038);
#4034 = LINE('',#4035,#4036);
#4035 = CARTESIAN_POINT('',(-3.14159265359,4.));
#4036 = VECTOR('',#4037,1.);
#4037 = DIRECTION('',(1.,0.));
#4038 = ( GEOMETRIC_REPRESENTATION_CONTEXT(2) 
PARAMETRIC_REPRESENTATION_CONTEXT() REPRESENTATION_CONTEXT('2D SPACE',''
  ) );
#4039 = PCURVE('',#3601,#4040);
#4040 = DEFINITIONAL_REPRESENTATION('',(#4041),#4045);
#4041 = CIRCLE('',#4042,2.);
#4042 = AXIS2_PLACEMENT_2D('',#4043,#4044);
#4043 = CARTESIAN_POINT('',(-5.,6.));
#4044 = DIRECTION('',(0.,-1.));
#4045 = ( GEOMETRIC_REPRESENTATION_CONTEXT(2) 
PARAMETRIC_REPRESENTATION_CONTEXT() REPRESENTATION_CONTEXT('2D SPACE',''
  ) );
#4046 = ORIENTED_EDGE('',*,*,#3930,.F.);
#4047 = ADVANCED_FACE('',(#4048),#361,.F.);
#4048 = FACE_BOUND('',#4049,.F.);
#4049 = EDGE_LOOP('',(#4050,#4051,#4072,#4093,#4121,#4144,#4167,#4186));
#4050 = ORIENTED_EDGE('',*,*,#345,.F.);
#4051 = ORIENTED_EDGE('',*,*,#4052,.T.);
#4052 = EDGE_CURVE('',#318,#4053,#4055,.T.);
#4053 = VERTEX_POINT('',#4054);
#4054 = CARTESIAN_POINT('',(-75.,18.,4.));
#4055 = SURFACE_CURVE('',#4056,(#4060,#4066),.PCURVE_S1.);
#4056 = LINE('',#4057,#4058);
#4057 = CARTESIAN_POINT('',(-75.,18.,0.));
#4058 = VECTOR('',#4059,1.);
#4059 = DIRECTION('',(0.,0.,1.));
#4060 = PCURVE('',#361,#4061);
#4061 = DEFINITIONAL_REPRESENTATION('',(#4062),#4065);
#4062 = B_SPLINE_CURVE_WITH_KNOTS('',1,(#4063,#4064),.UNSPECIFIED.,.F.,
  .F.,(2,2),(0.,4.),.PIECEWISE_BEZIER_KNOTS.);
#4063 = CARTESIAN_POINT('',(1.,0.));
#4064 = CARTESIAN_POINT('',(1.,-4.));
#4065 = ( GEOMETRIC_REPRESENTATION_CONTEXT(2) 
PARAMETRIC_REPRESENTATION_CONTEXT() REPRESENTATION_CONTEXT('2D SPACE',''
  ) );
#4066 = PCURVE('',#333,#4067);
#4067 = DEFINITIONAL_REPRESENTATION('',(#4068),#4071);
#4068 = B_SPLINE_CURVE_WITH_KNOTS('',1,(#4069,#4070),.UNSPECIFIED.,.F.,
  .F.,(2,2),(0.,4.),.PIECEWISE_BEZIER_KNOTS.);
#4069 = CARTESIAN_POINT('',(13.,0.));
#4070 = CARTESIAN_POINT('',(13.,-4.));
#4071 = ( GEOMETRIC_REPRESENTATION_CONTEXT(2) 
PARAMETRIC_REPRESENTATION_CONTEXT() REPRESENTATION_CONTEXT('2D SPACE',''
  ) );
#4072 = ORIENTED_EDGE('',*,*,#4073,.F.);
#4073 = EDGE_CURVE('',#4074,#4053,#4076,.T.);
#4074 = VERTEX_POINT('',#4075);
#4075 = CARTESIAN_POINT('',(-74.,18.,4.));
#4076 = SURFACE_CURVE('',#4077,(#4081,#4087),.PCURVE_S1.);
#4077 = LINE('',#4078,#4079);
#4078 = CARTESIAN_POINT('',(-71.,18.,4.));
#4079 = VECTOR('',#4080,1.);
#4080 = DIRECTION('',(-1.,0.,0.));
#4081 = PCURVE('',#361,#4082);
#4082 = DEFINITIONAL_REPRESENTATION('',(#4083),#4086);
#4083 = B_SPLINE_CURVE_WITH_KNOTS('',1,(#4084,#4085),.UNSPECIFIED.,.F.,
  .F.,(2,2),(3.,4.),.PIECEWISE_BEZIER_KNOTS.);
#4084 = CARTESIAN_POINT('',(0.,-4.));
#4085 = CARTESIAN_POINT('',(1.,-4.));
#4086 = ( GEOMETRIC_REPRESENTATION_CONTEXT(2) 
PARAMETRIC_REPRESENTATION_CONTEXT() REPRESENTATION_CONTEXT('2D SPACE',''
  ) );
#4087 = PCURVE('',#3601,#4088);
#4088 = DEFINITIONAL_REPRESENTATION('',(#4089),#4092);
#4089 = B_SPLINE_CURVE_WITH_KNOTS('',1,(#4090,#4091),.UNSPECIFIED.,.F.,
  .F.,(2,2),(3.,4.),.PIECEWISE_BEZIER_KNOTS.);
#4090 = CARTESIAN_POINT('',(-6.,-5.));
#4091 = CARTESIAN_POINT('',(-7.,-5.));
#4092 = ( GEOMETRIC_REPRESENTATION_CONTEXT(2) 
PARAMETRIC_REPRESENTATION_CONTEXT() REPRESENTATION_CONTEXT('2D SPACE',''
  ) );
#4093 = ORIENTED_EDGE('',*,*,#4094,.T.);
#4094 = EDGE_CURVE('',#4074,#4095,#4097,.T.);
#4095 = VERTEX_POINT('',#4096);
#4096 = CARTESIAN_POINT('',(-74.,18.,7.6));
#4097 = SURFACE_CURVE('',#4098,(#4102,#4109),.PCURVE_S1.);
#4098 = LINE('',#4099,#4100);
#4099 = CARTESIAN_POINT('',(-74.,18.,0.));
#4100 = VECTOR('',#4101,1.);
#4101 = DIRECTION('',(0.,0.,1.));
#4102 = PCURVE('',#361,#4103);
#4103 = DEFINITIONAL_REPRESENTATION('',(#4104),#4108);
#4104 = LINE('',#4105,#4106);
#4105 = CARTESIAN_POINT('',(0.,-0.));
#4106 = VECTOR('',#4107,1.);
#4107 = DIRECTION('',(0.,-1.));
#4108 = ( GEOMETRIC_REPRESENTATION_CONTEXT(2) 
PARAMETRIC_REPRESENTATION_CONTEXT() REPRESENTATION_CONTEXT('2D SPACE',''
  ) );
#4109 = PCURVE('',#4110,#4115);
#4110 = PLANE('',#4111);
#4111 = AXIS2_PLACEMENT_3D('',#4112,#4113,#4114);
#4112 = CARTESIAN_POINT('',(-74.,6.,0.));
#4113 = DIRECTION('',(-1.,0.,0.));
#4114 = DIRECTION('',(0.,1.,0.));
#4115 = DEFINITIONAL_REPRESENTATION('',(#4116),#4120);
#4116 = LINE('',#4117,#4118);
#4117 = CARTESIAN_POINT('',(12.,0.));
#4118 = VECTOR('',#4119,1.);
#4119 = DIRECTION('',(0.,-1.));
#4120 = ( GEOMETRIC_REPRESENTATION_CONTEXT(2) 
PARAMETRIC_REPRESENTATION_CONTEXT() REPRESENTATION_CONTEXT('2D SPACE',''
  ) );
#4121 = ORIENTED_EDGE('',*,*,#4122,.T.);
#4122 = EDGE_CURVE('',#4095,#4123,#4125,.T.);
#4123 = VERTEX_POINT('',#4124);
#4124 = CARTESIAN_POINT('',(-113.,18.,7.6));
#4125 = SURFACE_CURVE('',#4126,(#4130,#4137),.PCURVE_S1.);
#4126 = LINE('',#4127,#4128);
#4127 = CARTESIAN_POINT('',(-74.,18.,7.6));
#4128 = VECTOR('',#4129,1.);
#4129 = DIRECTION('',(-1.,0.,0.));
#4130 = PCURVE('',#361,#4131);
#4131 = DEFINITIONAL_REPRESENTATION('',(#4132),#4136);
#4132 = LINE('',#4133,#4134);
#4133 = CARTESIAN_POINT('',(0.,-7.6));
#4134 = VECTOR('',#4135,1.);
#4135 = DIRECTION('',(1.,0.));
#4136 = ( GEOMETRIC_REPRESENTATION_CONTEXT(2) 
PARAMETRIC_REPRESENTATION_CONTEXT() REPRESENTATION_CONTEXT('2D SPACE',''
  ) );
#4137 = PCURVE('',#2890,#4138);
#4138 = DEFINITIONAL_REPRESENTATION('',(#4139),#4143);
#4139 = LINE('',#4140,#4141);
#4140 = CARTESIAN_POINT('',(0.,-1.));
#4141 = VECTOR('',#4142,1.);
#4142 = DIRECTION('',(0.,1.));
#4143 = ( GEOMETRIC_REPRESENTATION_CONTEXT(2) 
PARAMETRIC_REPRESENTATION_CONTEXT() REPRESENTATION_CONTEXT('2D SPACE',''
  ) );
#4144 = ORIENTED_EDGE('',*,*,#4145,.F.);
#4145 = EDGE_CURVE('',#4146,#4123,#4148,.T.);
#4146 = VERTEX_POINT('',#4147);
#4147 = CARTESIAN_POINT('',(-113.,18.,4.));
#4148 = SURFACE_CURVE('',#4149,(#4153,#4160),.PCURVE_S1.);
#4149 = LINE('',#4150,#4151);
#4150 = CARTESIAN_POINT('',(-113.,18.,0.));
#4151 = VECTOR('',#4152,1.);
#4152 = DIRECTION('',(0.,0.,1.));
#4153 = PCURVE('',#361,#4154);
#4154 = DEFINITIONAL_REPRESENTATION('',(#4155),#4159);
#4155 = LINE('',#4156,#4157);
#4156 = CARTESIAN_POINT('',(39.,0.));
#4157 = VECTOR('',#4158,1.);
#4158 = DIRECTION('',(0.,-1.));
#4159 = ( GEOMETRIC_REPRESENTATION_CONTEXT(2) 
PARAMETRIC_REPRESENTATION_CONTEXT() REPRESENTATION_CONTEXT('2D SPACE',''
  ) );
#4160 = PCURVE('',#3519,#4161);
#4161 = DEFINITIONAL_REPRESENTATION('',(#4162),#4166);
#4162 = LINE('',#4163,#4164);
#4163 = CARTESIAN_POINT('',(0.,0.));
#4164 = VECTOR('',#4165,1.);
#4165 = DIRECTION('',(0.,1.));
#4166 = ( GEOMETRIC_REPRESENTATION_CONTEXT(2) 
PARAMETRIC_REPRESENTATION_CONTEXT() REPRESENTATION_CONTEXT('2D SPACE',''
  ) );
#4167 = ORIENTED_EDGE('',*,*,#4168,.F.);
#4168 = EDGE_CURVE('',#3956,#4146,#4169,.T.);
#4169 = SURFACE_CURVE('',#4170,(#4174,#4180),.PCURVE_S1.);
#4170 = LINE('',#4171,#4172);
#4171 = CARTESIAN_POINT('',(-91.,18.,4.));
#4172 = VECTOR('',#4173,1.);
#4173 = DIRECTION('',(-1.,0.,0.));
#4174 = PCURVE('',#361,#4175);
#4175 = DEFINITIONAL_REPRESENTATION('',(#4176),#4179);
#4176 = B_SPLINE_CURVE_WITH_KNOTS('',1,(#4177,#4178),.UNSPECIFIED.,.F.,
  .F.,(2,2),(10.,22.),.PIECEWISE_BEZIER_KNOTS.);
#4177 = CARTESIAN_POINT('',(27.,-4.));
#4178 = CARTESIAN_POINT('',(39.,-4.));
#4179 = ( GEOMETRIC_REPRESENTATION_CONTEXT(2) 
PARAMETRIC_REPRESENTATION_CONTEXT() REPRESENTATION_CONTEXT('2D SPACE',''
  ) );
#4180 = PCURVE('',#3491,#4181);
#4181 = DEFINITIONAL_REPRESENTATION('',(#4182),#4185);
#4182 = B_SPLINE_CURVE_WITH_KNOTS('',1,(#4183,#4184),.UNSPECIFIED.,.F.,
  .F.,(2,2),(10.,22.),.PIECEWISE_BEZIER_KNOTS.);
#4183 = CARTESIAN_POINT('',(7.,-5.));
#4184 = CARTESIAN_POINT('',(-5.,-5.));
#4185 = ( GEOMETRIC_REPRESENTATION_CONTEXT(2) 
PARAMETRIC_REPRESENTATION_CONTEXT() REPRESENTATION_CONTEXT('2D SPACE',''
  ) );
#4186 = ORIENTED_EDGE('',*,*,#3955,.T.);
#4187 = ADVANCED_FACE('',(#4188),#333,.F.);
#4188 = FACE_BOUND('',#4189,.F.);
#4189 = EDGE_LOOP('',(#4190,#4191,#4192,#4213));
#4190 = ORIENTED_EDGE('',*,*,#317,.F.);
#4191 = ORIENTED_EDGE('',*,*,#4002,.T.);
#4192 = ORIENTED_EDGE('',*,*,#4193,.T.);
#4193 = EDGE_CURVE('',#4003,#4053,#4194,.T.);
#4194 = SURFACE_CURVE('',#4195,(#4199,#4206),.PCURVE_S1.);
#4195 = LINE('',#4196,#4197);
#4196 = CARTESIAN_POINT('',(-75.,31.,4.));
#4197 = VECTOR('',#4198,1.);
#4198 = DIRECTION('',(0.,-1.,0.));
#4199 = PCURVE('',#333,#4200);
#4200 = DEFINITIONAL_REPRESENTATION('',(#4201),#4205);
#4201 = LINE('',#4202,#4203);
#4202 = CARTESIAN_POINT('',(0.,-4.));
#4203 = VECTOR('',#4204,1.);
#4204 = DIRECTION('',(1.,0.));
#4205 = ( GEOMETRIC_REPRESENTATION_CONTEXT(2) 
PARAMETRIC_REPRESENTATION_CONTEXT() REPRESENTATION_CONTEXT('2D SPACE',''
  ) );
#4206 = PCURVE('',#3601,#4207);
#4207 = DEFINITIONAL_REPRESENTATION('',(#4208),#4212);
#4208 = LINE('',#4209,#4210);
#4209 = CARTESIAN_POINT('',(-7.,8.));
#4210 = VECTOR('',#4211,1.);
#4211 = DIRECTION('',(0.,-1.));
#4212 = ( GEOMETRIC_REPRESENTATION_CONTEXT(2) 
PARAMETRIC_REPRESENTATION_CONTEXT() REPRESENTATION_CONTEXT('2D SPACE',''
  ) );
#4213 = ORIENTED_EDGE('',*,*,#4052,.F.);
#4214 = ADVANCED_FACE('',(#4215),#622,.T.);
#4215 = FACE_BOUND('',#4216,.T.);
#4216 = EDGE_LOOP('',(#4217,#4218,#4241,#4269));
#4217 = ORIENTED_EDGE('',*,*,#604,.T.);
#4218 = ORIENTED_EDGE('',*,*,#4219,.T.);
#4219 = EDGE_CURVE('',#607,#4220,#4222,.T.);
#4220 = VERTEX_POINT('',#4221);
#4221 = CARTESIAN_POINT('',(-72.,15.,4.6));
#4222 = SURFACE_CURVE('',#4223,(#4227,#4234),.PCURVE_S1.);
#4223 = LINE('',#4224,#4225);
#4224 = CARTESIAN_POINT('',(-72.,15.,0.));
#4225 = VECTOR('',#4226,1.);
#4226 = DIRECTION('',(0.,0.,1.));
#4227 = PCURVE('',#622,#4228);
#4228 = DEFINITIONAL_REPRESENTATION('',(#4229),#4233);
#4229 = LINE('',#4230,#4231);
#4230 = CARTESIAN_POINT('',(0.,-1.));
#4231 = VECTOR('',#4232,1.);
#4232 = DIRECTION('',(0.,-1.));
#4233 = ( GEOMETRIC_REPRESENTATION_CONTEXT(2) 
PARAMETRIC_REPRESENTATION_CONTEXT() REPRESENTATION_CONTEXT('2D SPACE',''
  ) );
#4234 = PCURVE('',#649,#4235);
#4235 = DEFINITIONAL_REPRESENTATION('',(#4236),#4240);
#4236 = LINE('',#4237,#4238);
#4237 = CARTESIAN_POINT('',(144.,-1.));
#4238 = VECTOR('',#4239,1.);
#4239 = DIRECTION('',(0.,-1.));
#4240 = ( GEOMETRIC_REPRESENTATION_CONTEXT(2) 
PARAMETRIC_REPRESENTATION_CONTEXT() REPRESENTATION_CONTEXT('2D SPACE',''
  ) );
#4241 = ORIENTED_EDGE('',*,*,#4242,.T.);
#4242 = EDGE_CURVE('',#4220,#4243,#4245,.T.);
#4243 = VERTEX_POINT('',#4244);
#4244 = CARTESIAN_POINT('',(-72.,-15.,4.6));
#4245 = SURFACE_CURVE('',#4246,(#4250,#4257),.PCURVE_S1.);
#4246 = LINE('',#4247,#4248);
#4247 = CARTESIAN_POINT('',(-72.,15.,4.6));
#4248 = VECTOR('',#4249,1.);
#4249 = DIRECTION('',(0.,-1.,0.));
#4250 = PCURVE('',#622,#4251);
#4251 = DEFINITIONAL_REPRESENTATION('',(#4252),#4256);
#4252 = LINE('',#4253,#4254);
#4253 = CARTESIAN_POINT('',(0.,-5.6));
#4254 = VECTOR('',#4255,1.);
#4255 = DIRECTION('',(1.,0.));
#4256 = ( GEOMETRIC_REPRESENTATION_CONTEXT(2) 
PARAMETRIC_REPRESENTATION_CONTEXT() REPRESENTATION_CONTEXT('2D SPACE',''
  ) );
#4257 = PCURVE('',#4258,#4263);
#4258 = PLANE('',#4259);
#4259 = AXIS2_PLACEMENT_3D('',#4260,#4261,#4262);
#4260 = CARTESIAN_POINT('',(0.,0.,4.6));
#4261 = DIRECTION('',(0.,0.,1.));
#4262 = DIRECTION('',(1.,0.,-0.));
#4263 = DEFINITIONAL_REPRESENTATION('',(#4264),#4268);
#4264 = LINE('',#4265,#4266);
#4265 = CARTESIAN_POINT('',(-72.,15.));
#4266 = VECTOR('',#4267,1.);
#4267 = DIRECTION('',(0.,-1.));
#4268 = ( GEOMETRIC_REPRESENTATION_CONTEXT(2) 
PARAMETRIC_REPRESENTATION_CONTEXT() REPRESENTATION_CONTEXT('2D SPACE',''
  ) );
#4269 = ORIENTED_EDGE('',*,*,#4270,.F.);
#4270 = EDGE_CURVE('',#605,#4243,#4271,.T.);
#4271 = SURFACE_CURVE('',#4272,(#4276,#4283),.PCURVE_S1.);
#4272 = LINE('',#4273,#4274);
#4273 = CARTESIAN_POINT('',(-72.,-15.,-1.));
#4274 = VECTOR('',#4275,1.);
#4275 = DIRECTION('',(0.,0.,1.));
#4276 = PCURVE('',#622,#4277);
#4277 = DEFINITIONAL_REPRESENTATION('',(#4278),#4282);
#4278 = LINE('',#4279,#4280);
#4279 = CARTESIAN_POINT('',(30.,0.));
#4280 = VECTOR('',#4281,1.);
#4281 = DIRECTION('',(0.,-1.));
#4282 = ( GEOMETRIC_REPRESENTATION_CONTEXT(2) 
PARAMETRIC_REPRESENTATION_CONTEXT() REPRESENTATION_CONTEXT('2D SPACE',''
  ) );
#4283 = PCURVE('',#701,#4284);
#4284 = DEFINITIONAL_REPRESENTATION('',(#4285),#4289);
#4285 = LINE('',#4286,#4287);
#4286 = CARTESIAN_POINT('',(0.,0.));
#4287 = VECTOR('',#4288,1.);
#4288 = DIRECTION('',(0.,-1.));
#4289 = ( GEOMETRIC_REPRESENTATION_CONTEXT(2) 
PARAMETRIC_REPRESENTATION_CONTEXT() REPRESENTATION_CONTEXT('2D SPACE',''
  ) );
#4290 = ADVANCED_FACE('',(#4291),#701,.T.);
#4291 = FACE_BOUND('',#4292,.T.);
#4292 = EDGE_LOOP('',(#4293,#4294,#4295,#4318));
#4293 = ORIENTED_EDGE('',*,*,#687,.T.);
#4294 = ORIENTED_EDGE('',*,*,#4270,.T.);
#4295 = ORIENTED_EDGE('',*,*,#4296,.T.);
#4296 = EDGE_CURVE('',#4243,#4297,#4299,.T.);
#4297 = VERTEX_POINT('',#4298);
#4298 = CARTESIAN_POINT('',(-71.,-15.,4.6));
#4299 = SURFACE_CURVE('',#4300,(#4304,#4311),.PCURVE_S1.);
#4300 = LINE('',#4301,#4302);
#4301 = CARTESIAN_POINT('',(-72.,-15.,4.6));
#4302 = VECTOR('',#4303,1.);
#4303 = DIRECTION('',(1.,0.,0.));
#4304 = PCURVE('',#701,#4305);
#4305 = DEFINITIONAL_REPRESENTATION('',(#4306),#4310);
#4306 = LINE('',#4307,#4308);
#4307 = CARTESIAN_POINT('',(0.,-5.6));
#4308 = VECTOR('',#4309,1.);
#4309 = DIRECTION('',(1.,0.));
#4310 = ( GEOMETRIC_REPRESENTATION_CONTEXT(2) 
PARAMETRIC_REPRESENTATION_CONTEXT() REPRESENTATION_CONTEXT('2D SPACE',''
  ) );
#4311 = PCURVE('',#4258,#4312);
#4312 = DEFINITIONAL_REPRESENTATION('',(#4313),#4317);
#4313 = LINE('',#4314,#4315);
#4314 = CARTESIAN_POINT('',(-72.,-15.));
#4315 = VECTOR('',#4316,1.);
#4316 = DIRECTION('',(1.,0.));
#4317 = ( GEOMETRIC_REPRESENTATION_CONTEXT(2) 
PARAMETRIC_REPRESENTATION_CONTEXT() REPRESENTATION_CONTEXT('2D SPACE',''
  ) );
#4318 = ORIENTED_EDGE('',*,*,#4319,.T.);
#4319 = EDGE_CURVE('',#4297,#661,#4320,.T.);
#4320 = SURFACE_CURVE('',#4321,(#4325,#4331),.PCURVE_S1.);
#4321 = LINE('',#4322,#4323);
#4322 = CARTESIAN_POINT('',(-71.,-15.,-1.5));
#4323 = VECTOR('',#4324,1.);
#4324 = DIRECTION('',(-0.,0.,-1.));
#4325 = PCURVE('',#701,#4326);
#4326 = DEFINITIONAL_REPRESENTATION('',(#4327),#4330);
#4327 = B_SPLINE_CURVE_WITH_KNOTS('',1,(#4328,#4329),.UNSPECIFIED.,.F.,
  .F.,(2,2),(-6.1,-0.5),.PIECEWISE_BEZIER_KNOTS.);
#4328 = CARTESIAN_POINT('',(1.,-5.6));
#4329 = CARTESIAN_POINT('',(1.,0.));
#4330 = ( GEOMETRIC_REPRESENTATION_CONTEXT(2) 
PARAMETRIC_REPRESENTATION_CONTEXT() REPRESENTATION_CONTEXT('2D SPACE',''
  ) );
#4331 = PCURVE('',#676,#4332);
#4332 = DEFINITIONAL_REPRESENTATION('',(#4333),#4336);
#4333 = B_SPLINE_CURVE_WITH_KNOTS('',1,(#4334,#4335),.UNSPECIFIED.,.F.,
  .F.,(2,2),(-6.1,-0.5),.PIECEWISE_BEZIER_KNOTS.);
#4334 = CARTESIAN_POINT('',(51.,-6.6));
#4335 = CARTESIAN_POINT('',(51.,-1.));
#4336 = ( GEOMETRIC_REPRESENTATION_CONTEXT(2) 
PARAMETRIC_REPRESENTATION_CONTEXT() REPRESENTATION_CONTEXT('2D SPACE',''
  ) );
#4337 = ADVANCED_FACE('',(#4338),#649,.T.);
#4338 = FACE_BOUND('',#4339,.T.);
#4339 = EDGE_LOOP('',(#4340,#4341,#4342,#4365));
#4340 = ORIENTED_EDGE('',*,*,#4219,.F.);
#4341 = ORIENTED_EDGE('',*,*,#633,.T.);
#4342 = ORIENTED_EDGE('',*,*,#4343,.F.);
#4343 = EDGE_CURVE('',#4344,#634,#4346,.T.);
#4344 = VERTEX_POINT('',#4345);
#4345 = CARTESIAN_POINT('',(-71.,15.,4.6));
#4346 = SURFACE_CURVE('',#4347,(#4351,#4358),.PCURVE_S1.);
#4347 = LINE('',#4348,#4349);
#4348 = CARTESIAN_POINT('',(-71.,15.,4.6));
#4349 = VECTOR('',#4350,1.);
#4350 = DIRECTION('',(0.,0.,-1.));
#4351 = PCURVE('',#649,#4352);
#4352 = DEFINITIONAL_REPRESENTATION('',(#4353),#4357);
#4353 = LINE('',#4354,#4355);
#4354 = CARTESIAN_POINT('',(143.,-5.6));
#4355 = VECTOR('',#4356,1.);
#4356 = DIRECTION('',(0.,1.));
#4357 = ( GEOMETRIC_REPRESENTATION_CONTEXT(2) 
PARAMETRIC_REPRESENTATION_CONTEXT() REPRESENTATION_CONTEXT('2D SPACE',''
  ) );
#4358 = PCURVE('',#676,#4359);
#4359 = DEFINITIONAL_REPRESENTATION('',(#4360),#4364);
#4360 = LINE('',#4361,#4362);
#4361 = CARTESIAN_POINT('',(21.,-6.6));
#4362 = VECTOR('',#4363,1.);
#4363 = DIRECTION('',(0.,1.));
#4364 = ( GEOMETRIC_REPRESENTATION_CONTEXT(2) 
PARAMETRIC_REPRESENTATION_CONTEXT() REPRESENTATION_CONTEXT('2D SPACE',''
  ) );
#4365 = ORIENTED_EDGE('',*,*,#4366,.T.);
#4366 = EDGE_CURVE('',#4344,#4220,#4367,.T.);
#4367 = SURFACE_CURVE('',#4368,(#4372,#4379),.PCURVE_S1.);
#4368 = LINE('',#4369,#4370);
#4369 = CARTESIAN_POINT('',(72.,15.,4.6));
#4370 = VECTOR('',#4371,1.);
#4371 = DIRECTION('',(-1.,0.,0.));
#4372 = PCURVE('',#649,#4373);
#4373 = DEFINITIONAL_REPRESENTATION('',(#4374),#4378);
#4374 = LINE('',#4375,#4376);
#4375 = CARTESIAN_POINT('',(0.,-5.6));
#4376 = VECTOR('',#4377,1.);
#4377 = DIRECTION('',(1.,0.));
#4378 = ( GEOMETRIC_REPRESENTATION_CONTEXT(2) 
PARAMETRIC_REPRESENTATION_CONTEXT() REPRESENTATION_CONTEXT('2D SPACE',''
  ) );
#4379 = PCURVE('',#4258,#4380);
#4380 = DEFINITIONAL_REPRESENTATION('',(#4381),#4385);
#4381 = LINE('',#4382,#4383);
#4382 = CARTESIAN_POINT('',(72.,15.));
#4383 = VECTOR('',#4384,1.);
#4384 = DIRECTION('',(-1.,0.));
#4385 = ( GEOMETRIC_REPRESENTATION_CONTEXT(2) 
PARAMETRIC_REPRESENTATION_CONTEXT() REPRESENTATION_CONTEXT('2D SPACE',''
  ) );
#4386 = ADVANCED_FACE('',(#4387),#676,.F.);
#4387 = FACE_BOUND('',#4388,.F.);
#4388 = EDGE_LOOP('',(#4389,#4408,#4409,#4410));
#4389 = ORIENTED_EDGE('',*,*,#4390,.F.);
#4390 = EDGE_CURVE('',#4297,#4344,#4391,.T.);
#4391 = SURFACE_CURVE('',#4392,(#4396,#4402),.PCURVE_S1.);
#4392 = LINE('',#4393,#4394);
#4393 = CARTESIAN_POINT('',(-71.,18.,4.6));
#4394 = VECTOR('',#4395,1.);
#4395 = DIRECTION('',(-0.,1.,0.));
#4396 = PCURVE('',#676,#4397);
#4397 = DEFINITIONAL_REPRESENTATION('',(#4398),#4401);
#4398 = B_SPLINE_CURVE_WITH_KNOTS('',1,(#4399,#4400),.UNSPECIFIED.,.F.,
  .F.,(2,2),(-33.,-3.),.PIECEWISE_BEZIER_KNOTS.);
#4399 = CARTESIAN_POINT('',(51.,-6.6));
#4400 = CARTESIAN_POINT('',(21.,-6.6));
#4401 = ( GEOMETRIC_REPRESENTATION_CONTEXT(2) 
PARAMETRIC_REPRESENTATION_CONTEXT() REPRESENTATION_CONTEXT('2D SPACE',''
  ) );
#4402 = PCURVE('',#4258,#4403);
#4403 = DEFINITIONAL_REPRESENTATION('',(#4404),#4407);
#4404 = B_SPLINE_CURVE_WITH_KNOTS('',1,(#4405,#4406),.UNSPECIFIED.,.F.,
  .F.,(2,2),(-33.,-3.),.PIECEWISE_BEZIER_KNOTS.);
#4405 = CARTESIAN_POINT('',(-71.,-15.));
#4406 = CARTESIAN_POINT('',(-71.,15.));
#4407 = ( GEOMETRIC_REPRESENTATION_CONTEXT(2) 
PARAMETRIC_REPRESENTATION_CONTEXT() REPRESENTATION_CONTEXT('2D SPACE',''
  ) );
#4408 = ORIENTED_EDGE('',*,*,#4319,.T.);
#4409 = ORIENTED_EDGE('',*,*,#660,.T.);
#4410 = ORIENTED_EDGE('',*,*,#4343,.F.);
#4411 = ADVANCED_FACE('',(#4412),#732,.F.);
#4412 = FACE_BOUND('',#4413,.F.);
#4413 = EDGE_LOOP('',(#4414,#4437,#4438,#4459));
#4414 = ORIENTED_EDGE('',*,*,#4415,.F.);
#4415 = EDGE_CURVE('',#715,#4416,#4418,.T.);
#4416 = VERTEX_POINT('',#4417);
#4417 = CARTESIAN_POINT('',(-65.,15.,4.6));
#4418 = SURFACE_CURVE('',#4419,(#4423,#4430),.PCURVE_S1.);
#4419 = LINE('',#4420,#4421);
#4420 = CARTESIAN_POINT('',(-65.,15.,0.));
#4421 = VECTOR('',#4422,1.);
#4422 = DIRECTION('',(0.,0.,1.));
#4423 = PCURVE('',#732,#4424);
#4424 = DEFINITIONAL_REPRESENTATION('',(#4425),#4429);
#4425 = LINE('',#4426,#4427);
#4426 = CARTESIAN_POINT('',(51.,-2.));
#4427 = VECTOR('',#4428,1.);
#4428 = DIRECTION('',(0.,-1.));
#4429 = ( GEOMETRIC_REPRESENTATION_CONTEXT(2) 
PARAMETRIC_REPRESENTATION_CONTEXT() REPRESENTATION_CONTEXT('2D SPACE',''
  ) );
#4430 = PCURVE('',#759,#4431);
#4431 = DEFINITIONAL_REPRESENTATION('',(#4432),#4436);
#4432 = LINE('',#4433,#4434);
#4433 = CARTESIAN_POINT('',(137.,-1.));
#4434 = VECTOR('',#4435,1.);
#4435 = DIRECTION('',(0.,-1.));
#4436 = ( GEOMETRIC_REPRESENTATION_CONTEXT(2) 
PARAMETRIC_REPRESENTATION_CONTEXT() REPRESENTATION_CONTEXT('2D SPACE',''
  ) );
#4437 = ORIENTED_EDGE('',*,*,#714,.T.);
#4438 = ORIENTED_EDGE('',*,*,#4439,.T.);
#4439 = EDGE_CURVE('',#717,#4440,#4442,.T.);
#4440 = VERTEX_POINT('',#4441);
#4441 = CARTESIAN_POINT('',(-65.,-15.,4.6));
#4442 = SURFACE_CURVE('',#4443,(#4447,#4453),.PCURVE_S1.);
#4443 = LINE('',#4444,#4445);
#4444 = CARTESIAN_POINT('',(-65.,-15.,-1.5));
#4445 = VECTOR('',#4446,1.);
#4446 = DIRECTION('',(0.,-0.,1.));
#4447 = PCURVE('',#732,#4448);
#4448 = DEFINITIONAL_REPRESENTATION('',(#4449),#4452);
#4449 = B_SPLINE_CURVE_WITH_KNOTS('',1,(#4450,#4451),.UNSPECIFIED.,.F.,
  .F.,(2,2),(0.5,6.1),.PIECEWISE_BEZIER_KNOTS.);
#4450 = CARTESIAN_POINT('',(21.,-1.));
#4451 = CARTESIAN_POINT('',(21.,-6.6));
#4452 = ( GEOMETRIC_REPRESENTATION_CONTEXT(2) 
PARAMETRIC_REPRESENTATION_CONTEXT() REPRESENTATION_CONTEXT('2D SPACE',''
  ) );
#4453 = PCURVE('',#812,#4454);
#4454 = DEFINITIONAL_REPRESENTATION('',(#4455),#4458);
#4455 = B_SPLINE_CURVE_WITH_KNOTS('',1,(#4456,#4457),.UNSPECIFIED.,.F.,
  .F.,(2,2),(0.5,6.1),.PIECEWISE_BEZIER_KNOTS.);
#4456 = CARTESIAN_POINT('',(7.,0.));
#4457 = CARTESIAN_POINT('',(7.,-5.6));
#4458 = ( GEOMETRIC_REPRESENTATION_CONTEXT(2) 
PARAMETRIC_REPRESENTATION_CONTEXT() REPRESENTATION_CONTEXT('2D SPACE',''
  ) );
#4459 = ORIENTED_EDGE('',*,*,#4460,.F.);
#4460 = EDGE_CURVE('',#4416,#4440,#4461,.T.);
#4461 = SURFACE_CURVE('',#4462,(#4466,#4472),.PCURVE_S1.);
#4462 = LINE('',#4463,#4464);
#4463 = CARTESIAN_POINT('',(-65.,-18.,4.6));
#4464 = VECTOR('',#4465,1.);
#4465 = DIRECTION('',(0.,-1.,0.));
#4466 = PCURVE('',#732,#4467);
#4467 = DEFINITIONAL_REPRESENTATION('',(#4468),#4471);
#4468 = B_SPLINE_CURVE_WITH_KNOTS('',1,(#4469,#4470),.UNSPECIFIED.,.F.,
  .F.,(2,2),(-33.,-3.),.PIECEWISE_BEZIER_KNOTS.);
#4469 = CARTESIAN_POINT('',(51.,-6.6));
#4470 = CARTESIAN_POINT('',(21.,-6.6));
#4471 = ( GEOMETRIC_REPRESENTATION_CONTEXT(2) 
PARAMETRIC_REPRESENTATION_CONTEXT() REPRESENTATION_CONTEXT('2D SPACE',''
  ) );
#4472 = PCURVE('',#4473,#4478);
#4473 = PLANE('',#4474);
#4474 = AXIS2_PLACEMENT_3D('',#4475,#4476,#4477);
#4475 = CARTESIAN_POINT('',(0.,0.,4.6));
#4476 = DIRECTION('',(0.,0.,1.));
#4477 = DIRECTION('',(1.,0.,-0.));
#4478 = DEFINITIONAL_REPRESENTATION('',(#4479),#4482);
#4479 = B_SPLINE_CURVE_WITH_KNOTS('',1,(#4480,#4481),.UNSPECIFIED.,.F.,
  .F.,(2,2),(-33.,-3.),.PIECEWISE_BEZIER_KNOTS.);
#4480 = CARTESIAN_POINT('',(-65.,15.));
#4481 = CARTESIAN_POINT('',(-65.,-15.));
#4482 = ( GEOMETRIC_REPRESENTATION_CONTEXT(2) 
PARAMETRIC_REPRESENTATION_CONTEXT() REPRESENTATION_CONTEXT('2D SPACE',''
  ) );
#4483 = ADVANCED_FACE('',(#4484),#759,.T.);
#4484 = FACE_BOUND('',#4485,.T.);
#4485 = EDGE_LOOP('',(#4486,#4487,#4488,#4511));
#4486 = ORIENTED_EDGE('',*,*,#4415,.F.);
#4487 = ORIENTED_EDGE('',*,*,#743,.F.);
#4488 = ORIENTED_EDGE('',*,*,#4489,.T.);
#4489 = EDGE_CURVE('',#744,#4490,#4492,.T.);
#4490 = VERTEX_POINT('',#4491);
#4491 = CARTESIAN_POINT('',(72.,15.,4.6));
#4492 = SURFACE_CURVE('',#4493,(#4497,#4504),.PCURVE_S1.);
#4493 = LINE('',#4494,#4495);
#4494 = CARTESIAN_POINT('',(72.,15.,-1.));
#4495 = VECTOR('',#4496,1.);
#4496 = DIRECTION('',(0.,0.,1.));
#4497 = PCURVE('',#759,#4498);
#4498 = DEFINITIONAL_REPRESENTATION('',(#4499),#4503);
#4499 = LINE('',#4500,#4501);
#4500 = CARTESIAN_POINT('',(0.,-0.));
#4501 = VECTOR('',#4502,1.);
#4502 = DIRECTION('',(0.,-1.));
#4503 = ( GEOMETRIC_REPRESENTATION_CONTEXT(2) 
PARAMETRIC_REPRESENTATION_CONTEXT() REPRESENTATION_CONTEXT('2D SPACE',''
  ) );
#4504 = PCURVE('',#787,#4505);
#4505 = DEFINITIONAL_REPRESENTATION('',(#4506),#4510);
#4506 = LINE('',#4507,#4508);
#4507 = CARTESIAN_POINT('',(30.,0.));
#4508 = VECTOR('',#4509,1.);
#4509 = DIRECTION('',(0.,-1.));
#4510 = ( GEOMETRIC_REPRESENTATION_CONTEXT(2) 
PARAMETRIC_REPRESENTATION_CONTEXT() REPRESENTATION_CONTEXT('2D SPACE',''
  ) );
#4511 = ORIENTED_EDGE('',*,*,#4512,.T.);
#4512 = EDGE_CURVE('',#4490,#4416,#4513,.T.);
#4513 = SURFACE_CURVE('',#4514,(#4518,#4525),.PCURVE_S1.);
#4514 = LINE('',#4515,#4516);
#4515 = CARTESIAN_POINT('',(72.,15.,4.6));
#4516 = VECTOR('',#4517,1.);
#4517 = DIRECTION('',(-1.,0.,0.));
#4518 = PCURVE('',#759,#4519);
#4519 = DEFINITIONAL_REPRESENTATION('',(#4520),#4524);
#4520 = LINE('',#4521,#4522);
#4521 = CARTESIAN_POINT('',(0.,-5.6));
#4522 = VECTOR('',#4523,1.);
#4523 = DIRECTION('',(1.,0.));
#4524 = ( GEOMETRIC_REPRESENTATION_CONTEXT(2) 
PARAMETRIC_REPRESENTATION_CONTEXT() REPRESENTATION_CONTEXT('2D SPACE',''
  ) );
#4525 = PCURVE('',#4473,#4526);
#4526 = DEFINITIONAL_REPRESENTATION('',(#4527),#4531);
#4527 = LINE('',#4528,#4529);
#4528 = CARTESIAN_POINT('',(72.,15.));
#4529 = VECTOR('',#4530,1.);
#4530 = DIRECTION('',(-1.,0.));
#4531 = ( GEOMETRIC_REPRESENTATION_CONTEXT(2) 
PARAMETRIC_REPRESENTATION_CONTEXT() REPRESENTATION_CONTEXT('2D SPACE',''
  ) );
#4532 = ADVANCED_FACE('',(#4533),#812,.T.);
#4533 = FACE_BOUND('',#4534,.T.);
#4534 = EDGE_LOOP('',(#4535,#4536,#4537,#4560));
#4535 = ORIENTED_EDGE('',*,*,#798,.T.);
#4536 = ORIENTED_EDGE('',*,*,#4439,.T.);
#4537 = ORIENTED_EDGE('',*,*,#4538,.T.);
#4538 = EDGE_CURVE('',#4440,#4539,#4541,.T.);
#4539 = VERTEX_POINT('',#4540);
#4540 = CARTESIAN_POINT('',(72.,-15.,4.6));
#4541 = SURFACE_CURVE('',#4542,(#4546,#4553),.PCURVE_S1.);
#4542 = LINE('',#4543,#4544);
#4543 = CARTESIAN_POINT('',(-72.,-15.,4.6));
#4544 = VECTOR('',#4545,1.);
#4545 = DIRECTION('',(1.,0.,0.));
#4546 = PCURVE('',#812,#4547);
#4547 = DEFINITIONAL_REPRESENTATION('',(#4548),#4552);
#4548 = LINE('',#4549,#4550);
#4549 = CARTESIAN_POINT('',(0.,-5.6));
#4550 = VECTOR('',#4551,1.);
#4551 = DIRECTION('',(1.,0.));
#4552 = ( GEOMETRIC_REPRESENTATION_CONTEXT(2) 
PARAMETRIC_REPRESENTATION_CONTEXT() REPRESENTATION_CONTEXT('2D SPACE',''
  ) );
#4553 = PCURVE('',#4473,#4554);
#4554 = DEFINITIONAL_REPRESENTATION('',(#4555),#4559);
#4555 = LINE('',#4556,#4557);
#4556 = CARTESIAN_POINT('',(-72.,-15.));
#4557 = VECTOR('',#4558,1.);
#4558 = DIRECTION('',(1.,0.));
#4559 = ( GEOMETRIC_REPRESENTATION_CONTEXT(2) 
PARAMETRIC_REPRESENTATION_CONTEXT() REPRESENTATION_CONTEXT('2D SPACE',''
  ) );
#4560 = ORIENTED_EDGE('',*,*,#4561,.F.);
#4561 = EDGE_CURVE('',#772,#4539,#4562,.T.);
#4562 = SURFACE_CURVE('',#4563,(#4567,#4574),.PCURVE_S1.);
#4563 = LINE('',#4564,#4565);
#4564 = CARTESIAN_POINT('',(72.,-15.,-1.));
#4565 = VECTOR('',#4566,1.);
#4566 = DIRECTION('',(0.,0.,1.));
#4567 = PCURVE('',#812,#4568);
#4568 = DEFINITIONAL_REPRESENTATION('',(#4569),#4573);
#4569 = LINE('',#4570,#4571);
#4570 = CARTESIAN_POINT('',(144.,0.));
#4571 = VECTOR('',#4572,1.);
#4572 = DIRECTION('',(0.,-1.));
#4573 = ( GEOMETRIC_REPRESENTATION_CONTEXT(2) 
PARAMETRIC_REPRESENTATION_CONTEXT() REPRESENTATION_CONTEXT('2D SPACE',''
  ) );
#4574 = PCURVE('',#787,#4575);
#4575 = DEFINITIONAL_REPRESENTATION('',(#4576),#4580);
#4576 = LINE('',#4577,#4578);
#4577 = CARTESIAN_POINT('',(0.,0.));
#4578 = VECTOR('',#4579,1.);
#4579 = DIRECTION('',(0.,-1.));
#4580 = ( GEOMETRIC_REPRESENTATION_CONTEXT(2) 
PARAMETRIC_REPRESENTATION_CONTEXT() REPRESENTATION_CONTEXT('2D SPACE',''
  ) );
#4581 = ADVANCED_FACE('',(#4582),#787,.T.);
#4582 = FACE_BOUND('',#4583,.T.);
#4583 = EDGE_LOOP('',(#4584,#4585,#4586,#4607));
#4584 = ORIENTED_EDGE('',*,*,#771,.T.);
#4585 = ORIENTED_EDGE('',*,*,#4561,.T.);
#4586 = ORIENTED_EDGE('',*,*,#4587,.T.);
#4587 = EDGE_CURVE('',#4539,#4490,#4588,.T.);
#4588 = SURFACE_CURVE('',#4589,(#4593,#4600),.PCURVE_S1.);
#4589 = LINE('',#4590,#4591);
#4590 = CARTESIAN_POINT('',(72.,-15.,4.6));
#4591 = VECTOR('',#4592,1.);
#4592 = DIRECTION('',(0.,1.,0.));
#4593 = PCURVE('',#787,#4594);
#4594 = DEFINITIONAL_REPRESENTATION('',(#4595),#4599);
#4595 = LINE('',#4596,#4597);
#4596 = CARTESIAN_POINT('',(0.,-5.6));
#4597 = VECTOR('',#4598,1.);
#4598 = DIRECTION('',(1.,0.));
#4599 = ( GEOMETRIC_REPRESENTATION_CONTEXT(2) 
PARAMETRIC_REPRESENTATION_CONTEXT() REPRESENTATION_CONTEXT('2D SPACE',''
  ) );
#4600 = PCURVE('',#4473,#4601);
#4601 = DEFINITIONAL_REPRESENTATION('',(#4602),#4606);
#4602 = LINE('',#4603,#4604);
#4603 = CARTESIAN_POINT('',(72.,-15.));
#4604 = VECTOR('',#4605,1.);
#4605 = DIRECTION('',(0.,1.));
#4606 = ( GEOMETRIC_REPRESENTATION_CONTEXT(2) 
PARAMETRIC_REPRESENTATION_CONTEXT() REPRESENTATION_CONTEXT('2D SPACE',''
  ) );
#4607 = ORIENTED_EDGE('',*,*,#4489,.F.);
#4608 = ADVANCED_FACE('',(#4609),#846,.F.);
#4609 = FACE_BOUND('',#4610,.T.);
#4610 = EDGE_LOOP('',(#4611,#4612,#4635,#4661));
#4611 = ORIENTED_EDGE('',*,*,#825,.T.);
#4612 = ORIENTED_EDGE('',*,*,#4613,.T.);
#4613 = EDGE_CURVE('',#826,#4614,#4616,.T.);
#4614 = VERTEX_POINT('',#4615);
#4615 = CARTESIAN_POINT('',(-105.35,25.,4.));
#4616 = SEAM_CURVE('',#4617,(#4621,#4628),.PCURVE_S1.);
#4617 = LINE('',#4618,#4619);
#4618 = CARTESIAN_POINT('',(-105.35,25.,-1.));
#4619 = VECTOR('',#4620,1.);
#4620 = DIRECTION('',(0.,0.,1.));
#4621 = PCURVE('',#846,#4622);
#4622 = DEFINITIONAL_REPRESENTATION('',(#4623),#4627);
#4623 = LINE('',#4624,#4625);
#4624 = CARTESIAN_POINT('',(-6.28318530718,0.));
#4625 = VECTOR('',#4626,1.);
#4626 = DIRECTION('',(-0.,-1.));
#4627 = ( GEOMETRIC_REPRESENTATION_CONTEXT(2) 
PARAMETRIC_REPRESENTATION_CONTEXT() REPRESENTATION_CONTEXT('2D SPACE',''
  ) );
#4628 = PCURVE('',#846,#4629);
#4629 = DEFINITIONAL_REPRESENTATION('',(#4630),#4634);
#4630 = LINE('',#4631,#4632);
#4631 = CARTESIAN_POINT('',(-0.,0.));
#4632 = VECTOR('',#4633,1.);
#4633 = DIRECTION('',(-0.,-1.));
#4634 = ( GEOMETRIC_REPRESENTATION_CONTEXT(2) 
PARAMETRIC_REPRESENTATION_CONTEXT() REPRESENTATION_CONTEXT('2D SPACE',''
  ) );
#4635 = ORIENTED_EDGE('',*,*,#4636,.F.);
#4636 = EDGE_CURVE('',#4614,#4614,#4637,.T.);
#4637 = SURFACE_CURVE('',#4638,(#4643,#4650),.PCURVE_S1.);
#4638 = CIRCLE('',#4639,2.65);
#4639 = AXIS2_PLACEMENT_3D('',#4640,#4641,#4642);
#4640 = CARTESIAN_POINT('',(-108.,25.,4.));
#4641 = DIRECTION('',(0.,0.,-1.));
#4642 = DIRECTION('',(1.,0.,0.));
#4643 = PCURVE('',#846,#4644);
#4644 = DEFINITIONAL_REPRESENTATION('',(#4645),#4649);
#4645 = LINE('',#4646,#4647);
#4646 = CARTESIAN_POINT('',(-6.28318530718,-5.));
#4647 = VECTOR('',#4648,1.);
#4648 = DIRECTION('',(1.,-0.));
#4649 = ( GEOMETRIC_REPRESENTATION_CONTEXT(2) 
PARAMETRIC_REPRESENTATION_CONTEXT() REPRESENTATION_CONTEXT('2D SPACE',''
  ) );
#4650 = PCURVE('',#3491,#4651);
#4651 = DEFINITIONAL_REPRESENTATION('',(#4652),#4660);
#4652 = ( BOUNDED_CURVE() B_SPLINE_CURVE(2,(#4653,#4654,#4655,#4656,
#4657,#4658,#4659),.UNSPECIFIED.,.T.,.F.) B_SPLINE_CURVE_WITH_KNOTS((1,2
    ,2,2,2,1),(-2.094395102393,0.,2.094395102393,4.188790204786,
6.28318530718,8.377580409573),.UNSPECIFIED.) CURVE() 
GEOMETRIC_REPRESENTATION_ITEM() RATIONAL_B_SPLINE_CURVE((1.,0.5,1.,0.5,
1.,0.5,1.)) REPRESENTATION_ITEM('') );
#4653 = CARTESIAN_POINT('',(2.65,2.));
#4654 = CARTESIAN_POINT('',(2.65,-2.589934640058));
#4655 = CARTESIAN_POINT('',(-1.325,-0.294967320029));
#4656 = CARTESIAN_POINT('',(-5.3,2.));
#4657 = CARTESIAN_POINT('',(-1.325,4.294967320029));
#4658 = CARTESIAN_POINT('',(2.65,6.589934640058));
#4659 = CARTESIAN_POINT('',(2.65,2.));
#4660 = ( GEOMETRIC_REPRESENTATION_CONTEXT(2) 
PARAMETRIC_REPRESENTATION_CONTEXT() REPRESENTATION_CONTEXT('2D SPACE',''
  ) );
#4661 = ORIENTED_EDGE('',*,*,#4613,.F.);
#4662 = ADVANCED_FACE('',(#4663),#881,.F.);
#4663 = FACE_BOUND('',#4664,.T.);
#4664 = EDGE_LOOP('',(#4665,#4666,#4689,#4715));
#4665 = ORIENTED_EDGE('',*,*,#860,.T.);
#4666 = ORIENTED_EDGE('',*,*,#4667,.T.);
#4667 = EDGE_CURVE('',#861,#4668,#4670,.T.);
#4668 = VERTEX_POINT('',#4669);
#4669 = CARTESIAN_POINT('',(-65.35,25.,4.));
#4670 = SEAM_CURVE('',#4671,(#4675,#4682),.PCURVE_S1.);
#4671 = LINE('',#4672,#4673);
#4672 = CARTESIAN_POINT('',(-65.35,25.,-1.));
#4673 = VECTOR('',#4674,1.);
#4674 = DIRECTION('',(0.,0.,1.));
#4675 = PCURVE('',#881,#4676);
#4676 = DEFINITIONAL_REPRESENTATION('',(#4677),#4681);
#4677 = LINE('',#4678,#4679);
#4678 = CARTESIAN_POINT('',(-6.28318530718,0.));
#4679 = VECTOR('',#4680,1.);
#4680 = DIRECTION('',(-0.,-1.));
#4681 = ( GEOMETRIC_REPRESENTATION_CONTEXT(2) 
PARAMETRIC_REPRESENTATION_CONTEXT() REPRESENTATION_CONTEXT('2D SPACE',''
  ) );
#4682 = PCURVE('',#881,#4683);
#4683 = DEFINITIONAL_REPRESENTATION('',(#4684),#4688);
#4684 = LINE('',#4685,#4686);
#4685 = CARTESIAN_POINT('',(-0.,0.));
#4686 = VECTOR('',#4687,1.);
#4687 = DIRECTION('',(-0.,-1.));
#4688 = ( GEOMETRIC_REPRESENTATION_CONTEXT(2) 
PARAMETRIC_REPRESENTATION_CONTEXT() REPRESENTATION_CONTEXT('2D SPACE',''
  ) );
#4689 = ORIENTED_EDGE('',*,*,#4690,.F.);
#4690 = EDGE_CURVE('',#4668,#4668,#4691,.T.);
#4691 = SURFACE_CURVE('',#4692,(#4697,#4704),.PCURVE_S1.);
#4692 = CIRCLE('',#4693,2.65);
#4693 = AXIS2_PLACEMENT_3D('',#4694,#4695,#4696);
#4694 = CARTESIAN_POINT('',(-68.,25.,4.));
#4695 = DIRECTION('',(0.,0.,-1.));
#4696 = DIRECTION('',(1.,0.,0.));
#4697 = PCURVE('',#881,#4698);
#4698 = DEFINITIONAL_REPRESENTATION('',(#4699),#4703);
#4699 = LINE('',#4700,#4701);
#4700 = CARTESIAN_POINT('',(-6.28318530718,-5.));
#4701 = VECTOR('',#4702,1.);
#4702 = DIRECTION('',(1.,-0.));
#4703 = ( GEOMETRIC_REPRESENTATION_CONTEXT(2) 
PARAMETRIC_REPRESENTATION_CONTEXT() REPRESENTATION_CONTEXT('2D SPACE',''
  ) );
#4704 = PCURVE('',#3601,#4705);
#4705 = DEFINITIONAL_REPRESENTATION('',(#4706),#4714);
#4706 = ( BOUNDED_CURVE() B_SPLINE_CURVE(2,(#4707,#4708,#4709,#4710,
#4711,#4712,#4713),.UNSPECIFIED.,.T.,.F.) B_SPLINE_CURVE_WITH_KNOTS((1,2
    ,2,2,2,1),(-2.094395102393,0.,2.094395102393,4.188790204786,
6.28318530718,8.377580409573),.UNSPECIFIED.) CURVE() 
GEOMETRIC_REPRESENTATION_ITEM() RATIONAL_B_SPLINE_CURVE((1.,0.5,1.,0.5,
1.,0.5,1.)) REPRESENTATION_ITEM('') );
#4707 = CARTESIAN_POINT('',(2.65,2.));
#4708 = CARTESIAN_POINT('',(2.65,-2.589934640058));
#4709 = CARTESIAN_POINT('',(-1.325,-0.294967320029));
#4710 = CARTESIAN_POINT('',(-5.3,2.));
#4711 = CARTESIAN_POINT('',(-1.325,4.294967320029));
#4712 = CARTESIAN_POINT('',(2.65,6.589934640058));
#4713 = CARTESIAN_POINT('',(2.65,2.));
#4714 = ( GEOMETRIC_REPRESENTATION_CONTEXT(2) 
PARAMETRIC_REPRESENTATION_CONTEXT() REPRESENTATION_CONTEXT('2D SPACE',''
  ) );
#4715 = ORIENTED_EDGE('',*,*,#4667,.F.);
#4716 = ADVANCED_FACE('',(#4717),#1105,.F.);
#4717 = FACE_BOUND('',#4718,.F.);
#4718 = EDGE_LOOP('',(#4719,#4720,#4741,#4742));
#4719 = ORIENTED_EDGE('',*,*,#1085,.T.);
#4720 = ORIENTED_EDGE('',*,*,#4721,.T.);
#4721 = EDGE_CURVE('',#971,#2989,#4722,.T.);
#4722 = SURFACE_CURVE('',#4723,(#4727,#4734),.PCURVE_S1.);
#4723 = LINE('',#4724,#4725);
#4724 = CARTESIAN_POINT('',(-75.,-17.,16.1));
#4725 = VECTOR('',#4726,1.);
#4726 = DIRECTION('',(1.,0.,0.));
#4727 = PCURVE('',#1105,#4728);
#4728 = DEFINITIONAL_REPRESENTATION('',(#4729),#4733);
#4729 = LINE('',#4730,#4731);
#4730 = CARTESIAN_POINT('',(0.,0.));
#4731 = VECTOR('',#4732,1.);
#4732 = DIRECTION('',(0.,-1.));
#4733 = ( GEOMETRIC_REPRESENTATION_CONTEXT(2) 
PARAMETRIC_REPRESENTATION_CONTEXT() REPRESENTATION_CONTEXT('2D SPACE',''
  ) );
#4734 = PCURVE('',#1044,#4735);
#4735 = DEFINITIONAL_REPRESENTATION('',(#4736),#4740);
#4736 = LINE('',#4737,#4738);
#4737 = CARTESIAN_POINT('',(-1.570796326795,0.));
#4738 = VECTOR('',#4739,1.);
#4739 = DIRECTION('',(-0.,-1.));
#4740 = ( GEOMETRIC_REPRESENTATION_CONTEXT(2) 
PARAMETRIC_REPRESENTATION_CONTEXT() REPRESENTATION_CONTEXT('2D SPACE',''
  ) );
#4741 = ORIENTED_EDGE('',*,*,#3098,.T.);
#4742 = ORIENTED_EDGE('',*,*,#1121,.F.);
#4743 = ADVANCED_FACE('',(#4744),#1044,.T.);
#4744 = FACE_BOUND('',#4745,.F.);
#4745 = EDGE_LOOP('',(#4746,#4747,#4748,#4771,#4804,#4830,#4863,#4891,
    #4924,#4950,#4983,#5011,#5044,#5070,#5103,#5131,#5164,#5190,#5223,
    #5251,#5284,#5310,#5343,#5364));
#4746 = ORIENTED_EDGE('',*,*,#4721,.F.);
#4747 = ORIENTED_EDGE('',*,*,#970,.T.);
#4748 = ORIENTED_EDGE('',*,*,#4749,.T.);
#4749 = EDGE_CURVE('',#944,#4750,#4752,.T.);
#4750 = VERTEX_POINT('',#4751);
#4751 = CARTESIAN_POINT('',(-48.92063384406,-16.,15.1));
#4752 = SURFACE_CURVE('',#4753,(#4757,#4764),.PCURVE_S1.);
#4753 = LINE('',#4754,#4755);
#4754 = CARTESIAN_POINT('',(-75.,-16.,15.1));
#4755 = VECTOR('',#4756,1.);
#4756 = DIRECTION('',(1.,0.,0.));
#4757 = PCURVE('',#1044,#4758);
#4758 = DEFINITIONAL_REPRESENTATION('',(#4759),#4763);
#4759 = LINE('',#4760,#4761);
#4760 = CARTESIAN_POINT('',(-0.,0.));
#4761 = VECTOR('',#4762,1.);
#4762 = DIRECTION('',(-0.,-1.));
#4763 = ( GEOMETRIC_REPRESENTATION_CONTEXT(2) 
PARAMETRIC_REPRESENTATION_CONTEXT() REPRESENTATION_CONTEXT('2D SPACE',''
  ) );
#4764 = PCURVE('',#958,#4765);
#4765 = DEFINITIONAL_REPRESENTATION('',(#4766),#4770);
#4766 = LINE('',#4767,#4768);
#4767 = CARTESIAN_POINT('',(5.5,0.));
#4768 = VECTOR('',#4769,1.);
#4769 = DIRECTION('',(0.,-1.));
#4770 = ( GEOMETRIC_REPRESENTATION_CONTEXT(2) 
PARAMETRIC_REPRESENTATION_CONTEXT() REPRESENTATION_CONTEXT('2D SPACE',''
  ) );
#4771 = ORIENTED_EDGE('',*,*,#4772,.T.);
#4772 = EDGE_CURVE('',#4750,#4773,#4775,.T.);
#4773 = VERTEX_POINT('',#4774);
#4774 = CARTESIAN_POINT('',(-48.90317345932,-16.13397459621,15.6));
#4775 = SURFACE_CURVE('',#4776,(#4781,#4792),.PCURVE_S1.);
#4776 = ELLIPSE('',#4777,1.000609544299,1.);
#4777 = AXIS2_PLACEMENT_3D('',#4778,#4779,#4780);
#4778 = CARTESIAN_POINT('',(-48.92063384406,-17.,15.1));
#4779 = DIRECTION('',(0.999390827019,0.,-3.48994967025E-02));
#4780 = DIRECTION('',(-3.48994967025E-02,0.,-0.999390827019));
#4781 = PCURVE('',#1044,#4782);
#4782 = DEFINITIONAL_REPRESENTATION('',(#4783),#4791);
#4783 = B_SPLINE_CURVE_WITH_KNOTS('',6,(#4784,#4785,#4786,#4787,#4788,
    #4789,#4790),.UNSPECIFIED.,.F.,.F.,(7,7),(1.570796326795,
    3.14159265359),.PIECEWISE_BEZIER_KNOTS.);
#4784 = CARTESIAN_POINT('',(0.,-26.07936615593));
#4785 = CARTESIAN_POINT('',(-0.261799387799,-26.088508392));
#4786 = CARTESIAN_POINT('',(-0.523598775598,-26.09764992975));
#4787 = CARTESIAN_POINT('',(-0.785398163397,-26.10566811698));
#4788 = CARTESIAN_POINT('',(-1.047197551197,-26.11141541213));
#4789 = CARTESIAN_POINT('',(-1.308996938996,-26.11428692542));
#4790 = CARTESIAN_POINT('',(-1.570796326795,-26.11428692542));
#4791 = ( GEOMETRIC_REPRESENTATION_CONTEXT(2) 
PARAMETRIC_REPRESENTATION_CONTEXT() REPRESENTATION_CONTEXT('2D SPACE',''
  ) );
#4792 = PCURVE('',#4793,#4798);
#4793 = PLANE('',#4794);
#4794 = AXIS2_PLACEMENT_3D('',#4795,#4796,#4797);
#4795 = CARTESIAN_POINT('',(-49.2,-10.5,7.1));
#4796 = DIRECTION('',(0.999390827019,0.,-3.48994967025E-02));
#4797 = DIRECTION('',(3.48994967025E-02,0.,0.999390827019));
#4798 = DEFINITIONAL_REPRESENTATION('',(#4799),#4803);
#4799 = ELLIPSE('',#4800,1.000609544299,1.);
#4800 = AXIS2_PLACEMENT_2D('',#4801,#4802);
#4801 = CARTESIAN_POINT('',(8.004876354391,6.5));
#4802 = DIRECTION('',(-1.,-0.));
#4803 = ( GEOMETRIC_REPRESENTATION_CONTEXT(2) 
PARAMETRIC_REPRESENTATION_CONTEXT() REPRESENTATION_CONTEXT('2D SPACE',''
  ) );
#4804 = ORIENTED_EDGE('',*,*,#4805,.F.);
#4805 = EDGE_CURVE('',#4806,#4773,#4808,.T.);
#4806 = VERTEX_POINT('',#4807);
#4807 = CARTESIAN_POINT('',(-47.09682654068,-16.13397459621,15.6));
#4808 = SURFACE_CURVE('',#4809,(#4813,#4819),.PCURVE_S1.);
#4809 = LINE('',#4810,#4811);
#4810 = CARTESIAN_POINT('',(-75.,-16.13397459621,15.6));
#4811 = VECTOR('',#4812,1.);
#4812 = DIRECTION('',(-1.,-0.,-0.));
#4813 = PCURVE('',#1044,#4814);
#4814 = DEFINITIONAL_REPRESENTATION('',(#4815),#4818);
#4815 = B_SPLINE_CURVE_WITH_KNOTS('',1,(#4816,#4817),.UNSPECIFIED.,.F.,
  .F.,(2,2),(-28.08380815118,-25.91619184881),.PIECEWISE_BEZIER_KNOTS.);
#4816 = CARTESIAN_POINT('',(-0.523598775598,-28.08380815118));
#4817 = CARTESIAN_POINT('',(-0.523598775598,-25.91619184881));
#4818 = ( GEOMETRIC_REPRESENTATION_CONTEXT(2) 
PARAMETRIC_REPRESENTATION_CONTEXT() REPRESENTATION_CONTEXT('2D SPACE',''
  ) );
#4819 = PCURVE('',#4820,#4825);
#4820 = PLANE('',#4821);
#4821 = AXIS2_PLACEMENT_3D('',#4822,#4823,#4824);
#4822 = CARTESIAN_POINT('',(-48.,-13.5,15.6));
#4823 = DIRECTION('',(0.,0.,1.));
#4824 = DIRECTION('',(1.,0.,0.));
#4825 = DEFINITIONAL_REPRESENTATION('',(#4826),#4829);
#4826 = B_SPLINE_CURVE_WITH_KNOTS('',1,(#4827,#4828),.UNSPECIFIED.,.F.,
  .F.,(2,2),(-28.08380815118,-25.91619184881),.PIECEWISE_BEZIER_KNOTS.);
#4827 = CARTESIAN_POINT('',(1.083808151184,-2.633974596216));
#4828 = CARTESIAN_POINT('',(-1.083808151184,-2.633974596216));
#4829 = ( GEOMETRIC_REPRESENTATION_CONTEXT(2) 
PARAMETRIC_REPRESENTATION_CONTEXT() REPRESENTATION_CONTEXT('2D SPACE',''
  ) );
#4830 = ORIENTED_EDGE('',*,*,#4831,.T.);
#4831 = EDGE_CURVE('',#4806,#4832,#4834,.T.);
#4832 = VERTEX_POINT('',#4833);
#4833 = CARTESIAN_POINT('',(-47.07936615593,-16.,15.1));
#4834 = SURFACE_CURVE('',#4835,(#4840,#4851),.PCURVE_S1.);
#4835 = ELLIPSE('',#4836,1.000609544299,1.);
#4836 = AXIS2_PLACEMENT_3D('',#4837,#4838,#4839);
#4837 = CARTESIAN_POINT('',(-47.07936615593,-17.,15.1));
#4838 = DIRECTION('',(-0.999390827019,0.,-3.48994967025E-02));
#4839 = DIRECTION('',(-3.48994967025E-02,-0.,0.999390827019));
#4840 = PCURVE('',#1044,#4841);
#4841 = DEFINITIONAL_REPRESENTATION('',(#4842),#4850);
#4842 = B_SPLINE_CURVE_WITH_KNOTS('',6,(#4843,#4844,#4845,#4846,#4847,
    #4848,#4849),.UNSPECIFIED.,.F.,.F.,(7,7),(0.,1.570796326795),
  .PIECEWISE_BEZIER_KNOTS.);
#4843 = CARTESIAN_POINT('',(-1.570796326795,-27.88571307457));
#4844 = CARTESIAN_POINT('',(-1.308996938996,-27.88571307457));
#4845 = CARTESIAN_POINT('',(-1.047197551197,-27.88858458786));
#4846 = CARTESIAN_POINT('',(-0.785398163397,-27.89433188301));
#4847 = CARTESIAN_POINT('',(-0.523598775598,-27.90235007024));
#4848 = CARTESIAN_POINT('',(-0.261799387799,-27.91149160799));
#4849 = CARTESIAN_POINT('',(0.,-27.92063384406));
#4850 = ( GEOMETRIC_REPRESENTATION_CONTEXT(2) 
PARAMETRIC_REPRESENTATION_CONTEXT() REPRESENTATION_CONTEXT('2D SPACE',''
  ) );
#4851 = PCURVE('',#4852,#4857);
#4852 = PLANE('',#4853);
#4853 = AXIS2_PLACEMENT_3D('',#4854,#4855,#4856);
#4854 = CARTESIAN_POINT('',(-46.8,-16.5,7.1));
#4855 = DIRECTION('',(-0.999390827019,0.,-3.48994967025E-02));
#4856 = DIRECTION('',(-3.48994967025E-02,0.,0.999390827019));
#4857 = DEFINITIONAL_REPRESENTATION('',(#4858),#4862);
#4858 = ELLIPSE('',#4859,1.000609544299,1.);
#4859 = AXIS2_PLACEMENT_2D('',#4860,#4861);
#4860 = CARTESIAN_POINT('',(8.004876354391,-0.5));
#4861 = DIRECTION('',(1.,0.));
#4862 = ( GEOMETRIC_REPRESENTATION_CONTEXT(2) 
PARAMETRIC_REPRESENTATION_CONTEXT() REPRESENTATION_CONTEXT('2D SPACE',''
  ) );
#4863 = ORIENTED_EDGE('',*,*,#4864,.T.);
#4864 = EDGE_CURVE('',#4832,#4865,#4867,.T.);
#4865 = VERTEX_POINT('',#4866);
#4866 = CARTESIAN_POINT('',(-24.92063384406,-16.,15.1));
#4867 = SURFACE_CURVE('',#4868,(#4872,#4879),.PCURVE_S1.);
#4868 = LINE('',#4869,#4870);
#4869 = CARTESIAN_POINT('',(-75.,-16.,15.1));
#4870 = VECTOR('',#4871,1.);
#4871 = DIRECTION('',(1.,0.,0.));
#4872 = PCURVE('',#1044,#4873);
#4873 = DEFINITIONAL_REPRESENTATION('',(#4874),#4878);
#4874 = LINE('',#4875,#4876);
#4875 = CARTESIAN_POINT('',(-0.,0.));
#4876 = VECTOR('',#4877,1.);
#4877 = DIRECTION('',(-0.,-1.));
#4878 = ( GEOMETRIC_REPRESENTATION_CONTEXT(2) 
PARAMETRIC_REPRESENTATION_CONTEXT() REPRESENTATION_CONTEXT('2D SPACE',''
  ) );
#4879 = PCURVE('',#4880,#4885);
#4880 = PLANE('',#4881);
#4881 = AXIS2_PLACEMENT_3D('',#4882,#4883,#4884);
#4882 = CARTESIAN_POINT('',(-75.,-16.,9.6));
#4883 = DIRECTION('',(0.,-1.,0.));
#4884 = DIRECTION('',(0.,0.,1.));
#4885 = DEFINITIONAL_REPRESENTATION('',(#4886),#4890);
#4886 = LINE('',#4887,#4888);
#4887 = CARTESIAN_POINT('',(5.5,0.));
#4888 = VECTOR('',#4889,1.);
#4889 = DIRECTION('',(0.,-1.));
#4890 = ( GEOMETRIC_REPRESENTATION_CONTEXT(2) 
PARAMETRIC_REPRESENTATION_CONTEXT() REPRESENTATION_CONTEXT('2D SPACE',''
  ) );
#4891 = ORIENTED_EDGE('',*,*,#4892,.T.);
#4892 = EDGE_CURVE('',#4865,#4893,#4895,.T.);
#4893 = VERTEX_POINT('',#4894);
#4894 = CARTESIAN_POINT('',(-24.90317345932,-16.13397459621,15.6));
#4895 = SURFACE_CURVE('',#4896,(#4901,#4912),.PCURVE_S1.);
#4896 = ELLIPSE('',#4897,1.000609544299,1.);
#4897 = AXIS2_PLACEMENT_3D('',#4898,#4899,#4900);
#4898 = CARTESIAN_POINT('',(-24.92063384406,-17.,15.1));
#4899 = DIRECTION('',(0.999390827019,0.,-3.48994967025E-02));
#4900 = DIRECTION('',(-3.48994967025E-02,0.,-0.999390827019));
#4901 = PCURVE('',#1044,#4902);
#4902 = DEFINITIONAL_REPRESENTATION('',(#4903),#4911);
#4903 = B_SPLINE_CURVE_WITH_KNOTS('',6,(#4904,#4905,#4906,#4907,#4908,
    #4909,#4910),.UNSPECIFIED.,.F.,.F.,(7,7),(1.570796326795,
    3.14159265359),.PIECEWISE_BEZIER_KNOTS.);
#4904 = CARTESIAN_POINT('',(0.,-50.07936615593));
#4905 = CARTESIAN_POINT('',(-0.261799387799,-50.088508392));
#4906 = CARTESIAN_POINT('',(-0.523598775598,-50.09764992975));
#4907 = CARTESIAN_POINT('',(-0.785398163397,-50.10566811698));
#4908 = CARTESIAN_POINT('',(-1.047197551197,-50.11141541213));
#4909 = CARTESIAN_POINT('',(-1.308996938996,-50.11428692542));
#4910 = CARTESIAN_POINT('',(-1.570796326795,-50.11428692542));
#4911 = ( GEOMETRIC_REPRESENTATION_CONTEXT(2) 
PARAMETRIC_REPRESENTATION_CONTEXT() REPRESENTATION_CONTEXT('2D SPACE',''
  ) );
#4912 = PCURVE('',#4913,#4918);
#4913 = PLANE('',#4914);
#4914 = AXIS2_PLACEMENT_3D('',#4915,#4916,#4917);
#4915 = CARTESIAN_POINT('',(-25.2,-10.5,7.1));
#4916 = DIRECTION('',(0.999390827019,0.,-3.48994967025E-02));
#4917 = DIRECTION('',(3.48994967025E-02,0.,0.999390827019));
#4918 = DEFINITIONAL_REPRESENTATION('',(#4919),#4923);
#4919 = ELLIPSE('',#4920,1.000609544299,1.);
#4920 = AXIS2_PLACEMENT_2D('',#4921,#4922);
#4921 = CARTESIAN_POINT('',(8.004876354391,6.5));
#4922 = DIRECTION('',(-1.,-0.));
#4923 = ( GEOMETRIC_REPRESENTATION_CONTEXT(2) 
PARAMETRIC_REPRESENTATION_CONTEXT() REPRESENTATION_CONTEXT('2D SPACE',''
  ) );
#4924 = ORIENTED_EDGE('',*,*,#4925,.F.);
#4925 = EDGE_CURVE('',#4926,#4893,#4928,.T.);
#4926 = VERTEX_POINT('',#4927);
#4927 = CARTESIAN_POINT('',(-23.09682654068,-16.13397459621,15.6));
#4928 = SURFACE_CURVE('',#4929,(#4933,#4939),.PCURVE_S1.);
#4929 = LINE('',#4930,#4931);
#4930 = CARTESIAN_POINT('',(-75.,-16.13397459621,15.6));
#4931 = VECTOR('',#4932,1.);
#4932 = DIRECTION('',(-1.,-0.,-0.));
#4933 = PCURVE('',#1044,#4934);
#4934 = DEFINITIONAL_REPRESENTATION('',(#4935),#4938);
#4935 = B_SPLINE_CURVE_WITH_KNOTS('',1,(#4936,#4937),.UNSPECIFIED.,.F.,
  .F.,(2,2),(-52.08380815118,-49.91619184881),.PIECEWISE_BEZIER_KNOTS.);
#4936 = CARTESIAN_POINT('',(-0.523598775598,-52.08380815118));
#4937 = CARTESIAN_POINT('',(-0.523598775598,-49.91619184881));
#4938 = ( GEOMETRIC_REPRESENTATION_CONTEXT(2) 
PARAMETRIC_REPRESENTATION_CONTEXT() REPRESENTATION_CONTEXT('2D SPACE',''
  ) );
#4939 = PCURVE('',#4940,#4945);
#4940 = PLANE('',#4941);
#4941 = AXIS2_PLACEMENT_3D('',#4942,#4943,#4944);
#4942 = CARTESIAN_POINT('',(-24.,-13.5,15.6));
#4943 = DIRECTION('',(0.,0.,1.));
#4944 = DIRECTION('',(1.,0.,0.));
#4945 = DEFINITIONAL_REPRESENTATION('',(#4946),#4949);
#4946 = B_SPLINE_CURVE_WITH_KNOTS('',1,(#4947,#4948),.UNSPECIFIED.,.F.,
  .F.,(2,2),(-52.08380815118,-49.91619184881),.PIECEWISE_BEZIER_KNOTS.);
#4947 = CARTESIAN_POINT('',(1.083808151184,-2.633974596216));
#4948 = CARTESIAN_POINT('',(-1.083808151184,-2.633974596216));
#4949 = ( GEOMETRIC_REPRESENTATION_CONTEXT(2) 
PARAMETRIC_REPRESENTATION_CONTEXT() REPRESENTATION_CONTEXT('2D SPACE',''
  ) );
#4950 = ORIENTED_EDGE('',*,*,#4951,.T.);
#4951 = EDGE_CURVE('',#4926,#4952,#4954,.T.);
#4952 = VERTEX_POINT('',#4953);
#4953 = CARTESIAN_POINT('',(-23.07936615593,-16.,15.1));
#4954 = SURFACE_CURVE('',#4955,(#4960,#4971),.PCURVE_S1.);
#4955 = ELLIPSE('',#4956,1.000609544299,1.);
#4956 = AXIS2_PLACEMENT_3D('',#4957,#4958,#4959);
#4957 = CARTESIAN_POINT('',(-23.07936615593,-17.,15.1));
#4958 = DIRECTION('',(-0.999390827019,0.,-3.48994967025E-02));
#4959 = DIRECTION('',(-3.48994967025E-02,-0.,0.999390827019));
#4960 = PCURVE('',#1044,#4961);
#4961 = DEFINITIONAL_REPRESENTATION('',(#4962),#4970);
#4962 = B_SPLINE_CURVE_WITH_KNOTS('',6,(#4963,#4964,#4965,#4966,#4967,
    #4968,#4969),.UNSPECIFIED.,.F.,.F.,(7,7),(0.,1.570796326795),
  .PIECEWISE_BEZIER_KNOTS.);
#4963 = CARTESIAN_POINT('',(-1.570796326795,-51.88571307457));
#4964 = CARTESIAN_POINT('',(-1.308996938996,-51.88571307457));
#4965 = CARTESIAN_POINT('',(-1.047197551197,-51.88858458786));
#4966 = CARTESIAN_POINT('',(-0.785398163397,-51.89433188301));
#4967 = CARTESIAN_POINT('',(-0.523598775598,-51.90235007024));
#4968 = CARTESIAN_POINT('',(-0.261799387799,-51.91149160799));
#4969 = CARTESIAN_POINT('',(0.,-51.92063384406));
#4970 = ( GEOMETRIC_REPRESENTATION_CONTEXT(2) 
PARAMETRIC_REPRESENTATION_CONTEXT() REPRESENTATION_CONTEXT('2D SPACE',''
  ) );
#4971 = PCURVE('',#4972,#4977);
#4972 = PLANE('',#4973);
#4973 = AXIS2_PLACEMENT_3D('',#4974,#4975,#4976);
#4974 = CARTESIAN_POINT('',(-22.8,-16.5,7.1));
#4975 = DIRECTION('',(-0.999390827019,0.,-3.48994967025E-02));
#4976 = DIRECTION('',(-3.48994967025E-02,0.,0.999390827019));
#4977 = DEFINITIONAL_REPRESENTATION('',(#4978),#4982);
#4978 = ELLIPSE('',#4979,1.000609544299,1.);
#4979 = AXIS2_PLACEMENT_2D('',#4980,#4981);
#4980 = CARTESIAN_POINT('',(8.004876354391,-0.5));
#4981 = DIRECTION('',(1.,0.));
#4982 = ( GEOMETRIC_REPRESENTATION_CONTEXT(2) 
PARAMETRIC_REPRESENTATION_CONTEXT() REPRESENTATION_CONTEXT('2D SPACE',''
  ) );
#4983 = ORIENTED_EDGE('',*,*,#4984,.T.);
#4984 = EDGE_CURVE('',#4952,#4985,#4987,.T.);
#4985 = VERTEX_POINT('',#4986);
#4986 = CARTESIAN_POINT('',(-0.920633844066,-16.,15.1));
#4987 = SURFACE_CURVE('',#4988,(#4992,#4999),.PCURVE_S1.);
#4988 = LINE('',#4989,#4990);
#4989 = CARTESIAN_POINT('',(-75.,-16.,15.1));
#4990 = VECTOR('',#4991,1.);
#4991 = DIRECTION('',(1.,0.,0.));
#4992 = PCURVE('',#1044,#4993);
#4993 = DEFINITIONAL_REPRESENTATION('',(#4994),#4998);
#4994 = LINE('',#4995,#4996);
#4995 = CARTESIAN_POINT('',(-0.,0.));
#4996 = VECTOR('',#4997,1.);
#4997 = DIRECTION('',(-0.,-1.));
#4998 = ( GEOMETRIC_REPRESENTATION_CONTEXT(2) 
PARAMETRIC_REPRESENTATION_CONTEXT() REPRESENTATION_CONTEXT('2D SPACE',''
  ) );
#4999 = PCURVE('',#5000,#5005);
#5000 = PLANE('',#5001);
#5001 = AXIS2_PLACEMENT_3D('',#5002,#5003,#5004);
#5002 = CARTESIAN_POINT('',(-75.,-16.,9.6));
#5003 = DIRECTION('',(0.,-1.,0.));
#5004 = DIRECTION('',(0.,0.,1.));
#5005 = DEFINITIONAL_REPRESENTATION('',(#5006),#5010);
#5006 = LINE('',#5007,#5008);
#5007 = CARTESIAN_POINT('',(5.5,0.));
#5008 = VECTOR('',#5009,1.);
#5009 = DIRECTION('',(0.,-1.));
#5010 = ( GEOMETRIC_REPRESENTATION_CONTEXT(2) 
PARAMETRIC_REPRESENTATION_CONTEXT() REPRESENTATION_CONTEXT('2D SPACE',''
  ) );
#5011 = ORIENTED_EDGE('',*,*,#5012,.T.);
#5012 = EDGE_CURVE('',#4985,#5013,#5015,.T.);
#5013 = VERTEX_POINT('',#5014);
#5014 = CARTESIAN_POINT('',(-0.90317345932,-16.13397459621,15.6));
#5015 = SURFACE_CURVE('',#5016,(#5021,#5032),.PCURVE_S1.);
#5016 = ELLIPSE('',#5017,1.000609544299,1.);
#5017 = AXIS2_PLACEMENT_3D('',#5018,#5019,#5020);
#5018 = CARTESIAN_POINT('',(-0.920633844066,-17.,15.1));
#5019 = DIRECTION('',(0.999390827019,0.,-3.48994967025E-02));
#5020 = DIRECTION('',(-3.48994967025E-02,0.,-0.999390827019));
#5021 = PCURVE('',#1044,#5022);
#5022 = DEFINITIONAL_REPRESENTATION('',(#5023),#5031);
#5023 = B_SPLINE_CURVE_WITH_KNOTS('',6,(#5024,#5025,#5026,#5027,#5028,
    #5029,#5030),.UNSPECIFIED.,.F.,.F.,(7,7),(1.570796326795,
    3.14159265359),.PIECEWISE_BEZIER_KNOTS.);
#5024 = CARTESIAN_POINT('',(0.,-74.07936615593));
#5025 = CARTESIAN_POINT('',(-0.261799387799,-74.088508392));
#5026 = CARTESIAN_POINT('',(-0.523598775598,-74.09764992976));
#5027 = CARTESIAN_POINT('',(-0.785398163397,-74.10566811698));
#5028 = CARTESIAN_POINT('',(-1.047197551197,-74.11141541213));
#5029 = CARTESIAN_POINT('',(-1.308996938996,-74.11428692542));
#5030 = CARTESIAN_POINT('',(-1.570796326795,-74.11428692542));
#5031 = ( GEOMETRIC_REPRESENTATION_CONTEXT(2) 
PARAMETRIC_REPRESENTATION_CONTEXT() REPRESENTATION_CONTEXT('2D SPACE',''
  ) );
#5032 = PCURVE('',#5033,#5038);
#5033 = PLANE('',#5034);
#5034 = AXIS2_PLACEMENT_3D('',#5035,#5036,#5037);
#5035 = CARTESIAN_POINT('',(-1.2,-10.5,7.1));
#5036 = DIRECTION('',(0.999390827019,0.,-3.48994967025E-02));
#5037 = DIRECTION('',(3.48994967025E-02,0.,0.999390827019));
#5038 = DEFINITIONAL_REPRESENTATION('',(#5039),#5043);
#5039 = ELLIPSE('',#5040,1.000609544299,1.);
#5040 = AXIS2_PLACEMENT_2D('',#5041,#5042);
#5041 = CARTESIAN_POINT('',(8.004876354391,6.5));
#5042 = DIRECTION('',(-1.,-0.));
#5043 = ( GEOMETRIC_REPRESENTATION_CONTEXT(2) 
PARAMETRIC_REPRESENTATION_CONTEXT() REPRESENTATION_CONTEXT('2D SPACE',''
  ) );
#5044 = ORIENTED_EDGE('',*,*,#5045,.F.);
#5045 = EDGE_CURVE('',#5046,#5013,#5048,.T.);
#5046 = VERTEX_POINT('',#5047);
#5047 = CARTESIAN_POINT('',(0.90317345932,-16.13397459621,15.6));
#5048 = SURFACE_CURVE('',#5049,(#5053,#5059),.PCURVE_S1.);
#5049 = LINE('',#5050,#5051);
#5050 = CARTESIAN_POINT('',(-75.,-16.13397459621,15.6));
#5051 = VECTOR('',#5052,1.);
#5052 = DIRECTION('',(-1.,-0.,-0.));
#5053 = PCURVE('',#1044,#5054);
#5054 = DEFINITIONAL_REPRESENTATION('',(#5055),#5058);
#5055 = B_SPLINE_CURVE_WITH_KNOTS('',1,(#5056,#5057),.UNSPECIFIED.,.F.,
  .F.,(2,2),(-76.08380815118,-73.91619184881),.PIECEWISE_BEZIER_KNOTS.);
#5056 = CARTESIAN_POINT('',(-0.523598775598,-76.08380815118));
#5057 = CARTESIAN_POINT('',(-0.523598775598,-73.91619184881));
#5058 = ( GEOMETRIC_REPRESENTATION_CONTEXT(2) 
PARAMETRIC_REPRESENTATION_CONTEXT() REPRESENTATION_CONTEXT('2D SPACE',''
  ) );
#5059 = PCURVE('',#5060,#5065);
#5060 = PLANE('',#5061);
#5061 = AXIS2_PLACEMENT_3D('',#5062,#5063,#5064);
#5062 = CARTESIAN_POINT('',(0.,-13.5,15.6));
#5063 = DIRECTION('',(0.,0.,1.));
#5064 = DIRECTION('',(1.,0.,0.));
#5065 = DEFINITIONAL_REPRESENTATION('',(#5066),#5069);
#5066 = B_SPLINE_CURVE_WITH_KNOTS('',1,(#5067,#5068),.UNSPECIFIED.,.F.,
  .F.,(2,2),(-76.08380815118,-73.91619184881),.PIECEWISE_BEZIER_KNOTS.);
#5067 = CARTESIAN_POINT('',(1.083808151184,-2.633974596216));
#5068 = CARTESIAN_POINT('',(-1.083808151184,-2.633974596216));
#5069 = ( GEOMETRIC_REPRESENTATION_CONTEXT(2) 
PARAMETRIC_REPRESENTATION_CONTEXT() REPRESENTATION_CONTEXT('2D SPACE',''
  ) );
#5070 = ORIENTED_EDGE('',*,*,#5071,.T.);
#5071 = EDGE_CURVE('',#5046,#5072,#5074,.T.);
#5072 = VERTEX_POINT('',#5073);
#5073 = CARTESIAN_POINT('',(0.920633844066,-16.,15.1));
#5074 = SURFACE_CURVE('',#5075,(#5080,#5091),.PCURVE_S1.);
#5075 = ELLIPSE('',#5076,1.000609544299,1.);
#5076 = AXIS2_PLACEMENT_3D('',#5077,#5078,#5079);
#5077 = CARTESIAN_POINT('',(0.920633844066,-17.,15.1));
#5078 = DIRECTION('',(-0.999390827019,0.,-3.48994967025E-02));
#5079 = DIRECTION('',(-3.48994967025E-02,-0.,0.999390827019));
#5080 = PCURVE('',#1044,#5081);
#5081 = DEFINITIONAL_REPRESENTATION('',(#5082),#5090);
#5082 = B_SPLINE_CURVE_WITH_KNOTS('',6,(#5083,#5084,#5085,#5086,#5087,
    #5088,#5089),.UNSPECIFIED.,.F.,.F.,(7,7),(0.,1.570796326795),
  .PIECEWISE_BEZIER_KNOTS.);
#5083 = CARTESIAN_POINT('',(-1.570796326795,-75.88571307457));
#5084 = CARTESIAN_POINT('',(-1.308996938996,-75.88571307457));
#5085 = CARTESIAN_POINT('',(-1.047197551197,-75.88858458786));
#5086 = CARTESIAN_POINT('',(-0.785398163397,-75.894331883));
#5087 = CARTESIAN_POINT('',(-0.523598775598,-75.90235007024));
#5088 = CARTESIAN_POINT('',(-0.261799387799,-75.91149160799));
#5089 = CARTESIAN_POINT('',(0.,-75.92063384406));
#5090 = ( GEOMETRIC_REPRESENTATION_CONTEXT(2) 
PARAMETRIC_REPRESENTATION_CONTEXT() REPRESENTATION_CONTEXT('2D SPACE',''
  ) );
#5091 = PCURVE('',#5092,#5097);
#5092 = PLANE('',#5093);
#5093 = AXIS2_PLACEMENT_3D('',#5094,#5095,#5096);
#5094 = CARTESIAN_POINT('',(1.2,-16.5,7.1));
#5095 = DIRECTION('',(-0.999390827019,0.,-3.48994967025E-02));
#5096 = DIRECTION('',(-3.48994967025E-02,0.,0.999390827019));
#5097 = DEFINITIONAL_REPRESENTATION('',(#5098),#5102);
#5098 = ELLIPSE('',#5099,1.000609544299,1.);
#5099 = AXIS2_PLACEMENT_2D('',#5100,#5101);
#5100 = CARTESIAN_POINT('',(8.004876354391,-0.5));
#5101 = DIRECTION('',(1.,0.));
#5102 = ( GEOMETRIC_REPRESENTATION_CONTEXT(2) 
PARAMETRIC_REPRESENTATION_CONTEXT() REPRESENTATION_CONTEXT('2D SPACE',''
  ) );
#5103 = ORIENTED_EDGE('',*,*,#5104,.T.);
#5104 = EDGE_CURVE('',#5072,#5105,#5107,.T.);
#5105 = VERTEX_POINT('',#5106);
#5106 = CARTESIAN_POINT('',(23.079366155934,-16.,15.1));
#5107 = SURFACE_CURVE('',#5108,(#5112,#5119),.PCURVE_S1.);
#5108 = LINE('',#5109,#5110);
#5109 = CARTESIAN_POINT('',(-75.,-16.,15.1));
#5110 = VECTOR('',#5111,1.);
#5111 = DIRECTION('',(1.,0.,0.));
#5112 = PCURVE('',#1044,#5113);
#5113 = DEFINITIONAL_REPRESENTATION('',(#5114),#5118);
#5114 = LINE('',#5115,#5116);
#5115 = CARTESIAN_POINT('',(-0.,0.));
#5116 = VECTOR('',#5117,1.);
#5117 = DIRECTION('',(-0.,-1.));
#5118 = ( GEOMETRIC_REPRESENTATION_CONTEXT(2) 
PARAMETRIC_REPRESENTATION_CONTEXT() REPRESENTATION_CONTEXT('2D SPACE',''
  ) );
#5119 = PCURVE('',#5120,#5125);
#5120 = PLANE('',#5121);
#5121 = AXIS2_PLACEMENT_3D('',#5122,#5123,#5124);
#5122 = CARTESIAN_POINT('',(-75.,-16.,9.6));
#5123 = DIRECTION('',(0.,-1.,0.));
#5124 = DIRECTION('',(0.,0.,1.));
#5125 = DEFINITIONAL_REPRESENTATION('',(#5126),#5130);
#5126 = LINE('',#5127,#5128);
#5127 = CARTESIAN_POINT('',(5.5,0.));
#5128 = VECTOR('',#5129,1.);
#5129 = DIRECTION('',(0.,-1.));
#5130 = ( GEOMETRIC_REPRESENTATION_CONTEXT(2) 
PARAMETRIC_REPRESENTATION_CONTEXT() REPRESENTATION_CONTEXT('2D SPACE',''
  ) );
#5131 = ORIENTED_EDGE('',*,*,#5132,.T.);
#5132 = EDGE_CURVE('',#5105,#5133,#5135,.T.);
#5133 = VERTEX_POINT('',#5134);
#5134 = CARTESIAN_POINT('',(23.09682654068,-16.13397459621,15.6));
#5135 = SURFACE_CURVE('',#5136,(#5141,#5152),.PCURVE_S1.);
#5136 = ELLIPSE('',#5137,1.000609544299,1.);
#5137 = AXIS2_PLACEMENT_3D('',#5138,#5139,#5140);
#5138 = CARTESIAN_POINT('',(23.079366155934,-17.,15.1));
#5139 = DIRECTION('',(0.999390827019,0.,-3.48994967025E-02));
#5140 = DIRECTION('',(-3.48994967025E-02,0.,-0.999390827019));
#5141 = PCURVE('',#1044,#5142);
#5142 = DEFINITIONAL_REPRESENTATION('',(#5143),#5151);
#5143 = B_SPLINE_CURVE_WITH_KNOTS('',6,(#5144,#5145,#5146,#5147,#5148,
    #5149,#5150),.UNSPECIFIED.,.F.,.F.,(7,7),(1.570796326795,
    3.14159265359),.PIECEWISE_BEZIER_KNOTS.);
#5144 = CARTESIAN_POINT('',(0.,-98.07936615593));
#5145 = CARTESIAN_POINT('',(-0.261799387799,-98.088508392));
#5146 = CARTESIAN_POINT('',(-0.523598775598,-98.09764992975));
#5147 = CARTESIAN_POINT('',(-0.785398163397,-98.10566811698));
#5148 = CARTESIAN_POINT('',(-1.047197551197,-98.11141541213));
#5149 = CARTESIAN_POINT('',(-1.308996938996,-98.11428692542));
#5150 = CARTESIAN_POINT('',(-1.570796326795,-98.11428692542));
#5151 = ( GEOMETRIC_REPRESENTATION_CONTEXT(2) 
PARAMETRIC_REPRESENTATION_CONTEXT() REPRESENTATION_CONTEXT('2D SPACE',''
  ) );
#5152 = PCURVE('',#5153,#5158);
#5153 = PLANE('',#5154);
#5154 = AXIS2_PLACEMENT_3D('',#5155,#5156,#5157);
#5155 = CARTESIAN_POINT('',(22.8,-10.5,7.1));
#5156 = DIRECTION('',(0.999390827019,0.,-3.48994967025E-02));
#5157 = DIRECTION('',(3.48994967025E-02,0.,0.999390827019));
#5158 = DEFINITIONAL_REPRESENTATION('',(#5159),#5163);
#5159 = ELLIPSE('',#5160,1.000609544299,1.);
#5160 = AXIS2_PLACEMENT_2D('',#5161,#5162);
#5161 = CARTESIAN_POINT('',(8.004876354391,6.5));
#5162 = DIRECTION('',(-1.,-0.));
#5163 = ( GEOMETRIC_REPRESENTATION_CONTEXT(2) 
PARAMETRIC_REPRESENTATION_CONTEXT() REPRESENTATION_CONTEXT('2D SPACE',''
  ) );
#5164 = ORIENTED_EDGE('',*,*,#5165,.F.);
#5165 = EDGE_CURVE('',#5166,#5133,#5168,.T.);
#5166 = VERTEX_POINT('',#5167);
#5167 = CARTESIAN_POINT('',(24.90317345932,-16.13397459621,15.6));
#5168 = SURFACE_CURVE('',#5169,(#5173,#5179),.PCURVE_S1.);
#5169 = LINE('',#5170,#5171);
#5170 = CARTESIAN_POINT('',(-75.,-16.13397459621,15.6));
#5171 = VECTOR('',#5172,1.);
#5172 = DIRECTION('',(-1.,-0.,-0.));
#5173 = PCURVE('',#1044,#5174);
#5174 = DEFINITIONAL_REPRESENTATION('',(#5175),#5178);
#5175 = B_SPLINE_CURVE_WITH_KNOTS('',1,(#5176,#5177),.UNSPECIFIED.,.F.,
  .F.,(2,2),(-100.0838081511,-97.91619184881),.PIECEWISE_BEZIER_KNOTS.);
#5176 = CARTESIAN_POINT('',(-0.523598775598,-100.0838081511));
#5177 = CARTESIAN_POINT('',(-0.523598775598,-97.91619184881));
#5178 = ( GEOMETRIC_REPRESENTATION_CONTEXT(2) 
PARAMETRIC_REPRESENTATION_CONTEXT() REPRESENTATION_CONTEXT('2D SPACE',''
  ) );
#5179 = PCURVE('',#5180,#5185);
#5180 = PLANE('',#5181);
#5181 = AXIS2_PLACEMENT_3D('',#5182,#5183,#5184);
#5182 = CARTESIAN_POINT('',(24.,-13.5,15.6));
#5183 = DIRECTION('',(0.,0.,1.));
#5184 = DIRECTION('',(1.,0.,0.));
#5185 = DEFINITIONAL_REPRESENTATION('',(#5186),#5189);
#5186 = B_SPLINE_CURVE_WITH_KNOTS('',1,(#5187,#5188),.UNSPECIFIED.,.F.,
  .F.,(2,2),(-100.0838081511,-97.91619184881),.PIECEWISE_BEZIER_KNOTS.);
#5187 = CARTESIAN_POINT('',(1.083808151184,-2.633974596216));
#5188 = CARTESIAN_POINT('',(-1.083808151184,-2.633974596216));
#5189 = ( GEOMETRIC_REPRESENTATION_CONTEXT(2) 
PARAMETRIC_REPRESENTATION_CONTEXT() REPRESENTATION_CONTEXT('2D SPACE',''
  ) );
#5190 = ORIENTED_EDGE('',*,*,#5191,.T.);
#5191 = EDGE_CURVE('',#5166,#5192,#5194,.T.);
#5192 = VERTEX_POINT('',#5193);
#5193 = CARTESIAN_POINT('',(24.920633844066,-16.,15.1));
#5194 = SURFACE_CURVE('',#5195,(#5200,#5211),.PCURVE_S1.);
#5195 = ELLIPSE('',#5196,1.000609544299,1.);
#5196 = AXIS2_PLACEMENT_3D('',#5197,#5198,#5199);
#5197 = CARTESIAN_POINT('',(24.920633844066,-17.,15.1));
#5198 = DIRECTION('',(-0.999390827019,0.,-3.48994967025E-02));
#5199 = DIRECTION('',(-3.48994967025E-02,-0.,0.999390827019));
#5200 = PCURVE('',#1044,#5201);
#5201 = DEFINITIONAL_REPRESENTATION('',(#5202),#5210);
#5202 = B_SPLINE_CURVE_WITH_KNOTS('',6,(#5203,#5204,#5205,#5206,#5207,
    #5208,#5209),.UNSPECIFIED.,.F.,.F.,(7,7),(0.,1.570796326795),
  .PIECEWISE_BEZIER_KNOTS.);
#5203 = CARTESIAN_POINT('',(-1.570796326795,-99.88571307457));
#5204 = CARTESIAN_POINT('',(-1.308996938996,-99.88571307457));
#5205 = CARTESIAN_POINT('',(-1.047197551197,-99.88858458786));
#5206 = CARTESIAN_POINT('',(-0.785398163397,-99.894331883));
#5207 = CARTESIAN_POINT('',(-0.523598775598,-99.90235007024));
#5208 = CARTESIAN_POINT('',(-0.261799387799,-99.91149160799));
#5209 = CARTESIAN_POINT('',(0.,-99.92063384406));
#5210 = ( GEOMETRIC_REPRESENTATION_CONTEXT(2) 
PARAMETRIC_REPRESENTATION_CONTEXT() REPRESENTATION_CONTEXT('2D SPACE',''
  ) );
#5211 = PCURVE('',#5212,#5217);
#5212 = PLANE('',#5213);
#5213 = AXIS2_PLACEMENT_3D('',#5214,#5215,#5216);
#5214 = CARTESIAN_POINT('',(25.2,-16.5,7.1));
#5215 = DIRECTION('',(-0.999390827019,0.,-3.48994967025E-02));
#5216 = DIRECTION('',(-3.48994967025E-02,0.,0.999390827019));
#5217 = DEFINITIONAL_REPRESENTATION('',(#5218),#5222);
#5218 = ELLIPSE('',#5219,1.000609544299,1.);
#5219 = AXIS2_PLACEMENT_2D('',#5220,#5221);
#5220 = CARTESIAN_POINT('',(8.004876354391,-0.5));
#5221 = DIRECTION('',(1.,0.));
#5222 = ( GEOMETRIC_REPRESENTATION_CONTEXT(2) 
PARAMETRIC_REPRESENTATION_CONTEXT() REPRESENTATION_CONTEXT('2D SPACE',''
  ) );
#5223 = ORIENTED_EDGE('',*,*,#5224,.T.);
#5224 = EDGE_CURVE('',#5192,#5225,#5227,.T.);
#5225 = VERTEX_POINT('',#5226);
#5226 = CARTESIAN_POINT('',(47.079366155934,-16.,15.1));
#5227 = SURFACE_CURVE('',#5228,(#5232,#5239),.PCURVE_S1.);
#5228 = LINE('',#5229,#5230);
#5229 = CARTESIAN_POINT('',(-75.,-16.,15.1));
#5230 = VECTOR('',#5231,1.);
#5231 = DIRECTION('',(1.,0.,0.));
#5232 = PCURVE('',#1044,#5233);
#5233 = DEFINITIONAL_REPRESENTATION('',(#5234),#5238);
#5234 = LINE('',#5235,#5236);
#5235 = CARTESIAN_POINT('',(-0.,0.));
#5236 = VECTOR('',#5237,1.);
#5237 = DIRECTION('',(-0.,-1.));
#5238 = ( GEOMETRIC_REPRESENTATION_CONTEXT(2) 
PARAMETRIC_REPRESENTATION_CONTEXT() REPRESENTATION_CONTEXT('2D SPACE',''
  ) );
#5239 = PCURVE('',#5240,#5245);
#5240 = PLANE('',#5241);
#5241 = AXIS2_PLACEMENT_3D('',#5242,#5243,#5244);
#5242 = CARTESIAN_POINT('',(-75.,-16.,9.6));
#5243 = DIRECTION('',(0.,-1.,0.));
#5244 = DIRECTION('',(0.,0.,1.));
#5245 = DEFINITIONAL_REPRESENTATION('',(#5246),#5250);
#5246 = LINE('',#5247,#5248);
#5247 = CARTESIAN_POINT('',(5.5,0.));
#5248 = VECTOR('',#5249,1.);
#5249 = DIRECTION('',(0.,-1.));
#5250 = ( GEOMETRIC_REPRESENTATION_CONTEXT(2) 
PARAMETRIC_REPRESENTATION_CONTEXT() REPRESENTATION_CONTEXT('2D SPACE',''
  ) );
#5251 = ORIENTED_EDGE('',*,*,#5252,.T.);
#5252 = EDGE_CURVE('',#5225,#5253,#5255,.T.);
#5253 = VERTEX_POINT('',#5254);
#5254 = CARTESIAN_POINT('',(47.09682654068,-16.13397459621,15.6));
#5255 = SURFACE_CURVE('',#5256,(#5261,#5272),.PCURVE_S1.);
#5256 = ELLIPSE('',#5257,1.000609544299,1.);
#5257 = AXIS2_PLACEMENT_3D('',#5258,#5259,#5260);
#5258 = CARTESIAN_POINT('',(47.079366155934,-17.,15.1));
#5259 = DIRECTION('',(0.999390827019,0.,-3.48994967025E-02));
#5260 = DIRECTION('',(-3.48994967025E-02,0.,-0.999390827019));
#5261 = PCURVE('',#1044,#5262);
#5262 = DEFINITIONAL_REPRESENTATION('',(#5263),#5271);
#5263 = B_SPLINE_CURVE_WITH_KNOTS('',6,(#5264,#5265,#5266,#5267,#5268,
    #5269,#5270),.UNSPECIFIED.,.F.,.F.,(7,7),(1.570796326795,
    3.14159265359),.PIECEWISE_BEZIER_KNOTS.);
#5264 = CARTESIAN_POINT('',(0.,-122.0793661559));
#5265 = CARTESIAN_POINT('',(-0.261799387799,-122.088508392));
#5266 = CARTESIAN_POINT('',(-0.523598775598,-122.0976499297));
#5267 = CARTESIAN_POINT('',(-0.785398163397,-122.1056681169));
#5268 = CARTESIAN_POINT('',(-1.047197551197,-122.1114154121));
#5269 = CARTESIAN_POINT('',(-1.308996938996,-122.1142869254));
#5270 = CARTESIAN_POINT('',(-1.570796326795,-122.1142869254));
#5271 = ( GEOMETRIC_REPRESENTATION_CONTEXT(2) 
PARAMETRIC_REPRESENTATION_CONTEXT() REPRESENTATION_CONTEXT('2D SPACE',''
  ) );
#5272 = PCURVE('',#5273,#5278);
#5273 = PLANE('',#5274);
#5274 = AXIS2_PLACEMENT_3D('',#5275,#5276,#5277);
#5275 = CARTESIAN_POINT('',(46.8,-10.5,7.1));
#5276 = DIRECTION('',(0.999390827019,0.,-3.48994967025E-02));
#5277 = DIRECTION('',(3.48994967025E-02,0.,0.999390827019));
#5278 = DEFINITIONAL_REPRESENTATION('',(#5279),#5283);
#5279 = ELLIPSE('',#5280,1.000609544299,1.);
#5280 = AXIS2_PLACEMENT_2D('',#5281,#5282);
#5281 = CARTESIAN_POINT('',(8.004876354391,6.5));
#5282 = DIRECTION('',(-1.,-0.));
#5283 = ( GEOMETRIC_REPRESENTATION_CONTEXT(2) 
PARAMETRIC_REPRESENTATION_CONTEXT() REPRESENTATION_CONTEXT('2D SPACE',''
  ) );
#5284 = ORIENTED_EDGE('',*,*,#5285,.F.);
#5285 = EDGE_CURVE('',#5286,#5253,#5288,.T.);
#5286 = VERTEX_POINT('',#5287);
#5287 = CARTESIAN_POINT('',(48.90317345932,-16.13397459621,15.6));
#5288 = SURFACE_CURVE('',#5289,(#5293,#5299),.PCURVE_S1.);
#5289 = LINE('',#5290,#5291);
#5290 = CARTESIAN_POINT('',(-75.,-16.13397459621,15.6));
#5291 = VECTOR('',#5292,1.);
#5292 = DIRECTION('',(-1.,-0.,-0.));
#5293 = PCURVE('',#1044,#5294);
#5294 = DEFINITIONAL_REPRESENTATION('',(#5295),#5298);
#5295 = B_SPLINE_CURVE_WITH_KNOTS('',1,(#5296,#5297),.UNSPECIFIED.,.F.,
  .F.,(2,2),(-124.0838081511,-121.9161918488),.PIECEWISE_BEZIER_KNOTS.);
#5296 = CARTESIAN_POINT('',(-0.523598775598,-124.0838081511));
#5297 = CARTESIAN_POINT('',(-0.523598775598,-121.9161918488));
#5298 = ( GEOMETRIC_REPRESENTATION_CONTEXT(2) 
PARAMETRIC_REPRESENTATION_CONTEXT() REPRESENTATION_CONTEXT('2D SPACE',''
  ) );
#5299 = PCURVE('',#5300,#5305);
#5300 = PLANE('',#5301);
#5301 = AXIS2_PLACEMENT_3D('',#5302,#5303,#5304);
#5302 = CARTESIAN_POINT('',(48.,-13.5,15.6));
#5303 = DIRECTION('',(0.,0.,1.));
#5304 = DIRECTION('',(1.,0.,0.));
#5305 = DEFINITIONAL_REPRESENTATION('',(#5306),#5309);
#5306 = B_SPLINE_CURVE_WITH_KNOTS('',1,(#5307,#5308),.UNSPECIFIED.,.F.,
  .F.,(2,2),(-124.0838081511,-121.9161918488),.PIECEWISE_BEZIER_KNOTS.);
#5307 = CARTESIAN_POINT('',(1.083808151184,-2.633974596216));
#5308 = CARTESIAN_POINT('',(-1.083808151184,-2.633974596216));
#5309 = ( GEOMETRIC_REPRESENTATION_CONTEXT(2) 
PARAMETRIC_REPRESENTATION_CONTEXT() REPRESENTATION_CONTEXT('2D SPACE',''
  ) );
#5310 = ORIENTED_EDGE('',*,*,#5311,.T.);
#5311 = EDGE_CURVE('',#5286,#5312,#5314,.T.);
#5312 = VERTEX_POINT('',#5313);
#5313 = CARTESIAN_POINT('',(48.920633844066,-16.,15.1));
#5314 = SURFACE_CURVE('',#5315,(#5320,#5331),.PCURVE_S1.);
#5315 = ELLIPSE('',#5316,1.000609544299,1.);
#5316 = AXIS2_PLACEMENT_3D('',#5317,#5318,#5319);
#5317 = CARTESIAN_POINT('',(48.920633844066,-17.,15.1));
#5318 = DIRECTION('',(-0.999390827019,0.,-3.48994967025E-02));
#5319 = DIRECTION('',(-3.48994967025E-02,-0.,0.999390827019));
#5320 = PCURVE('',#1044,#5321);
#5321 = DEFINITIONAL_REPRESENTATION('',(#5322),#5330);
#5322 = B_SPLINE_CURVE_WITH_KNOTS('',6,(#5323,#5324,#5325,#5326,#5327,
    #5328,#5329),.UNSPECIFIED.,.F.,.F.,(7,7),(0.,1.570796326795),
  .PIECEWISE_BEZIER_KNOTS.);
#5323 = CARTESIAN_POINT('',(-1.570796326795,-123.8857130745));
#5324 = CARTESIAN_POINT('',(-1.308996938996,-123.8857130745));
#5325 = CARTESIAN_POINT('',(-1.047197551197,-123.8885845878));
#5326 = CARTESIAN_POINT('',(-0.785398163397,-123.894331883));
#5327 = CARTESIAN_POINT('',(-0.523598775598,-123.9023500702));
#5328 = CARTESIAN_POINT('',(-0.261799387799,-123.9114916079));
#5329 = CARTESIAN_POINT('',(0.,-123.920633844));
#5330 = ( GEOMETRIC_REPRESENTATION_CONTEXT(2) 
PARAMETRIC_REPRESENTATION_CONTEXT() REPRESENTATION_CONTEXT('2D SPACE',''
  ) );
#5331 = PCURVE('',#5332,#5337);
#5332 = PLANE('',#5333);
#5333 = AXIS2_PLACEMENT_3D('',#5334,#5335,#5336);
#5334 = CARTESIAN_POINT('',(49.2,-16.5,7.1));
#5335 = DIRECTION('',(-0.999390827019,0.,-3.48994967025E-02));
#5336 = DIRECTION('',(-3.48994967025E-02,0.,0.999390827019));
#5337 = DEFINITIONAL_REPRESENTATION('',(#5338),#5342);
#5338 = ELLIPSE('',#5339,1.000609544299,1.);
#5339 = AXIS2_PLACEMENT_2D('',#5340,#5341);
#5340 = CARTESIAN_POINT('',(8.004876354391,-0.5));
#5341 = DIRECTION('',(1.,0.));
#5342 = ( GEOMETRIC_REPRESENTATION_CONTEXT(2) 
PARAMETRIC_REPRESENTATION_CONTEXT() REPRESENTATION_CONTEXT('2D SPACE',''
  ) );
#5343 = ORIENTED_EDGE('',*,*,#5344,.T.);
#5344 = EDGE_CURVE('',#5312,#2962,#5345,.T.);
#5345 = SURFACE_CURVE('',#5346,(#5350,#5357),.PCURVE_S1.);
#5346 = LINE('',#5347,#5348);
#5347 = CARTESIAN_POINT('',(-75.,-16.,15.1));
#5348 = VECTOR('',#5349,1.);
#5349 = DIRECTION('',(1.,0.,0.));
#5350 = PCURVE('',#1044,#5351);
#5351 = DEFINITIONAL_REPRESENTATION('',(#5352),#5356);
#5352 = LINE('',#5353,#5354);
#5353 = CARTESIAN_POINT('',(-0.,0.));
#5354 = VECTOR('',#5355,1.);
#5355 = DIRECTION('',(-0.,-1.));
#5356 = ( GEOMETRIC_REPRESENTATION_CONTEXT(2) 
PARAMETRIC_REPRESENTATION_CONTEXT() REPRESENTATION_CONTEXT('2D SPACE',''
  ) );
#5357 = PCURVE('',#2976,#5358);
#5358 = DEFINITIONAL_REPRESENTATION('',(#5359),#5363);
#5359 = LINE('',#5360,#5361);
#5360 = CARTESIAN_POINT('',(5.5,0.));
#5361 = VECTOR('',#5362,1.);
#5362 = DIRECTION('',(0.,-1.));
#5363 = ( GEOMETRIC_REPRESENTATION_CONTEXT(2) 
PARAMETRIC_REPRESENTATION_CONTEXT() REPRESENTATION_CONTEXT('2D SPACE',''
  ) );
#5364 = ORIENTED_EDGE('',*,*,#2988,.F.);
#5365 = ADVANCED_FACE('',(#5366),#958,.F.);
#5366 = FACE_BOUND('',#5367,.F.);
#5367 = EDGE_LOOP('',(#5368,#5369,#5392,#5411));
#5368 = ORIENTED_EDGE('',*,*,#943,.F.);
#5369 = ORIENTED_EDGE('',*,*,#5370,.T.);
#5370 = EDGE_CURVE('',#921,#5371,#5373,.T.);
#5371 = VERTEX_POINT('',#5372);
#5372 = CARTESIAN_POINT('',(-49.11269807627,-16.,9.6));
#5373 = SURFACE_CURVE('',#5374,(#5378,#5385),.PCURVE_S1.);
#5374 = LINE('',#5375,#5376);
#5375 = CARTESIAN_POINT('',(-75.,-16.,9.6));
#5376 = VECTOR('',#5377,1.);
#5377 = DIRECTION('',(1.,0.,0.));
#5378 = PCURVE('',#958,#5379);
#5379 = DEFINITIONAL_REPRESENTATION('',(#5380),#5384);
#5380 = LINE('',#5381,#5382);
#5381 = CARTESIAN_POINT('',(0.,0.));
#5382 = VECTOR('',#5383,1.);
#5383 = DIRECTION('',(0.,-1.));
#5384 = ( GEOMETRIC_REPRESENTATION_CONTEXT(2) 
PARAMETRIC_REPRESENTATION_CONTEXT() REPRESENTATION_CONTEXT('2D SPACE',''
  ) );
#5385 = PCURVE('',#2921,#5386);
#5386 = DEFINITIONAL_REPRESENTATION('',(#5387),#5391);
#5387 = LINE('',#5388,#5389);
#5388 = CARTESIAN_POINT('',(1.570796326795,0.));
#5389 = VECTOR('',#5390,1.);
#5390 = DIRECTION('',(0.,-1.));
#5391 = ( GEOMETRIC_REPRESENTATION_CONTEXT(2) 
PARAMETRIC_REPRESENTATION_CONTEXT() REPRESENTATION_CONTEXT('2D SPACE',''
  ) );
#5392 = ORIENTED_EDGE('',*,*,#5393,.T.);
#5393 = EDGE_CURVE('',#5371,#4750,#5394,.T.);
#5394 = SURFACE_CURVE('',#5395,(#5399,#5405),.PCURVE_S1.);
#5395 = LINE('',#5396,#5397);
#5396 = CARTESIAN_POINT('',(-49.17211407973,-16.,7.898548275763));
#5397 = VECTOR('',#5398,1.);
#5398 = DIRECTION('',(3.48994967025E-02,0.,0.999390827019));
#5399 = PCURVE('',#958,#5400);
#5400 = DEFINITIONAL_REPRESENTATION('',(#5401),#5404);
#5401 = B_SPLINE_CURVE_WITH_KNOTS('',1,(#5402,#5403),.UNSPECIFIED.,.F.,
  .F.,(2,2),(1.702488834435,7.205841328079),.PIECEWISE_BEZIER_KNOTS.);
#5402 = CARTESIAN_POINT('',(4.440892098501E-16,-25.88730192372));
#5403 = CARTESIAN_POINT('',(5.5,-26.07936615593));
#5404 = ( GEOMETRIC_REPRESENTATION_CONTEXT(2) 
PARAMETRIC_REPRESENTATION_CONTEXT() REPRESENTATION_CONTEXT('2D SPACE',''
  ) );
#5405 = PCURVE('',#4793,#5406);
#5406 = DEFINITIONAL_REPRESENTATION('',(#5407),#5410);
#5407 = B_SPLINE_CURVE_WITH_KNOTS('',1,(#5408,#5409),.UNSPECIFIED.,.F.,
  .F.,(2,2),(1.702488834435,7.205841328079),.PIECEWISE_BEZIER_KNOTS.);
#5408 = CARTESIAN_POINT('',(2.501523860747,5.5));
#5409 = CARTESIAN_POINT('',(8.004876354391,5.5));
#5410 = ( GEOMETRIC_REPRESENTATION_CONTEXT(2) 
PARAMETRIC_REPRESENTATION_CONTEXT() REPRESENTATION_CONTEXT('2D SPACE',''
  ) );
#5411 = ORIENTED_EDGE('',*,*,#4749,.F.);
#5412 = ADVANCED_FACE('',(#5413),#1186,.T.);
#5413 = FACE_BOUND('',#5414,.T.);
#5414 = EDGE_LOOP('',(#5415,#5438,#5466,#5487));
#5415 = ORIENTED_EDGE('',*,*,#5416,.T.);
#5416 = EDGE_CURVE('',#1169,#5417,#5419,.T.);
#5417 = VERTEX_POINT('',#5418);
#5418 = CARTESIAN_POINT('',(6.04296875,-18.6,5.62666015625));
#5419 = SURFACE_CURVE('',#5420,(#5424,#5431),.PCURVE_S1.);
#5420 = LINE('',#5421,#5422);
#5421 = CARTESIAN_POINT('',(6.04296875,-18.,5.62666015625));
#5422 = VECTOR('',#5423,1.);
#5423 = DIRECTION('',(0.,-1.,0.));
#5424 = PCURVE('',#1186,#5425);
#5425 = DEFINITIONAL_REPRESENTATION('',(#5426),#5430);
#5426 = LINE('',#5427,#5428);
#5427 = CARTESIAN_POINT('',(0.,0.));
#5428 = VECTOR('',#5429,1.);
#5429 = DIRECTION('',(0.,-1.));
#5430 = ( GEOMETRIC_REPRESENTATION_CONTEXT(2) 
PARAMETRIC_REPRESENTATION_CONTEXT() REPRESENTATION_CONTEXT('2D SPACE',''
  ) );
#5431 = PCURVE('',#1214,#5432);
#5432 = DEFINITIONAL_REPRESENTATION('',(#5433),#5437);
#5433 = LINE('',#5434,#5435);
#5434 = CARTESIAN_POINT('',(1.32275390625,0.));
#5435 = VECTOR('',#5436,1.);
#5436 = DIRECTION('',(0.,-1.));
#5437 = ( GEOMETRIC_REPRESENTATION_CONTEXT(2) 
PARAMETRIC_REPRESENTATION_CONTEXT() REPRESENTATION_CONTEXT('2D SPACE',''
  ) );
#5438 = ORIENTED_EDGE('',*,*,#5439,.T.);
#5439 = EDGE_CURVE('',#5417,#5440,#5442,.T.);
#5440 = VERTEX_POINT('',#5441);
#5441 = CARTESIAN_POINT('',(5.7216796875,-18.6,6.55634765625));
#5442 = SURFACE_CURVE('',#5443,(#5447,#5454),.PCURVE_S1.);
#5443 = LINE('',#5444,#5445);
#5444 = CARTESIAN_POINT('',(6.04296875,-18.6,5.62666015625));
#5445 = VECTOR('',#5446,1.);
#5446 = DIRECTION('',(-0.326633135958,0.,0.945151201922));
#5447 = PCURVE('',#1186,#5448);
#5448 = DEFINITIONAL_REPRESENTATION('',(#5449),#5453);
#5449 = LINE('',#5450,#5451);
#5450 = CARTESIAN_POINT('',(0.,-0.6));
#5451 = VECTOR('',#5452,1.);
#5452 = DIRECTION('',(1.,0.));
#5453 = ( GEOMETRIC_REPRESENTATION_CONTEXT(2) 
PARAMETRIC_REPRESENTATION_CONTEXT() REPRESENTATION_CONTEXT('2D SPACE',''
  ) );
#5454 = PCURVE('',#5455,#5460);
#5455 = PLANE('',#5456);
#5456 = AXIS2_PLACEMENT_3D('',#5457,#5458,#5459);
#5457 = CARTESIAN_POINT('',(1.982421875,-18.6,5.62666015625));
#5458 = DIRECTION('',(0.,-1.,0.));
#5459 = DIRECTION('',(1.,0.,0.));
#5460 = DEFINITIONAL_REPRESENTATION('',(#5461),#5465);
#5461 = LINE('',#5462,#5463);
#5462 = CARTESIAN_POINT('',(4.060546875,0.));
#5463 = VECTOR('',#5464,1.);
#5464 = DIRECTION('',(-0.326633135958,0.945151201922));
#5465 = ( GEOMETRIC_REPRESENTATION_CONTEXT(2) 
PARAMETRIC_REPRESENTATION_CONTEXT() REPRESENTATION_CONTEXT('2D SPACE',''
  ) );
#5466 = ORIENTED_EDGE('',*,*,#5467,.F.);
#5467 = EDGE_CURVE('',#1171,#5440,#5468,.T.);
#5468 = SURFACE_CURVE('',#5469,(#5473,#5480),.PCURVE_S1.);
#5469 = LINE('',#5470,#5471);
#5470 = CARTESIAN_POINT('',(5.7216796875,-18.,6.55634765625));
#5471 = VECTOR('',#5472,1.);
#5472 = DIRECTION('',(0.,-1.,0.));
#5473 = PCURVE('',#1186,#5474);
#5474 = DEFINITIONAL_REPRESENTATION('',(#5475),#5479);
#5475 = LINE('',#5476,#5477);
#5476 = CARTESIAN_POINT('',(0.98363891207,0.));
#5477 = VECTOR('',#5478,1.);
#5478 = DIRECTION('',(0.,-1.));
#5479 = ( GEOMETRIC_REPRESENTATION_CONTEXT(2) 
PARAMETRIC_REPRESENTATION_CONTEXT() REPRESENTATION_CONTEXT('2D SPACE',''
  ) );
#5480 = PCURVE('',#1380,#5481);
#5481 = DEFINITIONAL_REPRESENTATION('',(#5482),#5486);
#5482 = LINE('',#5483,#5484);
#5483 = CARTESIAN_POINT('',(0.,-0.));
#5484 = VECTOR('',#5485,1.);
#5485 = DIRECTION('',(0.,-1.));
#5486 = ( GEOMETRIC_REPRESENTATION_CONTEXT(2) 
PARAMETRIC_REPRESENTATION_CONTEXT() REPRESENTATION_CONTEXT('2D SPACE',''
  ) );
#5487 = ORIENTED_EDGE('',*,*,#1168,.F.);
#5488 = ADVANCED_FACE('',(#5489),#1380,.T.);
#5489 = FACE_BOUND('',#5490,.T.);
#5490 = EDGE_LOOP('',(#5491,#5492,#5515,#5536));
#5491 = ORIENTED_EDGE('',*,*,#5467,.T.);
#5492 = ORIENTED_EDGE('',*,*,#5493,.T.);
#5493 = EDGE_CURVE('',#5440,#5494,#5496,.T.);
#5494 = VERTEX_POINT('',#5495);
#5495 = CARTESIAN_POINT('',(3.6640625,-18.6,6.55634765625));
#5496 = SURFACE_CURVE('',#5497,(#5501,#5508),.PCURVE_S1.);
#5497 = LINE('',#5498,#5499);
#5498 = CARTESIAN_POINT('',(5.7216796875,-18.6,6.55634765625));
#5499 = VECTOR('',#5500,1.);
#5500 = DIRECTION('',(-1.,0.,0.));
#5501 = PCURVE('',#1380,#5502);
#5502 = DEFINITIONAL_REPRESENTATION('',(#5503),#5507);
#5503 = LINE('',#5504,#5505);
#5504 = CARTESIAN_POINT('',(0.,-0.6));
#5505 = VECTOR('',#5506,1.);
#5506 = DIRECTION('',(1.,0.));
#5507 = ( GEOMETRIC_REPRESENTATION_CONTEXT(2) 
PARAMETRIC_REPRESENTATION_CONTEXT() REPRESENTATION_CONTEXT('2D SPACE',''
  ) );
#5508 = PCURVE('',#5455,#5509);
#5509 = DEFINITIONAL_REPRESENTATION('',(#5510),#5514);
#5510 = LINE('',#5511,#5512);
#5511 = CARTESIAN_POINT('',(3.7392578125,0.9296875));
#5512 = VECTOR('',#5513,1.);
#5513 = DIRECTION('',(-1.,0.));
#5514 = ( GEOMETRIC_REPRESENTATION_CONTEXT(2) 
PARAMETRIC_REPRESENTATION_CONTEXT() REPRESENTATION_CONTEXT('2D SPACE',''
  ) );
#5515 = ORIENTED_EDGE('',*,*,#5516,.F.);
#5516 = EDGE_CURVE('',#1339,#5494,#5517,.T.);
#5517 = SURFACE_CURVE('',#5518,(#5522,#5529),.PCURVE_S1.);
#5518 = LINE('',#5519,#5520);
#5519 = CARTESIAN_POINT('',(3.6640625,-18.,6.55634765625));
#5520 = VECTOR('',#5521,1.);
#5521 = DIRECTION('',(0.,-1.,0.));
#5522 = PCURVE('',#1380,#5523);
#5523 = DEFINITIONAL_REPRESENTATION('',(#5524),#5528);
#5524 = LINE('',#5525,#5526);
#5525 = CARTESIAN_POINT('',(2.0576171875,0.));
#5526 = VECTOR('',#5527,1.);
#5527 = DIRECTION('',(0.,-1.));
#5528 = ( GEOMETRIC_REPRESENTATION_CONTEXT(2) 
PARAMETRIC_REPRESENTATION_CONTEXT() REPRESENTATION_CONTEXT('2D SPACE',''
  ) );
#5529 = PCURVE('',#1354,#5530);
#5530 = DEFINITIONAL_REPRESENTATION('',(#5531),#5535);
#5531 = LINE('',#5532,#5533);
#5532 = CARTESIAN_POINT('',(0.,0.));
#5533 = VECTOR('',#5534,1.);
#5534 = DIRECTION('',(0.,-1.));
#5535 = ( GEOMETRIC_REPRESENTATION_CONTEXT(2) 
PARAMETRIC_REPRESENTATION_CONTEXT() REPRESENTATION_CONTEXT('2D SPACE',''
  ) );
#5536 = ORIENTED_EDGE('',*,*,#1366,.F.);
#5537 = ADVANCED_FACE('',(#5538),#1354,.T.);
#5538 = FACE_BOUND('',#5539,.T.);
#5539 = EDGE_LOOP('',(#5540,#5541,#5564,#5585));
#5540 = ORIENTED_EDGE('',*,*,#5516,.T.);
#5541 = ORIENTED_EDGE('',*,*,#5542,.T.);
#5542 = EDGE_CURVE('',#5494,#5543,#5545,.T.);
#5543 = VERTEX_POINT('',#5544);
#5544 = CARTESIAN_POINT('',(3.33935546875,-18.6,5.62666015625));
#5545 = SURFACE_CURVE('',#5546,(#5550,#5557),.PCURVE_S1.);
#5546 = LINE('',#5547,#5548);
#5547 = CARTESIAN_POINT('',(3.6640625,-18.6,6.55634765625));
#5548 = VECTOR('',#5549,1.);
#5549 = DIRECTION('',(-0.32973193734,-0.,-0.944074599541));
#5550 = PCURVE('',#1354,#5551);
#5551 = DEFINITIONAL_REPRESENTATION('',(#5552),#5556);
#5552 = LINE('',#5553,#5554);
#5553 = CARTESIAN_POINT('',(0.,-0.6));
#5554 = VECTOR('',#5555,1.);
#5555 = DIRECTION('',(1.,0.));
#5556 = ( GEOMETRIC_REPRESENTATION_CONTEXT(2) 
PARAMETRIC_REPRESENTATION_CONTEXT() REPRESENTATION_CONTEXT('2D SPACE',''
  ) );
#5557 = PCURVE('',#5455,#5558);
#5558 = DEFINITIONAL_REPRESENTATION('',(#5559),#5563);
#5559 = LINE('',#5560,#5561);
#5560 = CARTESIAN_POINT('',(1.681640625,0.9296875));
#5561 = VECTOR('',#5562,1.);
#5562 = DIRECTION('',(-0.32973193734,-0.944074599541));
#5563 = ( GEOMETRIC_REPRESENTATION_CONTEXT(2) 
PARAMETRIC_REPRESENTATION_CONTEXT() REPRESENTATION_CONTEXT('2D SPACE',''
  ) );
#5564 = ORIENTED_EDGE('',*,*,#5565,.F.);
#5565 = EDGE_CURVE('',#1311,#5543,#5566,.T.);
#5566 = SURFACE_CURVE('',#5567,(#5571,#5578),.PCURVE_S1.);
#5567 = LINE('',#5568,#5569);
#5568 = CARTESIAN_POINT('',(3.33935546875,-18.,5.62666015625));
#5569 = VECTOR('',#5570,1.);
#5570 = DIRECTION('',(0.,-1.,0.));
#5571 = PCURVE('',#1354,#5572);
#5572 = DEFINITIONAL_REPRESENTATION('',(#5573),#5577);
#5573 = LINE('',#5574,#5575);
#5574 = CARTESIAN_POINT('',(0.984760632743,0.));
#5575 = VECTOR('',#5576,1.);
#5576 = DIRECTION('',(0.,-1.));
#5577 = ( GEOMETRIC_REPRESENTATION_CONTEXT(2) 
PARAMETRIC_REPRESENTATION_CONTEXT() REPRESENTATION_CONTEXT('2D SPACE',''
  ) );
#5578 = PCURVE('',#1326,#5579);
#5579 = DEFINITIONAL_REPRESENTATION('',(#5580),#5584);
#5580 = LINE('',#5581,#5582);
#5581 = CARTESIAN_POINT('',(0.,-0.));
#5582 = VECTOR('',#5583,1.);
#5583 = DIRECTION('',(0.,-1.));
#5584 = ( GEOMETRIC_REPRESENTATION_CONTEXT(2) 
PARAMETRIC_REPRESENTATION_CONTEXT() REPRESENTATION_CONTEXT('2D SPACE',''
  ) );
#5585 = ORIENTED_EDGE('',*,*,#1338,.F.);
#5586 = ADVANCED_FACE('',(#5587),#1326,.T.);
#5587 = FACE_BOUND('',#5588,.T.);
#5588 = EDGE_LOOP('',(#5589,#5590,#5613,#5634));
#5589 = ORIENTED_EDGE('',*,*,#5565,.T.);
#5590 = ORIENTED_EDGE('',*,*,#5591,.T.);
#5591 = EDGE_CURVE('',#5543,#5592,#5594,.T.);
#5592 = VERTEX_POINT('',#5593);
#5593 = CARTESIAN_POINT('',(2.0166015625,-18.6,5.62666015625));
#5594 = SURFACE_CURVE('',#5595,(#5599,#5606),.PCURVE_S1.);
#5595 = LINE('',#5596,#5597);
#5596 = CARTESIAN_POINT('',(3.33935546875,-18.6,5.62666015625));
#5597 = VECTOR('',#5598,1.);
#5598 = DIRECTION('',(-1.,0.,0.));
#5599 = PCURVE('',#1326,#5600);
#5600 = DEFINITIONAL_REPRESENTATION('',(#5601),#5605);
#5601 = LINE('',#5602,#5603);
#5602 = CARTESIAN_POINT('',(0.,-0.6));
#5603 = VECTOR('',#5604,1.);
#5604 = DIRECTION('',(1.,0.));
#5605 = ( GEOMETRIC_REPRESENTATION_CONTEXT(2) 
PARAMETRIC_REPRESENTATION_CONTEXT() REPRESENTATION_CONTEXT('2D SPACE',''
  ) );
#5606 = PCURVE('',#5455,#5607);
#5607 = DEFINITIONAL_REPRESENTATION('',(#5608),#5612);
#5608 = LINE('',#5609,#5610);
#5609 = CARTESIAN_POINT('',(1.35693359375,0.));
#5610 = VECTOR('',#5611,1.);
#5611 = DIRECTION('',(-1.,0.));
#5612 = ( GEOMETRIC_REPRESENTATION_CONTEXT(2) 
PARAMETRIC_REPRESENTATION_CONTEXT() REPRESENTATION_CONTEXT('2D SPACE',''
  ) );
#5613 = ORIENTED_EDGE('',*,*,#5614,.F.);
#5614 = EDGE_CURVE('',#1283,#5592,#5615,.T.);
#5615 = SURFACE_CURVE('',#5616,(#5620,#5627),.PCURVE_S1.);
#5616 = LINE('',#5617,#5618);
#5617 = CARTESIAN_POINT('',(2.0166015625,-18.,5.62666015625));
#5618 = VECTOR('',#5619,1.);
#5619 = DIRECTION('',(0.,-1.,0.));
#5620 = PCURVE('',#1326,#5621);
#5621 = DEFINITIONAL_REPRESENTATION('',(#5622),#5626);
#5622 = LINE('',#5623,#5624);
#5623 = CARTESIAN_POINT('',(1.32275390625,0.));
#5624 = VECTOR('',#5625,1.);
#5625 = DIRECTION('',(0.,-1.));
#5626 = ( GEOMETRIC_REPRESENTATION_CONTEXT(2) 
PARAMETRIC_REPRESENTATION_CONTEXT() REPRESENTATION_CONTEXT('2D SPACE',''
  ) );
#5627 = PCURVE('',#1298,#5628);
#5628 = DEFINITIONAL_REPRESENTATION('',(#5629),#5633);
#5629 = LINE('',#5630,#5631);
#5630 = CARTESIAN_POINT('',(0.,0.));
#5631 = VECTOR('',#5632,1.);
#5632 = DIRECTION('',(0.,-1.));
#5633 = ( GEOMETRIC_REPRESENTATION_CONTEXT(2) 
PARAMETRIC_REPRESENTATION_CONTEXT() REPRESENTATION_CONTEXT('2D SPACE',''
  ) );
#5634 = ORIENTED_EDGE('',*,*,#1310,.F.);
#5635 = ADVANCED_FACE('',(#5636),#1298,.T.);
#5636 = FACE_BOUND('',#5637,.T.);
#5637 = EDGE_LOOP('',(#5638,#5639,#5662,#5683));
#5638 = ORIENTED_EDGE('',*,*,#5614,.T.);
#5639 = ORIENTED_EDGE('',*,*,#5640,.T.);
#5640 = EDGE_CURVE('',#5592,#5641,#5643,.T.);
#5641 = VERTEX_POINT('',#5642);
#5642 = CARTESIAN_POINT('',(3.90673828125,-18.6,10.7296875));
#5643 = SURFACE_CURVE('',#5644,(#5648,#5655),.PCURVE_S1.);
#5644 = LINE('',#5645,#5646);
#5645 = CARTESIAN_POINT('',(2.0166015625,-18.6,5.62666015625));
#5646 = VECTOR('',#5647,1.);
#5647 = DIRECTION('',(0.347334812292,0.,0.937741184));
#5648 = PCURVE('',#1298,#5649);
#5649 = DEFINITIONAL_REPRESENTATION('',(#5650),#5654);
#5650 = LINE('',#5651,#5652);
#5651 = CARTESIAN_POINT('',(0.,-0.6));
#5652 = VECTOR('',#5653,1.);
#5653 = DIRECTION('',(1.,0.));
#5654 = ( GEOMETRIC_REPRESENTATION_CONTEXT(2) 
PARAMETRIC_REPRESENTATION_CONTEXT() REPRESENTATION_CONTEXT('2D SPACE',''
  ) );
#5655 = PCURVE('',#5455,#5656);
#5656 = DEFINITIONAL_REPRESENTATION('',(#5657),#5661);
#5657 = LINE('',#5658,#5659);
#5658 = CARTESIAN_POINT('',(3.41796875E-02,0.));
#5659 = VECTOR('',#5660,1.);
#5660 = DIRECTION('',(0.347334812292,0.937741184));
#5661 = ( GEOMETRIC_REPRESENTATION_CONTEXT(2) 
PARAMETRIC_REPRESENTATION_CONTEXT() REPRESENTATION_CONTEXT('2D SPACE',''
  ) );
#5662 = ORIENTED_EDGE('',*,*,#5663,.F.);
#5663 = EDGE_CURVE('',#1255,#5641,#5664,.T.);
#5664 = SURFACE_CURVE('',#5665,(#5669,#5676),.PCURVE_S1.);
#5665 = LINE('',#5666,#5667);
#5666 = CARTESIAN_POINT('',(3.90673828125,-18.,10.7296875));
#5667 = VECTOR('',#5668,1.);
#5668 = DIRECTION('',(0.,-1.,0.));
#5669 = PCURVE('',#1298,#5670);
#5670 = DEFINITIONAL_REPRESENTATION('',(#5671),#5675);
#5671 = LINE('',#5672,#5673);
#5672 = CARTESIAN_POINT('',(5.441829185727,0.));
#5673 = VECTOR('',#5674,1.);
#5674 = DIRECTION('',(0.,-1.));
#5675 = ( GEOMETRIC_REPRESENTATION_CONTEXT(2) 
PARAMETRIC_REPRESENTATION_CONTEXT() REPRESENTATION_CONTEXT('2D SPACE',''
  ) );
#5676 = PCURVE('',#1270,#5677);
#5677 = DEFINITIONAL_REPRESENTATION('',(#5678),#5682);
#5678 = LINE('',#5679,#5680);
#5679 = CARTESIAN_POINT('',(0.,0.));
#5680 = VECTOR('',#5681,1.);
#5681 = DIRECTION('',(0.,-1.));
#5682 = ( GEOMETRIC_REPRESENTATION_CONTEXT(2) 
PARAMETRIC_REPRESENTATION_CONTEXT() REPRESENTATION_CONTEXT('2D SPACE',''
  ) );
#5683 = ORIENTED_EDGE('',*,*,#1282,.F.);
#5684 = ADVANCED_FACE('',(#5685),#1270,.T.);
#5685 = FACE_BOUND('',#5686,.T.);
#5686 = EDGE_LOOP('',(#5687,#5688,#5711,#5732));
#5687 = ORIENTED_EDGE('',*,*,#5663,.T.);
#5688 = ORIENTED_EDGE('',*,*,#5689,.T.);
#5689 = EDGE_CURVE('',#5641,#5690,#5692,.T.);
#5690 = VERTEX_POINT('',#5691);
#5691 = CARTESIAN_POINT('',(5.4755859375,-18.6,10.7296875));
#5692 = SURFACE_CURVE('',#5693,(#5697,#5704),.PCURVE_S1.);
#5693 = LINE('',#5694,#5695);
#5694 = CARTESIAN_POINT('',(3.90673828125,-18.6,10.7296875));
#5695 = VECTOR('',#5696,1.);
#5696 = DIRECTION('',(1.,0.,0.));
#5697 = PCURVE('',#1270,#5698);
#5698 = DEFINITIONAL_REPRESENTATION('',(#5699),#5703);
#5699 = LINE('',#5700,#5701);
#5700 = CARTESIAN_POINT('',(0.,-0.6));
#5701 = VECTOR('',#5702,1.);
#5702 = DIRECTION('',(1.,0.));
#5703 = ( GEOMETRIC_REPRESENTATION_CONTEXT(2) 
PARAMETRIC_REPRESENTATION_CONTEXT() REPRESENTATION_CONTEXT('2D SPACE',''
  ) );
#5704 = PCURVE('',#5455,#5705);
#5705 = DEFINITIONAL_REPRESENTATION('',(#5706),#5710);
#5706 = LINE('',#5707,#5708);
#5707 = CARTESIAN_POINT('',(1.92431640625,5.10302734375));
#5708 = VECTOR('',#5709,1.);
#5709 = DIRECTION('',(1.,0.));
#5710 = ( GEOMETRIC_REPRESENTATION_CONTEXT(2) 
PARAMETRIC_REPRESENTATION_CONTEXT() REPRESENTATION_CONTEXT('2D SPACE',''
  ) );
#5711 = ORIENTED_EDGE('',*,*,#5712,.F.);
#5712 = EDGE_CURVE('',#1227,#5690,#5713,.T.);
#5713 = SURFACE_CURVE('',#5714,(#5718,#5725),.PCURVE_S1.);
#5714 = LINE('',#5715,#5716);
#5715 = CARTESIAN_POINT('',(5.4755859375,-18.,10.7296875));
#5716 = VECTOR('',#5717,1.);
#5717 = DIRECTION('',(0.,-1.,0.));
#5718 = PCURVE('',#1270,#5719);
#5719 = DEFINITIONAL_REPRESENTATION('',(#5720),#5724);
#5720 = LINE('',#5721,#5722);
#5721 = CARTESIAN_POINT('',(1.56884765625,0.));
#5722 = VECTOR('',#5723,1.);
#5723 = DIRECTION('',(0.,-1.));
#5724 = ( GEOMETRIC_REPRESENTATION_CONTEXT(2) 
PARAMETRIC_REPRESENTATION_CONTEXT() REPRESENTATION_CONTEXT('2D SPACE',''
  ) );
#5725 = PCURVE('',#1242,#5726);
#5726 = DEFINITIONAL_REPRESENTATION('',(#5727),#5731);
#5727 = LINE('',#5728,#5729);
#5728 = CARTESIAN_POINT('',(0.,0.));
#5729 = VECTOR('',#5730,1.);
#5730 = DIRECTION('',(0.,-1.));
#5731 = ( GEOMETRIC_REPRESENTATION_CONTEXT(2) 
PARAMETRIC_REPRESENTATION_CONTEXT() REPRESENTATION_CONTEXT('2D SPACE',''
  ) );
#5732 = ORIENTED_EDGE('',*,*,#1254,.F.);
#5733 = ADVANCED_FACE('',(#5734),#1242,.T.);
#5734 = FACE_BOUND('',#5735,.T.);
#5735 = EDGE_LOOP('',(#5736,#5737,#5760,#5781));
#5736 = ORIENTED_EDGE('',*,*,#5712,.T.);
#5737 = ORIENTED_EDGE('',*,*,#5738,.T.);
#5738 = EDGE_CURVE('',#5690,#5739,#5741,.T.);
#5739 = VERTEX_POINT('',#5740);
#5740 = CARTESIAN_POINT('',(7.36572265625,-18.6,5.62666015625));
#5741 = SURFACE_CURVE('',#5742,(#5746,#5753),.PCURVE_S1.);
#5742 = LINE('',#5743,#5744);
#5743 = CARTESIAN_POINT('',(5.4755859375,-18.6,10.7296875));
#5744 = VECTOR('',#5745,1.);
#5745 = DIRECTION('',(0.347334812292,0.,-0.937741184));
#5746 = PCURVE('',#1242,#5747);
#5747 = DEFINITIONAL_REPRESENTATION('',(#5748),#5752);
#5748 = LINE('',#5749,#5750);
#5749 = CARTESIAN_POINT('',(0.,-0.6));
#5750 = VECTOR('',#5751,1.);
#5751 = DIRECTION('',(1.,0.));
#5752 = ( GEOMETRIC_REPRESENTATION_CONTEXT(2) 
PARAMETRIC_REPRESENTATION_CONTEXT() REPRESENTATION_CONTEXT('2D SPACE',''
  ) );
#5753 = PCURVE('',#5455,#5754);
#5754 = DEFINITIONAL_REPRESENTATION('',(#5755),#5759);
#5755 = LINE('',#5756,#5757);
#5756 = CARTESIAN_POINT('',(3.4931640625,5.10302734375));
#5757 = VECTOR('',#5758,1.);
#5758 = DIRECTION('',(0.347334812292,-0.937741184));
#5759 = ( GEOMETRIC_REPRESENTATION_CONTEXT(2) 
PARAMETRIC_REPRESENTATION_CONTEXT() REPRESENTATION_CONTEXT('2D SPACE',''
  ) );
#5760 = ORIENTED_EDGE('',*,*,#5761,.F.);
#5761 = EDGE_CURVE('',#1199,#5739,#5762,.T.);
#5762 = SURFACE_CURVE('',#5763,(#5767,#5774),.PCURVE_S1.);
#5763 = LINE('',#5764,#5765);
#5764 = CARTESIAN_POINT('',(7.36572265625,-18.,5.62666015625));
#5765 = VECTOR('',#5766,1.);
#5766 = DIRECTION('',(0.,-1.,0.));
#5767 = PCURVE('',#1242,#5768);
#5768 = DEFINITIONAL_REPRESENTATION('',(#5769),#5773);
#5769 = LINE('',#5770,#5771);
#5770 = CARTESIAN_POINT('',(5.441829185727,0.));
#5771 = VECTOR('',#5772,1.);
#5772 = DIRECTION('',(0.,-1.));
#5773 = ( GEOMETRIC_REPRESENTATION_CONTEXT(2) 
PARAMETRIC_REPRESENTATION_CONTEXT() REPRESENTATION_CONTEXT('2D SPACE',''
  ) );
#5774 = PCURVE('',#1214,#5775);
#5775 = DEFINITIONAL_REPRESENTATION('',(#5776),#5780);
#5776 = LINE('',#5777,#5778);
#5777 = CARTESIAN_POINT('',(0.,-0.));
#5778 = VECTOR('',#5779,1.);
#5779 = DIRECTION('',(0.,-1.));
#5780 = ( GEOMETRIC_REPRESENTATION_CONTEXT(2) 
PARAMETRIC_REPRESENTATION_CONTEXT() REPRESENTATION_CONTEXT('2D SPACE',''
  ) );
#5781 = ORIENTED_EDGE('',*,*,#1226,.F.);
#5782 = ADVANCED_FACE('',(#5783),#1214,.T.);
#5783 = FACE_BOUND('',#5784,.T.);
#5784 = EDGE_LOOP('',(#5785,#5786,#5807,#5808));
#5785 = ORIENTED_EDGE('',*,*,#5761,.T.);
#5786 = ORIENTED_EDGE('',*,*,#5787,.T.);
#5787 = EDGE_CURVE('',#5739,#5417,#5788,.T.);
#5788 = SURFACE_CURVE('',#5789,(#5793,#5800),.PCURVE_S1.);
#5789 = LINE('',#5790,#5791);
#5790 = CARTESIAN_POINT('',(7.36572265625,-18.6,5.62666015625));
#5791 = VECTOR('',#5792,1.);
#5792 = DIRECTION('',(-1.,0.,0.));
#5793 = PCURVE('',#1214,#5794);
#5794 = DEFINITIONAL_REPRESENTATION('',(#5795),#5799);
#5795 = LINE('',#5796,#5797);
#5796 = CARTESIAN_POINT('',(0.,-0.6));
#5797 = VECTOR('',#5798,1.);
#5798 = DIRECTION('',(1.,0.));
#5799 = ( GEOMETRIC_REPRESENTATION_CONTEXT(2) 
PARAMETRIC_REPRESENTATION_CONTEXT() REPRESENTATION_CONTEXT('2D SPACE',''
  ) );
#5800 = PCURVE('',#5455,#5801);
#5801 = DEFINITIONAL_REPRESENTATION('',(#5802),#5806);
#5802 = LINE('',#5803,#5804);
#5803 = CARTESIAN_POINT('',(5.38330078125,0.));
#5804 = VECTOR('',#5805,1.);
#5805 = DIRECTION('',(-1.,0.));
#5806 = ( GEOMETRIC_REPRESENTATION_CONTEXT(2) 
PARAMETRIC_REPRESENTATION_CONTEXT() REPRESENTATION_CONTEXT('2D SPACE',''
  ) );
#5807 = ORIENTED_EDGE('',*,*,#5416,.F.);
#5808 = ORIENTED_EDGE('',*,*,#1198,.F.);
#5809 = ADVANCED_FACE('',(#5810),#1412,.T.);
#5810 = FACE_BOUND('',#5811,.T.);
#5811 = EDGE_LOOP('',(#5812,#5835,#5863,#5884));
#5812 = ORIENTED_EDGE('',*,*,#5813,.T.);
#5813 = EDGE_CURVE('',#1395,#5814,#5816,.T.);
#5814 = VERTEX_POINT('',#5815);
#5815 = CARTESIAN_POINT('',(-1.83544921875,-18.6,5.62666015625));
#5816 = SURFACE_CURVE('',#5817,(#5821,#5828),.PCURVE_S1.);
#5817 = LINE('',#5818,#5819);
#5818 = CARTESIAN_POINT('',(-1.83544921875,-18.,5.62666015625));
#5819 = VECTOR('',#5820,1.);
#5820 = DIRECTION('',(0.,-1.,0.));
#5821 = PCURVE('',#1412,#5822);
#5822 = DEFINITIONAL_REPRESENTATION('',(#5823),#5827);
#5823 = LINE('',#5824,#5825);
#5824 = CARTESIAN_POINT('',(0.,0.));
#5825 = VECTOR('',#5826,1.);
#5826 = DIRECTION('',(0.,-1.));
#5827 = ( GEOMETRIC_REPRESENTATION_CONTEXT(2) 
PARAMETRIC_REPRESENTATION_CONTEXT() REPRESENTATION_CONTEXT('2D SPACE',''
  ) );
#5828 = PCURVE('',#1440,#5829);
#5829 = DEFINITIONAL_REPRESENTATION('',(#5830),#5834);
#5830 = LINE('',#5831,#5832);
#5831 = CARTESIAN_POINT('',(3.62646484375,0.));
#5832 = VECTOR('',#5833,1.);
#5833 = DIRECTION('',(0.,-1.));
#5834 = ( GEOMETRIC_REPRESENTATION_CONTEXT(2) 
PARAMETRIC_REPRESENTATION_CONTEXT() REPRESENTATION_CONTEXT('2D SPACE',''
  ) );
#5835 = ORIENTED_EDGE('',*,*,#5836,.T.);
#5836 = EDGE_CURVE('',#5814,#5837,#5839,.T.);
#5837 = VERTEX_POINT('',#5838);
#5838 = CARTESIAN_POINT('',(-1.83544921875,-18.6,10.7296875));
#5839 = SURFACE_CURVE('',#5840,(#5844,#5851),.PCURVE_S1.);
#5840 = LINE('',#5841,#5842);
#5841 = CARTESIAN_POINT('',(-1.83544921875,-18.6,5.62666015625));
#5842 = VECTOR('',#5843,1.);
#5843 = DIRECTION('',(0.,0.,1.));
#5844 = PCURVE('',#1412,#5845);
#5845 = DEFINITIONAL_REPRESENTATION('',(#5846),#5850);
#5846 = LINE('',#5847,#5848);
#5847 = CARTESIAN_POINT('',(0.,-0.6));
#5848 = VECTOR('',#5849,1.);
#5849 = DIRECTION('',(1.,0.));
#5850 = ( GEOMETRIC_REPRESENTATION_CONTEXT(2) 
PARAMETRIC_REPRESENTATION_CONTEXT() REPRESENTATION_CONTEXT('2D SPACE',''
  ) );
#5851 = PCURVE('',#5852,#5857);
#5852 = PLANE('',#5853);
#5853 = AXIS2_PLACEMENT_3D('',#5854,#5855,#5856);
#5854 = CARTESIAN_POINT('',(-2.47802734375,-18.6,5.62666015625));
#5855 = DIRECTION('',(0.,-1.,0.));
#5856 = DIRECTION('',(1.,0.,0.));
#5857 = DEFINITIONAL_REPRESENTATION('',(#5858),#5862);
#5858 = LINE('',#5859,#5860);
#5859 = CARTESIAN_POINT('',(0.642578125,0.));
#5860 = VECTOR('',#5861,1.);
#5861 = DIRECTION('',(0.,1.));
#5862 = ( GEOMETRIC_REPRESENTATION_CONTEXT(2) 
PARAMETRIC_REPRESENTATION_CONTEXT() REPRESENTATION_CONTEXT('2D SPACE',''
  ) );
#5863 = ORIENTED_EDGE('',*,*,#5864,.F.);
#5864 = EDGE_CURVE('',#1397,#5837,#5865,.T.);
#5865 = SURFACE_CURVE('',#5866,(#5870,#5877),.PCURVE_S1.);
#5866 = LINE('',#5867,#5868);
#5867 = CARTESIAN_POINT('',(-1.83544921875,-18.,10.7296875));
#5868 = VECTOR('',#5869,1.);
#5869 = DIRECTION('',(0.,-1.,0.));
#5870 = PCURVE('',#1412,#5871);
#5871 = DEFINITIONAL_REPRESENTATION('',(#5872),#5876);
#5872 = LINE('',#5873,#5874);
#5873 = CARTESIAN_POINT('',(5.10302734375,0.));
#5874 = VECTOR('',#5875,1.);
#5875 = DIRECTION('',(0.,-1.));
#5876 = ( GEOMETRIC_REPRESENTATION_CONTEXT(2) 
PARAMETRIC_REPRESENTATION_CONTEXT() REPRESENTATION_CONTEXT('2D SPACE',''
  ) );
#5877 = PCURVE('',#1550,#5878);
#5878 = DEFINITIONAL_REPRESENTATION('',(#5879),#5883);
#5879 = LINE('',#5880,#5881);
#5880 = CARTESIAN_POINT('',(0.,0.));
#5881 = VECTOR('',#5882,1.);
#5882 = DIRECTION('',(0.,-1.));
#5883 = ( GEOMETRIC_REPRESENTATION_CONTEXT(2) 
PARAMETRIC_REPRESENTATION_CONTEXT() REPRESENTATION_CONTEXT('2D SPACE',''
  ) );
#5884 = ORIENTED_EDGE('',*,*,#1394,.F.);
#5885 = ADVANCED_FACE('',(#5886),#1550,.T.);
#5886 = FACE_BOUND('',#5887,.T.);
#5887 = EDGE_LOOP('',(#5888,#5889,#5912,#5933));
#5888 = ORIENTED_EDGE('',*,*,#5864,.T.);
#5889 = ORIENTED_EDGE('',*,*,#5890,.T.);
#5890 = EDGE_CURVE('',#5837,#5891,#5893,.T.);
#5891 = VERTEX_POINT('',#5892);
#5892 = CARTESIAN_POINT('',(-0.51953125,-18.6,10.7296875));
#5893 = SURFACE_CURVE('',#5894,(#5898,#5905),.PCURVE_S1.);
#5894 = LINE('',#5895,#5896);
#5895 = CARTESIAN_POINT('',(-1.83544921875,-18.6,10.7296875));
#5896 = VECTOR('',#5897,1.);
#5897 = DIRECTION('',(1.,0.,0.));
#5898 = PCURVE('',#1550,#5899);
#5899 = DEFINITIONAL_REPRESENTATION('',(#5900),#5904);
#5900 = LINE('',#5901,#5902);
#5901 = CARTESIAN_POINT('',(0.,-0.6));
#5902 = VECTOR('',#5903,1.);
#5903 = DIRECTION('',(1.,0.));
#5904 = ( GEOMETRIC_REPRESENTATION_CONTEXT(2) 
PARAMETRIC_REPRESENTATION_CONTEXT() REPRESENTATION_CONTEXT('2D SPACE',''
  ) );
#5905 = PCURVE('',#5852,#5906);
#5906 = DEFINITIONAL_REPRESENTATION('',(#5907),#5911);
#5907 = LINE('',#5908,#5909);
#5908 = CARTESIAN_POINT('',(0.642578125,5.10302734375));
#5909 = VECTOR('',#5910,1.);
#5910 = DIRECTION('',(1.,0.));
#5911 = ( GEOMETRIC_REPRESENTATION_CONTEXT(2) 
PARAMETRIC_REPRESENTATION_CONTEXT() REPRESENTATION_CONTEXT('2D SPACE',''
  ) );
#5912 = ORIENTED_EDGE('',*,*,#5913,.F.);
#5913 = EDGE_CURVE('',#1509,#5891,#5914,.T.);
#5914 = SURFACE_CURVE('',#5915,(#5919,#5926),.PCURVE_S1.);
#5915 = LINE('',#5916,#5917);
#5916 = CARTESIAN_POINT('',(-0.51953125,-18.,10.7296875));
#5917 = VECTOR('',#5918,1.);
#5918 = DIRECTION('',(0.,-1.,0.));
#5919 = PCURVE('',#1550,#5920);
#5920 = DEFINITIONAL_REPRESENTATION('',(#5921),#5925);
#5921 = LINE('',#5922,#5923);
#5922 = CARTESIAN_POINT('',(1.31591796875,0.));
#5923 = VECTOR('',#5924,1.);
#5924 = DIRECTION('',(0.,-1.));
#5925 = ( GEOMETRIC_REPRESENTATION_CONTEXT(2) 
PARAMETRIC_REPRESENTATION_CONTEXT() REPRESENTATION_CONTEXT('2D SPACE',''
  ) );
#5926 = PCURVE('',#1524,#5927);
#5927 = DEFINITIONAL_REPRESENTATION('',(#5928),#5932);
#5928 = LINE('',#5929,#5930);
#5929 = CARTESIAN_POINT('',(0.,0.));
#5930 = VECTOR('',#5931,1.);
#5931 = DIRECTION('',(0.,-1.));
#5932 = ( GEOMETRIC_REPRESENTATION_CONTEXT(2) 
PARAMETRIC_REPRESENTATION_CONTEXT() REPRESENTATION_CONTEXT('2D SPACE',''
  ) );
#5933 = ORIENTED_EDGE('',*,*,#1536,.F.);
#5934 = ADVANCED_FACE('',(#5935),#1524,.T.);
#5935 = FACE_BOUND('',#5936,.T.);
#5936 = EDGE_LOOP('',(#5937,#5938,#5961,#5982));
#5937 = ORIENTED_EDGE('',*,*,#5913,.T.);
#5938 = ORIENTED_EDGE('',*,*,#5939,.T.);
#5939 = EDGE_CURVE('',#5891,#5940,#5942,.T.);
#5940 = VERTEX_POINT('',#5941);
#5941 = CARTESIAN_POINT('',(-0.51953125,-18.6,6.6212890625));
#5942 = SURFACE_CURVE('',#5943,(#5947,#5954),.PCURVE_S1.);
#5943 = LINE('',#5944,#5945);
#5944 = CARTESIAN_POINT('',(-0.51953125,-18.6,10.7296875));
#5945 = VECTOR('',#5946,1.);
#5946 = DIRECTION('',(0.,0.,-1.));
#5947 = PCURVE('',#1524,#5948);
#5948 = DEFINITIONAL_REPRESENTATION('',(#5949),#5953);
#5949 = LINE('',#5950,#5951);
#5950 = CARTESIAN_POINT('',(0.,-0.6));
#5951 = VECTOR('',#5952,1.);
#5952 = DIRECTION('',(1.,0.));
#5953 = ( GEOMETRIC_REPRESENTATION_CONTEXT(2) 
PARAMETRIC_REPRESENTATION_CONTEXT() REPRESENTATION_CONTEXT('2D SPACE',''
  ) );
#5954 = PCURVE('',#5852,#5955);
#5955 = DEFINITIONAL_REPRESENTATION('',(#5956),#5960);
#5956 = LINE('',#5957,#5958);
#5957 = CARTESIAN_POINT('',(1.95849609375,5.10302734375));
#5958 = VECTOR('',#5959,1.);
#5959 = DIRECTION('',(0.,-1.));
#5960 = ( GEOMETRIC_REPRESENTATION_CONTEXT(2) 
PARAMETRIC_REPRESENTATION_CONTEXT() REPRESENTATION_CONTEXT('2D SPACE',''
  ) );
#5961 = ORIENTED_EDGE('',*,*,#5962,.F.);
#5962 = EDGE_CURVE('',#1481,#5940,#5963,.T.);
#5963 = SURFACE_CURVE('',#5964,(#5968,#5975),.PCURVE_S1.);
#5964 = LINE('',#5965,#5966);
#5965 = CARTESIAN_POINT('',(-0.51953125,-18.,6.6212890625));
#5966 = VECTOR('',#5967,1.);
#5967 = DIRECTION('',(0.,-1.,0.));
#5968 = PCURVE('',#1524,#5969);
#5969 = DEFINITIONAL_REPRESENTATION('',(#5970),#5974);
#5970 = LINE('',#5971,#5972);
#5971 = CARTESIAN_POINT('',(4.1083984375,0.));
#5972 = VECTOR('',#5973,1.);
#5973 = DIRECTION('',(0.,-1.));
#5974 = ( GEOMETRIC_REPRESENTATION_CONTEXT(2) 
PARAMETRIC_REPRESENTATION_CONTEXT() REPRESENTATION_CONTEXT('2D SPACE',''
  ) );
#5975 = PCURVE('',#1496,#5976);
#5976 = DEFINITIONAL_REPRESENTATION('',(#5977),#5981);
#5977 = LINE('',#5978,#5979);
#5978 = CARTESIAN_POINT('',(0.,0.));
#5979 = VECTOR('',#5980,1.);
#5980 = DIRECTION('',(0.,-1.));
#5981 = ( GEOMETRIC_REPRESENTATION_CONTEXT(2) 
PARAMETRIC_REPRESENTATION_CONTEXT() REPRESENTATION_CONTEXT('2D SPACE',''
  ) );
#5982 = ORIENTED_EDGE('',*,*,#1508,.F.);
#5983 = ADVANCED_FACE('',(#5984),#1496,.T.);
#5984 = FACE_BOUND('',#5985,.T.);
#5985 = EDGE_LOOP('',(#5986,#5987,#6010,#6031));
#5986 = ORIENTED_EDGE('',*,*,#5962,.T.);
#5987 = ORIENTED_EDGE('',*,*,#5988,.T.);
#5988 = EDGE_CURVE('',#5940,#5989,#5991,.T.);
#5989 = VERTEX_POINT('',#5990);
#5990 = CARTESIAN_POINT('',(1.791015625,-18.6,6.6212890625));
#5991 = SURFACE_CURVE('',#5992,(#5996,#6003),.PCURVE_S1.);
#5992 = LINE('',#5993,#5994);
#5993 = CARTESIAN_POINT('',(-0.51953125,-18.6,6.6212890625));
#5994 = VECTOR('',#5995,1.);
#5995 = DIRECTION('',(1.,0.,0.));
#5996 = PCURVE('',#1496,#5997);
#5997 = DEFINITIONAL_REPRESENTATION('',(#5998),#6002);
#5998 = LINE('',#5999,#6000);
#5999 = CARTESIAN_POINT('',(0.,-0.6));
#6000 = VECTOR('',#6001,1.);
#6001 = DIRECTION('',(1.,0.));
#6002 = ( GEOMETRIC_REPRESENTATION_CONTEXT(2) 
PARAMETRIC_REPRESENTATION_CONTEXT() REPRESENTATION_CONTEXT('2D SPACE',''
  ) );
#6003 = PCURVE('',#5852,#6004);
#6004 = DEFINITIONAL_REPRESENTATION('',(#6005),#6009);
#6005 = LINE('',#6006,#6007);
#6006 = CARTESIAN_POINT('',(1.95849609375,0.99462890625));
#6007 = VECTOR('',#6008,1.);
#6008 = DIRECTION('',(1.,0.));
#6009 = ( GEOMETRIC_REPRESENTATION_CONTEXT(2) 
PARAMETRIC_REPRESENTATION_CONTEXT() REPRESENTATION_CONTEXT('2D SPACE',''
  ) );
#6010 = ORIENTED_EDGE('',*,*,#6011,.F.);
#6011 = EDGE_CURVE('',#1453,#5989,#6012,.T.);
#6012 = SURFACE_CURVE('',#6013,(#6017,#6024),.PCURVE_S1.);
#6013 = LINE('',#6014,#6015);
#6014 = CARTESIAN_POINT('',(1.791015625,-18.,6.6212890625));
#6015 = VECTOR('',#6016,1.);
#6016 = DIRECTION('',(0.,-1.,0.));
#6017 = PCURVE('',#1496,#6018);
#6018 = DEFINITIONAL_REPRESENTATION('',(#6019),#6023);
#6019 = LINE('',#6020,#6021);
#6020 = CARTESIAN_POINT('',(2.310546875,0.));
#6021 = VECTOR('',#6022,1.);
#6022 = DIRECTION('',(0.,-1.));
#6023 = ( GEOMETRIC_REPRESENTATION_CONTEXT(2) 
PARAMETRIC_REPRESENTATION_CONTEXT() REPRESENTATION_CONTEXT('2D SPACE',''
  ) );
#6024 = PCURVE('',#1468,#6025);
#6025 = DEFINITIONAL_REPRESENTATION('',(#6026),#6030);
#6026 = LINE('',#6027,#6028);
#6027 = CARTESIAN_POINT('',(0.,0.));
#6028 = VECTOR('',#6029,1.);
#6029 = DIRECTION('',(0.,-1.));
#6030 = ( GEOMETRIC_REPRESENTATION_CONTEXT(2) 
PARAMETRIC_REPRESENTATION_CONTEXT() REPRESENTATION_CONTEXT('2D SPACE',''
  ) );
#6031 = ORIENTED_EDGE('',*,*,#1480,.F.);
#6032 = ADVANCED_FACE('',(#6033),#1468,.T.);
#6033 = FACE_BOUND('',#6034,.T.);
#6034 = EDGE_LOOP('',(#6035,#6036,#6059,#6080));
#6035 = ORIENTED_EDGE('',*,*,#6011,.T.);
#6036 = ORIENTED_EDGE('',*,*,#6037,.T.);
#6037 = EDGE_CURVE('',#5989,#6038,#6040,.T.);
#6038 = VERTEX_POINT('',#6039);
#6039 = CARTESIAN_POINT('',(1.791015625,-18.6,5.62666015625));
#6040 = SURFACE_CURVE('',#6041,(#6045,#6052),.PCURVE_S1.);
#6041 = LINE('',#6042,#6043);
#6042 = CARTESIAN_POINT('',(1.791015625,-18.6,6.6212890625));
#6043 = VECTOR('',#6044,1.);
#6044 = DIRECTION('',(0.,0.,-1.));
#6045 = PCURVE('',#1468,#6046);
#6046 = DEFINITIONAL_REPRESENTATION('',(#6047),#6051);
#6047 = LINE('',#6048,#6049);
#6048 = CARTESIAN_POINT('',(0.,-0.6));
#6049 = VECTOR('',#6050,1.);
#6050 = DIRECTION('',(1.,0.));
#6051 = ( GEOMETRIC_REPRESENTATION_CONTEXT(2) 
PARAMETRIC_REPRESENTATION_CONTEXT() REPRESENTATION_CONTEXT('2D SPACE',''
  ) );
#6052 = PCURVE('',#5852,#6053);
#6053 = DEFINITIONAL_REPRESENTATION('',(#6054),#6058);
#6054 = LINE('',#6055,#6056);
#6055 = CARTESIAN_POINT('',(4.26904296875,0.99462890625));
#6056 = VECTOR('',#6057,1.);
#6057 = DIRECTION('',(0.,-1.));
#6058 = ( GEOMETRIC_REPRESENTATION_CONTEXT(2) 
PARAMETRIC_REPRESENTATION_CONTEXT() REPRESENTATION_CONTEXT('2D SPACE',''
  ) );
#6059 = ORIENTED_EDGE('',*,*,#6060,.F.);
#6060 = EDGE_CURVE('',#1425,#6038,#6061,.T.);
#6061 = SURFACE_CURVE('',#6062,(#6066,#6073),.PCURVE_S1.);
#6062 = LINE('',#6063,#6064);
#6063 = CARTESIAN_POINT('',(1.791015625,-18.,5.62666015625));
#6064 = VECTOR('',#6065,1.);
#6065 = DIRECTION('',(0.,-1.,0.));
#6066 = PCURVE('',#1468,#6067);
#6067 = DEFINITIONAL_REPRESENTATION('',(#6068),#6072);
#6068 = LINE('',#6069,#6070);
#6069 = CARTESIAN_POINT('',(0.99462890625,0.));
#6070 = VECTOR('',#6071,1.);
#6071 = DIRECTION('',(0.,-1.));
#6072 = ( GEOMETRIC_REPRESENTATION_CONTEXT(2) 
PARAMETRIC_REPRESENTATION_CONTEXT() REPRESENTATION_CONTEXT('2D SPACE',''
  ) );
#6073 = PCURVE('',#1440,#6074);
#6074 = DEFINITIONAL_REPRESENTATION('',(#6075),#6079);
#6075 = LINE('',#6076,#6077);
#6076 = CARTESIAN_POINT('',(0.,-0.));
#6077 = VECTOR('',#6078,1.);
#6078 = DIRECTION('',(0.,-1.));
#6079 = ( GEOMETRIC_REPRESENTATION_CONTEXT(2) 
PARAMETRIC_REPRESENTATION_CONTEXT() REPRESENTATION_CONTEXT('2D SPACE',''
  ) );
#6080 = ORIENTED_EDGE('',*,*,#1452,.F.);
#6081 = ADVANCED_FACE('',(#6082),#1440,.T.);
#6082 = FACE_BOUND('',#6083,.T.);
#6083 = EDGE_LOOP('',(#6084,#6085,#6106,#6107));
#6084 = ORIENTED_EDGE('',*,*,#6060,.T.);
#6085 = ORIENTED_EDGE('',*,*,#6086,.T.);
#6086 = EDGE_CURVE('',#6038,#5814,#6087,.T.);
#6087 = SURFACE_CURVE('',#6088,(#6092,#6099),.PCURVE_S1.);
#6088 = LINE('',#6089,#6090);
#6089 = CARTESIAN_POINT('',(1.791015625,-18.6,5.62666015625));
#6090 = VECTOR('',#6091,1.);
#6091 = DIRECTION('',(-1.,0.,0.));
#6092 = PCURVE('',#1440,#6093);
#6093 = DEFINITIONAL_REPRESENTATION('',(#6094),#6098);
#6094 = LINE('',#6095,#6096);
#6095 = CARTESIAN_POINT('',(0.,-0.6));
#6096 = VECTOR('',#6097,1.);
#6097 = DIRECTION('',(1.,0.));
#6098 = ( GEOMETRIC_REPRESENTATION_CONTEXT(2) 
PARAMETRIC_REPRESENTATION_CONTEXT() REPRESENTATION_CONTEXT('2D SPACE',''
  ) );
#6099 = PCURVE('',#5852,#6100);
#6100 = DEFINITIONAL_REPRESENTATION('',(#6101),#6105);
#6101 = LINE('',#6102,#6103);
#6102 = CARTESIAN_POINT('',(4.26904296875,0.));
#6103 = VECTOR('',#6104,1.);
#6104 = DIRECTION('',(-1.,0.));
#6105 = ( GEOMETRIC_REPRESENTATION_CONTEXT(2) 
PARAMETRIC_REPRESENTATION_CONTEXT() REPRESENTATION_CONTEXT('2D SPACE',''
  ) );
#6106 = ORIENTED_EDGE('',*,*,#5813,.F.);
#6107 = ORIENTED_EDGE('',*,*,#1424,.F.);
#6108 = ADVANCED_FACE('',(#6109),#1582,.T.);
#6109 = FACE_BOUND('',#6110,.T.);
#6110 = EDGE_LOOP('',(#6111,#6134,#6162,#6183));
#6111 = ORIENTED_EDGE('',*,*,#6112,.T.);
#6112 = EDGE_CURVE('',#1565,#6113,#6115,.T.);
#6113 = VERTEX_POINT('',#6114);
#6114 = CARTESIAN_POINT('',(11.59375,-18.6,10.56904296875));
#6115 = SURFACE_CURVE('',#6116,(#6120,#6127),.PCURVE_S1.);
#6116 = LINE('',#6117,#6118);
#6117 = CARTESIAN_POINT('',(11.59375,-18.,10.56904296875));
#6118 = VECTOR('',#6119,1.);
#6119 = DIRECTION('',(0.,-1.,0.));
#6120 = PCURVE('',#1582,#6121);
#6121 = DEFINITIONAL_REPRESENTATION('',(#6122),#6126);
#6122 = LINE('',#6123,#6124);
#6123 = CARTESIAN_POINT('',(0.,0.));
#6124 = VECTOR('',#6125,1.);
#6125 = DIRECTION('',(0.,-1.));
#6126 = ( GEOMETRIC_REPRESENTATION_CONTEXT(2) 
PARAMETRIC_REPRESENTATION_CONTEXT() REPRESENTATION_CONTEXT('2D SPACE',''
  ) );
#6127 = PCURVE('',#1610,#6128);
#6128 = DEFINITIONAL_REPRESENTATION('',(#6129),#6133);
#6129 = LINE('',#6130,#6131);
#6130 = CARTESIAN_POINT('',(1.,0.));
#6131 = VECTOR('',#6132,1.);
#6132 = DIRECTION('',(0.,-1.));
#6133 = ( GEOMETRIC_REPRESENTATION_CONTEXT(2) 
PARAMETRIC_REPRESENTATION_CONTEXT() REPRESENTATION_CONTEXT('2D SPACE',''
  ) );
#6134 = ORIENTED_EDGE('',*,*,#6135,.T.);
#6135 = EDGE_CURVE('',#6113,#6136,#6138,.T.);
#6136 = VERTEX_POINT('',#6137);
#6137 = CARTESIAN_POINT('',(11.59375,-18.6,9.48896484375));
#6138 = SURFACE_CURVE('',#6139,(#6143,#6150),.PCURVE_S1.);
#6139 = LINE('',#6140,#6141);
#6140 = CARTESIAN_POINT('',(11.59375,-18.6,10.56904296875));
#6141 = VECTOR('',#6142,1.);
#6142 = DIRECTION('',(0.,0.,-1.));
#6143 = PCURVE('',#1582,#6144);
#6144 = DEFINITIONAL_REPRESENTATION('',(#6145),#6149);
#6145 = LINE('',#6146,#6147);
#6146 = CARTESIAN_POINT('',(0.,-0.6));
#6147 = VECTOR('',#6148,1.);
#6148 = DIRECTION('',(1.,0.));
#6149 = ( GEOMETRIC_REPRESENTATION_CONTEXT(2) 
PARAMETRIC_REPRESENTATION_CONTEXT() REPRESENTATION_CONTEXT('2D SPACE',''
  ) );
#6150 = PCURVE('',#6151,#6156);
#6151 = PLANE('',#6152);
#6152 = AXIS2_PLACEMENT_3D('',#6153,#6154,#6155);
#6153 = CARTESIAN_POINT('',(7.39990234375,-18.6,5.62666015625));
#6154 = DIRECTION('',(0.,-1.,0.));
#6155 = DIRECTION('',(1.,0.,0.));
#6156 = DEFINITIONAL_REPRESENTATION('',(#6157),#6161);
#6157 = LINE('',#6158,#6159);
#6158 = CARTESIAN_POINT('',(4.19384765625,4.9423828125));
#6159 = VECTOR('',#6160,1.);
#6160 = DIRECTION('',(0.,-1.));
#6161 = ( GEOMETRIC_REPRESENTATION_CONTEXT(2) 
PARAMETRIC_REPRESENTATION_CONTEXT() REPRESENTATION_CONTEXT('2D SPACE',''
  ) );
#6162 = ORIENTED_EDGE('',*,*,#6163,.F.);
#6163 = EDGE_CURVE('',#1567,#6136,#6164,.T.);
#6164 = SURFACE_CURVE('',#6165,(#6169,#6176),.PCURVE_S1.);
#6165 = LINE('',#6166,#6167);
#6166 = CARTESIAN_POINT('',(11.59375,-18.,9.48896484375));
#6167 = VECTOR('',#6168,1.);
#6168 = DIRECTION('',(0.,-1.,0.));
#6169 = PCURVE('',#1582,#6170);
#6170 = DEFINITIONAL_REPRESENTATION('',(#6171),#6175);
#6171 = LINE('',#6172,#6173);
#6172 = CARTESIAN_POINT('',(1.080078125,0.));
#6173 = VECTOR('',#6174,1.);
#6174 = DIRECTION('',(0.,-1.));
#6175 = ( GEOMETRIC_REPRESENTATION_CONTEXT(2) 
PARAMETRIC_REPRESENTATION_CONTEXT() REPRESENTATION_CONTEXT('2D SPACE',''
  ) );
#6176 = PCURVE('',#2382,#6177);
#6177 = DEFINITIONAL_REPRESENTATION('',(#6178),#6182);
#6178 = LINE('',#6179,#6180);
#6179 = CARTESIAN_POINT('',(0.,0.));
#6180 = VECTOR('',#6181,1.);
#6181 = DIRECTION('',(0.,-1.));
#6182 = ( GEOMETRIC_REPRESENTATION_CONTEXT(2) 
PARAMETRIC_REPRESENTATION_CONTEXT() REPRESENTATION_CONTEXT('2D SPACE',''
  ) );
#6183 = ORIENTED_EDGE('',*,*,#1564,.F.);
#6184 = ADVANCED_FACE('',(#6185),#2382,.T.);
#6185 = FACE_BOUND('',#6186,.T.);
#6186 = EDGE_LOOP('',(#6187,#6188,#6211,#6232));
#6187 = ORIENTED_EDGE('',*,*,#6163,.T.);
#6188 = ORIENTED_EDGE('',*,*,#6189,.T.);
#6189 = EDGE_CURVE('',#6136,#6190,#6192,.T.);
#6190 = VERTEX_POINT('',#6191);
#6191 = CARTESIAN_POINT('',(10.7734375,-18.6,9.77265625));
#6192 = SURFACE_CURVE('',#6193,(#6197,#6204),.PCURVE_S1.);
#6193 = B_SPLINE_CURVE_WITH_KNOTS('',2,(#6194,#6195,#6196),
  .UNSPECIFIED.,.F.,.F.,(3,3),(0.,1.),.PIECEWISE_BEZIER_KNOTS.);
#6194 = CARTESIAN_POINT('',(11.59375,-18.6,9.48896484375));
#6195 = CARTESIAN_POINT('',(11.17333984375,-18.6,9.676953125));
#6196 = CARTESIAN_POINT('',(10.7734375,-18.6,9.77265625));
#6197 = PCURVE('',#2382,#6198);
#6198 = DEFINITIONAL_REPRESENTATION('',(#6199),#6203);
#6199 = LINE('',#6200,#6201);
#6200 = CARTESIAN_POINT('',(0.,-0.6));
#6201 = VECTOR('',#6202,1.);
#6202 = DIRECTION('',(1.,0.));
#6203 = ( GEOMETRIC_REPRESENTATION_CONTEXT(2) 
PARAMETRIC_REPRESENTATION_CONTEXT() REPRESENTATION_CONTEXT('2D SPACE',''
  ) );
#6204 = PCURVE('',#6151,#6205);
#6205 = DEFINITIONAL_REPRESENTATION('',(#6206),#6210);
#6206 = B_SPLINE_CURVE_WITH_KNOTS('',2,(#6207,#6208,#6209),
  .UNSPECIFIED.,.F.,.F.,(3,3),(0.,1.),.PIECEWISE_BEZIER_KNOTS.);
#6207 = CARTESIAN_POINT('',(4.19384765625,3.8623046875));
#6208 = CARTESIAN_POINT('',(3.7734375,4.05029296875));
#6209 = CARTESIAN_POINT('',(3.37353515625,4.14599609375));
#6210 = ( GEOMETRIC_REPRESENTATION_CONTEXT(2) 
PARAMETRIC_REPRESENTATION_CONTEXT() REPRESENTATION_CONTEXT('2D SPACE',''
  ) );
#6211 = ORIENTED_EDGE('',*,*,#6212,.F.);
#6212 = EDGE_CURVE('',#2339,#6190,#6213,.T.);
#6213 = SURFACE_CURVE('',#6214,(#6218,#6225),.PCURVE_S1.);
#6214 = LINE('',#6215,#6216);
#6215 = CARTESIAN_POINT('',(10.7734375,-18.,9.77265625));
#6216 = VECTOR('',#6217,1.);
#6217 = DIRECTION('',(0.,-1.,0.));
#6218 = PCURVE('',#2382,#6219);
#6219 = DEFINITIONAL_REPRESENTATION('',(#6220),#6224);
#6220 = LINE('',#6221,#6222);
#6221 = CARTESIAN_POINT('',(1.,0.));
#6222 = VECTOR('',#6223,1.);
#6223 = DIRECTION('',(0.,-1.));
#6224 = ( GEOMETRIC_REPRESENTATION_CONTEXT(2) 
PARAMETRIC_REPRESENTATION_CONTEXT() REPRESENTATION_CONTEXT('2D SPACE',''
  ) );
#6225 = PCURVE('',#2354,#6226);
#6226 = DEFINITIONAL_REPRESENTATION('',(#6227),#6231);
#6227 = LINE('',#6228,#6229);
#6228 = CARTESIAN_POINT('',(0.,0.));
#6229 = VECTOR('',#6230,1.);
#6230 = DIRECTION('',(0.,-1.));
#6231 = ( GEOMETRIC_REPRESENTATION_CONTEXT(2) 
PARAMETRIC_REPRESENTATION_CONTEXT() REPRESENTATION_CONTEXT('2D SPACE',''
  ) );
#6232 = ORIENTED_EDGE('',*,*,#2368,.F.);
#6233 = ADVANCED_FACE('',(#6234),#2354,.T.);
#6234 = FACE_BOUND('',#6235,.T.);
#6235 = EDGE_LOOP('',(#6236,#6237,#6260,#6281));
#6236 = ORIENTED_EDGE('',*,*,#6212,.T.);
#6237 = ORIENTED_EDGE('',*,*,#6238,.T.);
#6238 = EDGE_CURVE('',#6190,#6239,#6241,.T.);
#6239 = VERTEX_POINT('',#6240);
#6240 = CARTESIAN_POINT('',(10.01806640625,-18.6,9.868359375));
#6241 = SURFACE_CURVE('',#6242,(#6246,#6253),.PCURVE_S1.);
#6242 = B_SPLINE_CURVE_WITH_KNOTS('',2,(#6243,#6244,#6245),
  .UNSPECIFIED.,.F.,.F.,(3,3),(0.,1.),.PIECEWISE_BEZIER_KNOTS.);
#6243 = CARTESIAN_POINT('',(10.7734375,-18.6,9.77265625));
#6244 = CARTESIAN_POINT('',(10.37353515625,-18.6,9.868359375));
#6245 = CARTESIAN_POINT('',(10.01806640625,-18.6,9.868359375));
#6246 = PCURVE('',#2354,#6247);
#6247 = DEFINITIONAL_REPRESENTATION('',(#6248),#6252);
#6248 = LINE('',#6249,#6250);
#6249 = CARTESIAN_POINT('',(0.,-0.6));
#6250 = VECTOR('',#6251,1.);
#6251 = DIRECTION('',(1.,0.));
#6252 = ( GEOMETRIC_REPRESENTATION_CONTEXT(2) 
PARAMETRIC_REPRESENTATION_CONTEXT() REPRESENTATION_CONTEXT('2D SPACE',''
  ) );
#6253 = PCURVE('',#6151,#6254);
#6254 = DEFINITIONAL_REPRESENTATION('',(#6255),#6259);
#6255 = B_SPLINE_CURVE_WITH_KNOTS('',2,(#6256,#6257,#6258),
  .UNSPECIFIED.,.F.,.F.,(3,3),(0.,1.),.PIECEWISE_BEZIER_KNOTS.);
#6256 = CARTESIAN_POINT('',(3.37353515625,4.14599609375));
#6257 = CARTESIAN_POINT('',(2.9736328125,4.24169921875));
#6258 = CARTESIAN_POINT('',(2.6181640625,4.24169921875));
#6259 = ( GEOMETRIC_REPRESENTATION_CONTEXT(2) 
PARAMETRIC_REPRESENTATION_CONTEXT() REPRESENTATION_CONTEXT('2D SPACE',''
  ) );
#6260 = ORIENTED_EDGE('',*,*,#6261,.F.);
#6261 = EDGE_CURVE('',#2309,#6239,#6262,.T.);
#6262 = SURFACE_CURVE('',#6263,(#6267,#6274),.PCURVE_S1.);
#6263 = LINE('',#6264,#6265);
#6264 = CARTESIAN_POINT('',(10.01806640625,-18.,9.868359375));
#6265 = VECTOR('',#6266,1.);
#6266 = DIRECTION('',(0.,-1.,0.));
#6267 = PCURVE('',#2354,#6268);
#6268 = DEFINITIONAL_REPRESENTATION('',(#6269),#6273);
#6269 = LINE('',#6270,#6271);
#6270 = CARTESIAN_POINT('',(1.,0.));
#6271 = VECTOR('',#6272,1.);
#6272 = DIRECTION('',(0.,-1.));
#6273 = ( GEOMETRIC_REPRESENTATION_CONTEXT(2) 
PARAMETRIC_REPRESENTATION_CONTEXT() REPRESENTATION_CONTEXT('2D SPACE',''
  ) );
#6274 = PCURVE('',#2324,#6275);
#6275 = DEFINITIONAL_REPRESENTATION('',(#6276),#6280);
#6276 = LINE('',#6277,#6278);
#6277 = CARTESIAN_POINT('',(0.,0.));
#6278 = VECTOR('',#6279,1.);
#6279 = DIRECTION('',(0.,-1.));
#6280 = ( GEOMETRIC_REPRESENTATION_CONTEXT(2) 
PARAMETRIC_REPRESENTATION_CONTEXT() REPRESENTATION_CONTEXT('2D SPACE',''
  ) );
#6281 = ORIENTED_EDGE('',*,*,#2338,.F.);
#6282 = ADVANCED_FACE('',(#6283),#2324,.T.);
#6283 = FACE_BOUND('',#6284,.T.);
#6284 = EDGE_LOOP('',(#6285,#6286,#6309,#6330));
#6285 = ORIENTED_EDGE('',*,*,#6261,.T.);
#6286 = ORIENTED_EDGE('',*,*,#6287,.T.);
#6287 = EDGE_CURVE('',#6239,#6288,#6290,.T.);
#6288 = VERTEX_POINT('',#6289);
#6289 = CARTESIAN_POINT('',(9.32080078125,-18.6,9.7384765625));
#6290 = SURFACE_CURVE('',#6291,(#6295,#6302),.PCURVE_S1.);
#6291 = B_SPLINE_CURVE_WITH_KNOTS('',2,(#6292,#6293,#6294),
  .UNSPECIFIED.,.F.,.F.,(3,3),(0.,1.),.PIECEWISE_BEZIER_KNOTS.);
#6292 = CARTESIAN_POINT('',(10.01806640625,-18.6,9.868359375));
#6293 = CARTESIAN_POINT('',(9.54638671875,-18.6,9.868359375));
#6294 = CARTESIAN_POINT('',(9.32080078125,-18.6,9.7384765625));
#6295 = PCURVE('',#2324,#6296);
#6296 = DEFINITIONAL_REPRESENTATION('',(#6297),#6301);
#6297 = LINE('',#6298,#6299);
#6298 = CARTESIAN_POINT('',(0.,-0.6));
#6299 = VECTOR('',#6300,1.);
#6300 = DIRECTION('',(1.,0.));
#6301 = ( GEOMETRIC_REPRESENTATION_CONTEXT(2) 
PARAMETRIC_REPRESENTATION_CONTEXT() REPRESENTATION_CONTEXT('2D SPACE',''
  ) );
#6302 = PCURVE('',#6151,#6303);
#6303 = DEFINITIONAL_REPRESENTATION('',(#6304),#6308);
#6304 = B_SPLINE_CURVE_WITH_KNOTS('',2,(#6305,#6306,#6307),
  .UNSPECIFIED.,.F.,.F.,(3,3),(0.,1.),.PIECEWISE_BEZIER_KNOTS.);
#6305 = CARTESIAN_POINT('',(2.6181640625,4.24169921875));
#6306 = CARTESIAN_POINT('',(2.146484375,4.24169921875));
#6307 = CARTESIAN_POINT('',(1.9208984375,4.11181640625));
#6308 = ( GEOMETRIC_REPRESENTATION_CONTEXT(2) 
PARAMETRIC_REPRESENTATION_CONTEXT() REPRESENTATION_CONTEXT('2D SPACE',''
  ) );
#6309 = ORIENTED_EDGE('',*,*,#6310,.F.);
#6310 = EDGE_CURVE('',#2279,#6288,#6311,.T.);
#6311 = SURFACE_CURVE('',#6312,(#6316,#6323),.PCURVE_S1.);
#6312 = LINE('',#6313,#6314);
#6313 = CARTESIAN_POINT('',(9.32080078125,-18.,9.7384765625));
#6314 = VECTOR('',#6315,1.);
#6315 = DIRECTION('',(0.,-1.,0.));
#6316 = PCURVE('',#2324,#6317);
#6317 = DEFINITIONAL_REPRESENTATION('',(#6318),#6322);
#6318 = LINE('',#6319,#6320);
#6319 = CARTESIAN_POINT('',(1.,0.));
#6320 = VECTOR('',#6321,1.);
#6321 = DIRECTION('',(0.,-1.));
#6322 = ( GEOMETRIC_REPRESENTATION_CONTEXT(2) 
PARAMETRIC_REPRESENTATION_CONTEXT() REPRESENTATION_CONTEXT('2D SPACE',''
  ) );
#6323 = PCURVE('',#2294,#6324);
#6324 = DEFINITIONAL_REPRESENTATION('',(#6325),#6329);
#6325 = LINE('',#6326,#6327);
#6326 = CARTESIAN_POINT('',(0.,0.));
#6327 = VECTOR('',#6328,1.);
#6328 = DIRECTION('',(0.,-1.));
#6329 = ( GEOMETRIC_REPRESENTATION_CONTEXT(2) 
PARAMETRIC_REPRESENTATION_CONTEXT() REPRESENTATION_CONTEXT('2D SPACE',''
  ) );
#6330 = ORIENTED_EDGE('',*,*,#2308,.F.);
#6331 = ADVANCED_FACE('',(#6332),#2294,.T.);
#6332 = FACE_BOUND('',#6333,.T.);
#6333 = EDGE_LOOP('',(#6334,#6335,#6358,#6379));
#6334 = ORIENTED_EDGE('',*,*,#6310,.T.);
#6335 = ORIENTED_EDGE('',*,*,#6336,.T.);
#6336 = EDGE_CURVE('',#6288,#6337,#6339,.T.);
#6337 = VERTEX_POINT('',#6338);
#6338 = CARTESIAN_POINT('',(9.09521484375,-18.6,9.33515625));
#6339 = SURFACE_CURVE('',#6340,(#6344,#6351),.PCURVE_S1.);
#6340 = B_SPLINE_CURVE_WITH_KNOTS('',2,(#6341,#6342,#6343),
  .UNSPECIFIED.,.F.,.F.,(3,3),(0.,1.),.PIECEWISE_BEZIER_KNOTS.);
#6341 = CARTESIAN_POINT('',(9.32080078125,-18.6,9.7384765625));
#6342 = CARTESIAN_POINT('',(9.09521484375,-18.6,9.60859375));
#6343 = CARTESIAN_POINT('',(9.09521484375,-18.6,9.33515625));
#6344 = PCURVE('',#2294,#6345);
#6345 = DEFINITIONAL_REPRESENTATION('',(#6346),#6350);
#6346 = LINE('',#6347,#6348);
#6347 = CARTESIAN_POINT('',(0.,-0.6));
#6348 = VECTOR('',#6349,1.);
#6349 = DIRECTION('',(1.,0.));
#6350 = ( GEOMETRIC_REPRESENTATION_CONTEXT(2) 
PARAMETRIC_REPRESENTATION_CONTEXT() REPRESENTATION_CONTEXT('2D SPACE',''
  ) );
#6351 = PCURVE('',#6151,#6352);
#6352 = DEFINITIONAL_REPRESENTATION('',(#6353),#6357);
#6353 = B_SPLINE_CURVE_WITH_KNOTS('',2,(#6354,#6355,#6356),
  .UNSPECIFIED.,.F.,.F.,(3,3),(0.,1.),.PIECEWISE_BEZIER_KNOTS.);
#6354 = CARTESIAN_POINT('',(1.9208984375,4.11181640625));
#6355 = CARTESIAN_POINT('',(1.6953125,3.98193359375));
#6356 = CARTESIAN_POINT('',(1.6953125,3.70849609375));
#6357 = ( GEOMETRIC_REPRESENTATION_CONTEXT(2) 
PARAMETRIC_REPRESENTATION_CONTEXT() REPRESENTATION_CONTEXT('2D SPACE',''
  ) );
#6358 = ORIENTED_EDGE('',*,*,#6359,.F.);
#6359 = EDGE_CURVE('',#2249,#6337,#6360,.T.);
#6360 = SURFACE_CURVE('',#6361,(#6365,#6372),.PCURVE_S1.);
#6361 = LINE('',#6362,#6363);
#6362 = CARTESIAN_POINT('',(9.09521484375,-18.,9.33515625));
#6363 = VECTOR('',#6364,1.);
#6364 = DIRECTION('',(0.,-1.,0.));
#6365 = PCURVE('',#2294,#6366);
#6366 = DEFINITIONAL_REPRESENTATION('',(#6367),#6371);
#6367 = LINE('',#6368,#6369);
#6368 = CARTESIAN_POINT('',(1.,0.));
#6369 = VECTOR('',#6370,1.);
#6370 = DIRECTION('',(0.,-1.));
#6371 = ( GEOMETRIC_REPRESENTATION_CONTEXT(2) 
PARAMETRIC_REPRESENTATION_CONTEXT() REPRESENTATION_CONTEXT('2D SPACE',''
  ) );
#6372 = PCURVE('',#2264,#6373);
#6373 = DEFINITIONAL_REPRESENTATION('',(#6374),#6378);
#6374 = LINE('',#6375,#6376);
#6375 = CARTESIAN_POINT('',(0.,0.));
#6376 = VECTOR('',#6377,1.);
#6377 = DIRECTION('',(0.,-1.));
#6378 = ( GEOMETRIC_REPRESENTATION_CONTEXT(2) 
PARAMETRIC_REPRESENTATION_CONTEXT() REPRESENTATION_CONTEXT('2D SPACE',''
  ) );
#6379 = ORIENTED_EDGE('',*,*,#2278,.F.);
#6380 = ADVANCED_FACE('',(#6381),#2264,.T.);
#6381 = FACE_BOUND('',#6382,.T.);
#6382 = EDGE_LOOP('',(#6383,#6384,#6407,#6428));
#6383 = ORIENTED_EDGE('',*,*,#6359,.T.);
#6384 = ORIENTED_EDGE('',*,*,#6385,.T.);
#6385 = EDGE_CURVE('',#6337,#6386,#6388,.T.);
#6386 = VERTEX_POINT('',#6387);
#6387 = CARTESIAN_POINT('',(9.247314453125,-18.6,9.015576171875));
#6388 = SURFACE_CURVE('',#6389,(#6393,#6400),.PCURVE_S1.);
#6389 = B_SPLINE_CURVE_WITH_KNOTS('',2,(#6390,#6391,#6392),
  .UNSPECIFIED.,.F.,.F.,(3,3),(0.,1.),.PIECEWISE_BEZIER_KNOTS.);
#6390 = CARTESIAN_POINT('',(9.09521484375,-18.6,9.33515625));
#6391 = CARTESIAN_POINT('',(9.09521484375,-18.6,9.130078125));
#6392 = CARTESIAN_POINT('',(9.247314453125,-18.6,9.015576171875));
#6393 = PCURVE('',#2264,#6394);
#6394 = DEFINITIONAL_REPRESENTATION('',(#6395),#6399);
#6395 = LINE('',#6396,#6397);
#6396 = CARTESIAN_POINT('',(0.,-0.6));
#6397 = VECTOR('',#6398,1.);
#6398 = DIRECTION('',(1.,0.));
#6399 = ( GEOMETRIC_REPRESENTATION_CONTEXT(2) 
PARAMETRIC_REPRESENTATION_CONTEXT() REPRESENTATION_CONTEXT('2D SPACE',''
  ) );
#6400 = PCURVE('',#6151,#6401);
#6401 = DEFINITIONAL_REPRESENTATION('',(#6402),#6406);
#6402 = B_SPLINE_CURVE_WITH_KNOTS('',2,(#6403,#6404,#6405),
  .UNSPECIFIED.,.F.,.F.,(3,3),(0.,1.),.PIECEWISE_BEZIER_KNOTS.);
#6403 = CARTESIAN_POINT('',(1.6953125,3.70849609375));
#6404 = CARTESIAN_POINT('',(1.6953125,3.50341796875));
#6405 = CARTESIAN_POINT('',(1.847412109375,3.388916015625));
#6406 = ( GEOMETRIC_REPRESENTATION_CONTEXT(2) 
PARAMETRIC_REPRESENTATION_CONTEXT() REPRESENTATION_CONTEXT('2D SPACE',''
  ) );
#6407 = ORIENTED_EDGE('',*,*,#6408,.F.);
#6408 = EDGE_CURVE('',#2219,#6386,#6409,.T.);
#6409 = SURFACE_CURVE('',#6410,(#6414,#6421),.PCURVE_S1.);
#6410 = LINE('',#6411,#6412);
#6411 = CARTESIAN_POINT('',(9.247314453125,-18.,9.015576171875));
#6412 = VECTOR('',#6413,1.);
#6413 = DIRECTION('',(0.,-1.,0.));
#6414 = PCURVE('',#2264,#6415);
#6415 = DEFINITIONAL_REPRESENTATION('',(#6416),#6420);
#6416 = LINE('',#6417,#6418);
#6417 = CARTESIAN_POINT('',(1.,0.));
#6418 = VECTOR('',#6419,1.);
#6419 = DIRECTION('',(0.,-1.));
#6420 = ( GEOMETRIC_REPRESENTATION_CONTEXT(2) 
PARAMETRIC_REPRESENTATION_CONTEXT() REPRESENTATION_CONTEXT('2D SPACE',''
  ) );
#6421 = PCURVE('',#2234,#6422);
#6422 = DEFINITIONAL_REPRESENTATION('',(#6423),#6427);
#6423 = LINE('',#6424,#6425);
#6424 = CARTESIAN_POINT('',(0.,0.));
#6425 = VECTOR('',#6426,1.);
#6426 = DIRECTION('',(0.,-1.));
#6427 = ( GEOMETRIC_REPRESENTATION_CONTEXT(2) 
PARAMETRIC_REPRESENTATION_CONTEXT() REPRESENTATION_CONTEXT('2D SPACE',''
  ) );
#6428 = ORIENTED_EDGE('',*,*,#2248,.F.);
#6429 = ADVANCED_FACE('',(#6430),#2234,.T.);
#6430 = FACE_BOUND('',#6431,.T.);
#6431 = EDGE_LOOP('',(#6432,#6433,#6456,#6477));
#6432 = ORIENTED_EDGE('',*,*,#6408,.T.);
#6433 = ORIENTED_EDGE('',*,*,#6434,.T.);
#6434 = EDGE_CURVE('',#6386,#6435,#6437,.T.);
#6435 = VERTEX_POINT('',#6436);
#6436 = CARTESIAN_POINT('',(9.79931640625,-18.6,8.81904296875));
#6437 = SURFACE_CURVE('',#6438,(#6442,#6449),.PCURVE_S1.);
#6438 = B_SPLINE_CURVE_WITH_KNOTS('',2,(#6439,#6440,#6441),
  .UNSPECIFIED.,.F.,.F.,(3,3),(0.,1.),.PIECEWISE_BEZIER_KNOTS.);
#6439 = CARTESIAN_POINT('',(9.247314453125,-18.6,9.015576171875));
#6440 = CARTESIAN_POINT('',(9.3994140625,-18.6,8.90107421875));
#6441 = CARTESIAN_POINT('',(9.79931640625,-18.6,8.81904296875));
#6442 = PCURVE('',#2234,#6443);
#6443 = DEFINITIONAL_REPRESENTATION('',(#6444),#6448);
#6444 = LINE('',#6445,#6446);
#6445 = CARTESIAN_POINT('',(0.,-0.6));
#6446 = VECTOR('',#6447,1.);
#6447 = DIRECTION('',(1.,0.));
#6448 = ( GEOMETRIC_REPRESENTATION_CONTEXT(2) 
PARAMETRIC_REPRESENTATION_CONTEXT() REPRESENTATION_CONTEXT('2D SPACE',''
  ) );
#6449 = PCURVE('',#6151,#6450);
#6450 = DEFINITIONAL_REPRESENTATION('',(#6451),#6455);
#6451 = B_SPLINE_CURVE_WITH_KNOTS('',2,(#6452,#6453,#6454),
  .UNSPECIFIED.,.F.,.F.,(3,3),(0.,1.),.PIECEWISE_BEZIER_KNOTS.);
#6452 = CARTESIAN_POINT('',(1.847412109375,3.388916015625));
#6453 = CARTESIAN_POINT('',(1.99951171875,3.2744140625));
#6454 = CARTESIAN_POINT('',(2.3994140625,3.1923828125));
#6455 = ( GEOMETRIC_REPRESENTATION_CONTEXT(2) 
PARAMETRIC_REPRESENTATION_CONTEXT() REPRESENTATION_CONTEXT('2D SPACE',''
  ) );
#6456 = ORIENTED_EDGE('',*,*,#6457,.F.);
#6457 = EDGE_CURVE('',#2191,#6435,#6458,.T.);
#6458 = SURFACE_CURVE('',#6459,(#6463,#6470),.PCURVE_S1.);
#6459 = LINE('',#6460,#6461);
#6460 = CARTESIAN_POINT('',(9.79931640625,-18.,8.81904296875));
#6461 = VECTOR('',#6462,1.);
#6462 = DIRECTION('',(0.,-1.,0.));
#6463 = PCURVE('',#2234,#6464);
#6464 = DEFINITIONAL_REPRESENTATION('',(#6465),#6469);
#6465 = LINE('',#6466,#6467);
#6466 = CARTESIAN_POINT('',(1.,0.));
#6467 = VECTOR('',#6468,1.);
#6468 = DIRECTION('',(0.,-1.));
#6469 = ( GEOMETRIC_REPRESENTATION_CONTEXT(2) 
PARAMETRIC_REPRESENTATION_CONTEXT() REPRESENTATION_CONTEXT('2D SPACE',''
  ) );
#6470 = PCURVE('',#2206,#6471);
#6471 = DEFINITIONAL_REPRESENTATION('',(#6472),#6476);
#6472 = LINE('',#6473,#6474);
#6473 = CARTESIAN_POINT('',(0.,0.));
#6474 = VECTOR('',#6475,1.);
#6475 = DIRECTION('',(0.,-1.));
#6476 = ( GEOMETRIC_REPRESENTATION_CONTEXT(2) 
PARAMETRIC_REPRESENTATION_CONTEXT() REPRESENTATION_CONTEXT('2D SPACE',''
  ) );
#6477 = ORIENTED_EDGE('',*,*,#2218,.F.);
#6478 = ADVANCED_FACE('',(#6479),#2206,.T.);
#6479 = FACE_BOUND('',#6480,.T.);
#6480 = EDGE_LOOP('',(#6481,#6482,#6505,#6526));
#6481 = ORIENTED_EDGE('',*,*,#6457,.T.);
#6482 = ORIENTED_EDGE('',*,*,#6483,.T.);
#6483 = EDGE_CURVE('',#6435,#6484,#6486,.T.);
#6484 = VERTEX_POINT('',#6485);
#6485 = CARTESIAN_POINT('',(10.35986328125,-18.6,8.70625));
#6486 = SURFACE_CURVE('',#6487,(#6491,#6498),.PCURVE_S1.);
#6487 = LINE('',#6488,#6489);
#6488 = CARTESIAN_POINT('',(9.79931640625,-18.6,8.81904296875));
#6489 = VECTOR('',#6490,1.);
#6490 = DIRECTION('',(0.980350088606,0.,-0.19726556661));
#6491 = PCURVE('',#2206,#6492);
#6492 = DEFINITIONAL_REPRESENTATION('',(#6493),#6497);
#6493 = LINE('',#6494,#6495);
#6494 = CARTESIAN_POINT('',(0.,-0.6));
#6495 = VECTOR('',#6496,1.);
#6496 = DIRECTION('',(1.,0.));
#6497 = ( GEOMETRIC_REPRESENTATION_CONTEXT(2) 
PARAMETRIC_REPRESENTATION_CONTEXT() REPRESENTATION_CONTEXT('2D SPACE',''
  ) );
#6498 = PCURVE('',#6151,#6499);
#6499 = DEFINITIONAL_REPRESENTATION('',(#6500),#6504);
#6500 = LINE('',#6501,#6502);
#6501 = CARTESIAN_POINT('',(2.3994140625,3.1923828125));
#6502 = VECTOR('',#6503,1.);
#6503 = DIRECTION('',(0.980350088606,-0.19726556661));
#6504 = ( GEOMETRIC_REPRESENTATION_CONTEXT(2) 
PARAMETRIC_REPRESENTATION_CONTEXT() REPRESENTATION_CONTEXT('2D SPACE',''
  ) );
#6505 = ORIENTED_EDGE('',*,*,#6506,.F.);
#6506 = EDGE_CURVE('',#2161,#6484,#6507,.T.);
#6507 = SURFACE_CURVE('',#6508,(#6512,#6519),.PCURVE_S1.);
#6508 = LINE('',#6509,#6510);
#6509 = CARTESIAN_POINT('',(10.35986328125,-18.,8.70625));
#6510 = VECTOR('',#6511,1.);
#6511 = DIRECTION('',(0.,-1.,0.));
#6512 = PCURVE('',#2206,#6513);
#6513 = DEFINITIONAL_REPRESENTATION('',(#6514),#6518);
#6514 = LINE('',#6515,#6516);
#6515 = CARTESIAN_POINT('',(0.571782347464,0.));
#6516 = VECTOR('',#6517,1.);
#6517 = DIRECTION('',(0.,-1.));
#6518 = ( GEOMETRIC_REPRESENTATION_CONTEXT(2) 
PARAMETRIC_REPRESENTATION_CONTEXT() REPRESENTATION_CONTEXT('2D SPACE',''
  ) );
#6519 = PCURVE('',#2176,#6520);
#6520 = DEFINITIONAL_REPRESENTATION('',(#6521),#6525);
#6521 = LINE('',#6522,#6523);
#6522 = CARTESIAN_POINT('',(0.,0.));
#6523 = VECTOR('',#6524,1.);
#6524 = DIRECTION('',(0.,-1.));
#6525 = ( GEOMETRIC_REPRESENTATION_CONTEXT(2) 
PARAMETRIC_REPRESENTATION_CONTEXT() REPRESENTATION_CONTEXT('2D SPACE',''
  ) );
#6526 = ORIENTED_EDGE('',*,*,#2190,.F.);
#6527 = ADVANCED_FACE('',(#6528),#2176,.T.);
#6528 = FACE_BOUND('',#6529,.T.);
#6529 = EDGE_LOOP('',(#6530,#6531,#6554,#6575));
#6530 = ORIENTED_EDGE('',*,*,#6506,.T.);
#6531 = ORIENTED_EDGE('',*,*,#6532,.T.);
#6532 = EDGE_CURVE('',#6484,#6533,#6535,.T.);
#6533 = VERTEX_POINT('',#6534);
#6534 = CARTESIAN_POINT('',(11.56982421875,-18.6,8.18671875));
#6535 = SURFACE_CURVE('',#6536,(#6540,#6547),.PCURVE_S1.);
#6536 = B_SPLINE_CURVE_WITH_KNOTS('',2,(#6537,#6538,#6539),
  .UNSPECIFIED.,.F.,.F.,(3,3),(0.,1.),.PIECEWISE_BEZIER_KNOTS.);
#6537 = CARTESIAN_POINT('',(10.35986328125,-18.6,8.70625));
#6538 = CARTESIAN_POINT('',(11.2109375,-18.6,8.5353515625));
#6539 = CARTESIAN_POINT('',(11.56982421875,-18.6,8.18671875));
#6540 = PCURVE('',#2176,#6541);
#6541 = DEFINITIONAL_REPRESENTATION('',(#6542),#6546);
#6542 = LINE('',#6543,#6544);
#6543 = CARTESIAN_POINT('',(0.,-0.6));
#6544 = VECTOR('',#6545,1.);
#6545 = DIRECTION('',(1.,0.));
#6546 = ( GEOMETRIC_REPRESENTATION_CONTEXT(2) 
PARAMETRIC_REPRESENTATION_CONTEXT() REPRESENTATION_CONTEXT('2D SPACE',''
  ) );
#6547 = PCURVE('',#6151,#6548);
#6548 = DEFINITIONAL_REPRESENTATION('',(#6549),#6553);
#6549 = B_SPLINE_CURVE_WITH_KNOTS('',2,(#6550,#6551,#6552),
  .UNSPECIFIED.,.F.,.F.,(3,3),(0.,1.),.PIECEWISE_BEZIER_KNOTS.);
#6550 = CARTESIAN_POINT('',(2.9599609375,3.07958984375));
#6551 = CARTESIAN_POINT('',(3.81103515625,2.90869140625));
#6552 = CARTESIAN_POINT('',(4.169921875,2.56005859375));
#6553 = ( GEOMETRIC_REPRESENTATION_CONTEXT(2) 
PARAMETRIC_REPRESENTATION_CONTEXT() REPRESENTATION_CONTEXT('2D SPACE',''
  ) );
#6554 = ORIENTED_EDGE('',*,*,#6555,.F.);
#6555 = EDGE_CURVE('',#2131,#6533,#6556,.T.);
#6556 = SURFACE_CURVE('',#6557,(#6561,#6568),.PCURVE_S1.);
#6557 = LINE('',#6558,#6559);
#6558 = CARTESIAN_POINT('',(11.56982421875,-18.,8.18671875));
#6559 = VECTOR('',#6560,1.);
#6560 = DIRECTION('',(0.,-1.,0.));
#6561 = PCURVE('',#2176,#6562);
#6562 = DEFINITIONAL_REPRESENTATION('',(#6563),#6567);
#6563 = LINE('',#6564,#6565);
#6564 = CARTESIAN_POINT('',(1.,0.));
#6565 = VECTOR('',#6566,1.);
#6566 = DIRECTION('',(0.,-1.));
#6567 = ( GEOMETRIC_REPRESENTATION_CONTEXT(2) 
PARAMETRIC_REPRESENTATION_CONTEXT() REPRESENTATION_CONTEXT('2D SPACE',''
  ) );
#6568 = PCURVE('',#2146,#6569);
#6569 = DEFINITIONAL_REPRESENTATION('',(#6570),#6574);
#6570 = LINE('',#6571,#6572);
#6571 = CARTESIAN_POINT('',(0.,0.));
#6572 = VECTOR('',#6573,1.);
#6573 = DIRECTION('',(0.,-1.));
#6574 = ( GEOMETRIC_REPRESENTATION_CONTEXT(2) 
PARAMETRIC_REPRESENTATION_CONTEXT() REPRESENTATION_CONTEXT('2D SPACE',''
  ) );
#6575 = ORIENTED_EDGE('',*,*,#2160,.F.);
#6576 = ADVANCED_FACE('',(#6577),#2146,.T.);
#6577 = FACE_BOUND('',#6578,.T.);
#6578 = EDGE_LOOP('',(#6579,#6580,#6603,#6624));
#6579 = ORIENTED_EDGE('',*,*,#6555,.T.);
#6580 = ORIENTED_EDGE('',*,*,#6581,.T.);
#6581 = EDGE_CURVE('',#6533,#6582,#6584,.T.);
#6582 = VERTEX_POINT('',#6583);
#6583 = CARTESIAN_POINT('',(11.9287109375,-18.6,7.1955078125));
#6584 = SURFACE_CURVE('',#6585,(#6589,#6596),.PCURVE_S1.);
#6585 = B_SPLINE_CURVE_WITH_KNOTS('',2,(#6586,#6587,#6588),
  .UNSPECIFIED.,.F.,.F.,(3,3),(0.,1.),.PIECEWISE_BEZIER_KNOTS.);
#6586 = CARTESIAN_POINT('',(11.56982421875,-18.6,8.18671875));
#6587 = CARTESIAN_POINT('',(11.9287109375,-18.6,7.8380859375));
#6588 = CARTESIAN_POINT('',(11.9287109375,-18.6,7.1955078125));
#6589 = PCURVE('',#2146,#6590);
#6590 = DEFINITIONAL_REPRESENTATION('',(#6591),#6595);
#6591 = LINE('',#6592,#6593);
#6592 = CARTESIAN_POINT('',(0.,-0.6));
#6593 = VECTOR('',#6594,1.);
#6594 = DIRECTION('',(1.,0.));
#6595 = ( GEOMETRIC_REPRESENTATION_CONTEXT(2) 
PARAMETRIC_REPRESENTATION_CONTEXT() REPRESENTATION_CONTEXT('2D SPACE',''
  ) );
#6596 = PCURVE('',#6151,#6597);
#6597 = DEFINITIONAL_REPRESENTATION('',(#6598),#6602);
#6598 = B_SPLINE_CURVE_WITH_KNOTS('',2,(#6599,#6600,#6601),
  .UNSPECIFIED.,.F.,.F.,(3,3),(0.,1.),.PIECEWISE_BEZIER_KNOTS.);
#6599 = CARTESIAN_POINT('',(4.169921875,2.56005859375));
#6600 = CARTESIAN_POINT('',(4.52880859375,2.21142578125));
#6601 = CARTESIAN_POINT('',(4.52880859375,1.56884765625));
#6602 = ( GEOMETRIC_REPRESENTATION_CONTEXT(2) 
PARAMETRIC_REPRESENTATION_CONTEXT() REPRESENTATION_CONTEXT('2D SPACE',''
  ) );
#6603 = ORIENTED_EDGE('',*,*,#6604,.F.);
#6604 = EDGE_CURVE('',#2101,#6582,#6605,.T.);
#6605 = SURFACE_CURVE('',#6606,(#6610,#6617),.PCURVE_S1.);
#6606 = LINE('',#6607,#6608);
#6607 = CARTESIAN_POINT('',(11.9287109375,-18.,7.1955078125));
#6608 = VECTOR('',#6609,1.);
#6609 = DIRECTION('',(0.,-1.,0.));
#6610 = PCURVE('',#2146,#6611);
#6611 = DEFINITIONAL_REPRESENTATION('',(#6612),#6616);
#6612 = LINE('',#6613,#6614);
#6613 = CARTESIAN_POINT('',(1.,0.));
#6614 = VECTOR('',#6615,1.);
#6615 = DIRECTION('',(0.,-1.));
#6616 = ( GEOMETRIC_REPRESENTATION_CONTEXT(2) 
PARAMETRIC_REPRESENTATION_CONTEXT() REPRESENTATION_CONTEXT('2D SPACE',''
  ) );
#6617 = PCURVE('',#2116,#6618);
#6618 = DEFINITIONAL_REPRESENTATION('',(#6619),#6623);
#6619 = LINE('',#6620,#6621);
#6620 = CARTESIAN_POINT('',(0.,0.));
#6621 = VECTOR('',#6622,1.);
#6622 = DIRECTION('',(0.,-1.));
#6623 = ( GEOMETRIC_REPRESENTATION_CONTEXT(2) 
PARAMETRIC_REPRESENTATION_CONTEXT() REPRESENTATION_CONTEXT('2D SPACE',''
  ) );
#6624 = ORIENTED_EDGE('',*,*,#2130,.F.);
#6625 = ADVANCED_FACE('',(#6626),#2116,.T.);
#6626 = FACE_BOUND('',#6627,.T.);
#6627 = EDGE_LOOP('',(#6628,#6629,#6652,#6673));
#6628 = ORIENTED_EDGE('',*,*,#6604,.T.);
#6629 = ORIENTED_EDGE('',*,*,#6630,.T.);
#6630 = EDGE_CURVE('',#6582,#6631,#6633,.T.);
#6631 = VERTEX_POINT('',#6632);
#6632 = CARTESIAN_POINT('',(11.427978515625,-18.6,5.939404296875));
#6633 = SURFACE_CURVE('',#6634,(#6638,#6645),.PCURVE_S1.);
#6634 = B_SPLINE_CURVE_WITH_KNOTS('',2,(#6635,#6636,#6637),
  .UNSPECIFIED.,.F.,.F.,(3,3),(0.,1.),.PIECEWISE_BEZIER_KNOTS.);
#6635 = CARTESIAN_POINT('',(11.9287109375,-18.6,7.1955078125));
#6636 = CARTESIAN_POINT('',(11.9287109375,-18.6,6.35126953125));
#6637 = CARTESIAN_POINT('',(11.427978515625,-18.6,5.939404296875));
#6638 = PCURVE('',#2116,#6639);
#6639 = DEFINITIONAL_REPRESENTATION('',(#6640),#6644);
#6640 = LINE('',#6641,#6642);
#6641 = CARTESIAN_POINT('',(0.,-0.6));
#6642 = VECTOR('',#6643,1.);
#6643 = DIRECTION('',(1.,0.));
#6644 = ( GEOMETRIC_REPRESENTATION_CONTEXT(2) 
PARAMETRIC_REPRESENTATION_CONTEXT() REPRESENTATION_CONTEXT('2D SPACE',''
  ) );
#6645 = PCURVE('',#6151,#6646);
#6646 = DEFINITIONAL_REPRESENTATION('',(#6647),#6651);
#6647 = B_SPLINE_CURVE_WITH_KNOTS('',2,(#6648,#6649,#6650),
  .UNSPECIFIED.,.F.,.F.,(3,3),(0.,1.),.PIECEWISE_BEZIER_KNOTS.);
#6648 = CARTESIAN_POINT('',(4.52880859375,1.56884765625));
#6649 = CARTESIAN_POINT('',(4.52880859375,0.724609375));
#6650 = CARTESIAN_POINT('',(4.028076171875,0.312744140625));
#6651 = ( GEOMETRIC_REPRESENTATION_CONTEXT(2) 
PARAMETRIC_REPRESENTATION_CONTEXT() REPRESENTATION_CONTEXT('2D SPACE',''
  ) );
#6652 = ORIENTED_EDGE('',*,*,#6653,.F.);
#6653 = EDGE_CURVE('',#2071,#6631,#6654,.T.);
#6654 = SURFACE_CURVE('',#6655,(#6659,#6666),.PCURVE_S1.);
#6655 = LINE('',#6656,#6657);
#6656 = CARTESIAN_POINT('',(11.427978515625,-18.,5.939404296875));
#6657 = VECTOR('',#6658,1.);
#6658 = DIRECTION('',(0.,-1.,0.));
#6659 = PCURVE('',#2116,#6660);
#6660 = DEFINITIONAL_REPRESENTATION('',(#6661),#6665);
#6661 = LINE('',#6662,#6663);
#6662 = CARTESIAN_POINT('',(1.,0.));
#6663 = VECTOR('',#6664,1.);
#6664 = DIRECTION('',(0.,-1.));
#6665 = ( GEOMETRIC_REPRESENTATION_CONTEXT(2) 
PARAMETRIC_REPRESENTATION_CONTEXT() REPRESENTATION_CONTEXT('2D SPACE',''
  ) );
#6666 = PCURVE('',#2086,#6667);
#6667 = DEFINITIONAL_REPRESENTATION('',(#6668),#6672);
#6668 = LINE('',#6669,#6670);
#6669 = CARTESIAN_POINT('',(0.,0.));
#6670 = VECTOR('',#6671,1.);
#6671 = DIRECTION('',(0.,-1.));
#6672 = ( GEOMETRIC_REPRESENTATION_CONTEXT(2) 
PARAMETRIC_REPRESENTATION_CONTEXT() REPRESENTATION_CONTEXT('2D SPACE',''
  ) );
#6673 = ORIENTED_EDGE('',*,*,#2100,.F.);
#6674 = ADVANCED_FACE('',(#6675),#2086,.T.);
#6675 = FACE_BOUND('',#6676,.T.);
#6676 = EDGE_LOOP('',(#6677,#6678,#6701,#6722));
#6677 = ORIENTED_EDGE('',*,*,#6653,.T.);
#6678 = ORIENTED_EDGE('',*,*,#6679,.T.);
#6679 = EDGE_CURVE('',#6631,#6680,#6682,.T.);
#6680 = VERTEX_POINT('',#6681);
#6681 = CARTESIAN_POINT('',(9.8984375,-18.6,5.5275390625));
#6682 = SURFACE_CURVE('',#6683,(#6687,#6694),.PCURVE_S1.);
#6683 = B_SPLINE_CURVE_WITH_KNOTS('',2,(#6684,#6685,#6686),
  .UNSPECIFIED.,.F.,.F.,(3,3),(0.,1.),.PIECEWISE_BEZIER_KNOTS.);
#6684 = CARTESIAN_POINT('',(11.427978515625,-18.6,5.939404296875));
#6685 = CARTESIAN_POINT('',(10.92724609375,-18.6,5.5275390625));
#6686 = CARTESIAN_POINT('',(9.8984375,-18.6,5.5275390625));
#6687 = PCURVE('',#2086,#6688);
#6688 = DEFINITIONAL_REPRESENTATION('',(#6689),#6693);
#6689 = LINE('',#6690,#6691);
#6690 = CARTESIAN_POINT('',(0.,-0.6));
#6691 = VECTOR('',#6692,1.);
#6692 = DIRECTION('',(1.,0.));
#6693 = ( GEOMETRIC_REPRESENTATION_CONTEXT(2) 
PARAMETRIC_REPRESENTATION_CONTEXT() REPRESENTATION_CONTEXT('2D SPACE',''
  ) );
#6694 = PCURVE('',#6151,#6695);
#6695 = DEFINITIONAL_REPRESENTATION('',(#6696),#6700);
#6696 = B_SPLINE_CURVE_WITH_KNOTS('',2,(#6697,#6698,#6699),
  .UNSPECIFIED.,.F.,.F.,(3,3),(0.,1.),.PIECEWISE_BEZIER_KNOTS.);
#6697 = CARTESIAN_POINT('',(4.028076171875,0.312744140625));
#6698 = CARTESIAN_POINT('',(3.52734375,-9.912109375E-02));
#6699 = CARTESIAN_POINT('',(2.49853515625,-9.912109375E-02));
#6700 = ( GEOMETRIC_REPRESENTATION_CONTEXT(2) 
PARAMETRIC_REPRESENTATION_CONTEXT() REPRESENTATION_CONTEXT('2D SPACE',''
  ) );
#6701 = ORIENTED_EDGE('',*,*,#6702,.F.);
#6702 = EDGE_CURVE('',#2041,#6680,#6703,.T.);
#6703 = SURFACE_CURVE('',#6704,(#6708,#6715),.PCURVE_S1.);
#6704 = LINE('',#6705,#6706);
#6705 = CARTESIAN_POINT('',(9.8984375,-18.,5.5275390625));
#6706 = VECTOR('',#6707,1.);
#6707 = DIRECTION('',(0.,-1.,0.));
#6708 = PCURVE('',#2086,#6709);
#6709 = DEFINITIONAL_REPRESENTATION('',(#6710),#6714);
#6710 = LINE('',#6711,#6712);
#6711 = CARTESIAN_POINT('',(1.,0.));
#6712 = VECTOR('',#6713,1.);
#6713 = DIRECTION('',(0.,-1.));
#6714 = ( GEOMETRIC_REPRESENTATION_CONTEXT(2) 
PARAMETRIC_REPRESENTATION_CONTEXT() REPRESENTATION_CONTEXT('2D SPACE',''
  ) );
#6715 = PCURVE('',#2056,#6716);
#6716 = DEFINITIONAL_REPRESENTATION('',(#6717),#6721);
#6717 = LINE('',#6718,#6719);
#6718 = CARTESIAN_POINT('',(0.,0.));
#6719 = VECTOR('',#6720,1.);
#6720 = DIRECTION('',(0.,-1.));
#6721 = ( GEOMETRIC_REPRESENTATION_CONTEXT(2) 
PARAMETRIC_REPRESENTATION_CONTEXT() REPRESENTATION_CONTEXT('2D SPACE',''
  ) );
#6722 = ORIENTED_EDGE('',*,*,#2070,.F.);
#6723 = ADVANCED_FACE('',(#6724),#2056,.T.);
#6724 = FACE_BOUND('',#6725,.T.);
#6725 = EDGE_LOOP('',(#6726,#6727,#6750,#6771));
#6726 = ORIENTED_EDGE('',*,*,#6702,.T.);
#6727 = ORIENTED_EDGE('',*,*,#6728,.T.);
#6728 = EDGE_CURVE('',#6680,#6729,#6731,.T.);
#6729 = VERTEX_POINT('',#6730);
#6730 = CARTESIAN_POINT('',(8.92431640625,-18.6,5.61982421875));
#6731 = SURFACE_CURVE('',#6732,(#6736,#6743),.PCURVE_S1.);
#6732 = B_SPLINE_CURVE_WITH_KNOTS('',2,(#6733,#6734,#6735),
  .UNSPECIFIED.,.F.,.F.,(3,3),(0.,1.),.PIECEWISE_BEZIER_KNOTS.);
#6733 = CARTESIAN_POINT('',(9.8984375,-18.6,5.5275390625));
#6734 = CARTESIAN_POINT('',(9.4130859375,-18.6,5.5275390625));
#6735 = CARTESIAN_POINT('',(8.92431640625,-18.6,5.61982421875));
#6736 = PCURVE('',#2056,#6737);
#6737 = DEFINITIONAL_REPRESENTATION('',(#6738),#6742);
#6738 = LINE('',#6739,#6740);
#6739 = CARTESIAN_POINT('',(0.,-0.6));
#6740 = VECTOR('',#6741,1.);
#6741 = DIRECTION('',(1.,0.));
#6742 = ( GEOMETRIC_REPRESENTATION_CONTEXT(2) 
PARAMETRIC_REPRESENTATION_CONTEXT() REPRESENTATION_CONTEXT('2D SPACE',''
  ) );
#6743 = PCURVE('',#6151,#6744);
#6744 = DEFINITIONAL_REPRESENTATION('',(#6745),#6749);
#6745 = B_SPLINE_CURVE_WITH_KNOTS('',2,(#6746,#6747,#6748),
  .UNSPECIFIED.,.F.,.F.,(3,3),(0.,1.),.PIECEWISE_BEZIER_KNOTS.);
#6746 = CARTESIAN_POINT('',(2.49853515625,-9.912109375E-02));
#6747 = CARTESIAN_POINT('',(2.01318359375,-9.912109375E-02));
#6748 = CARTESIAN_POINT('',(1.5244140625,-6.8359375E-03));
#6749 = ( GEOMETRIC_REPRESENTATION_CONTEXT(2) 
PARAMETRIC_REPRESENTATION_CONTEXT() REPRESENTATION_CONTEXT('2D SPACE',''
  ) );
#6750 = ORIENTED_EDGE('',*,*,#6751,.F.);
#6751 = EDGE_CURVE('',#2011,#6729,#6752,.T.);
#6752 = SURFACE_CURVE('',#6753,(#6757,#6764),.PCURVE_S1.);
#6753 = LINE('',#6754,#6755);
#6754 = CARTESIAN_POINT('',(8.92431640625,-18.,5.61982421875));
#6755 = VECTOR('',#6756,1.);
#6756 = DIRECTION('',(0.,-1.,0.));
#6757 = PCURVE('',#2056,#6758);
#6758 = DEFINITIONAL_REPRESENTATION('',(#6759),#6763);
#6759 = LINE('',#6760,#6761);
#6760 = CARTESIAN_POINT('',(1.,0.));
#6761 = VECTOR('',#6762,1.);
#6762 = DIRECTION('',(0.,-1.));
#6763 = ( GEOMETRIC_REPRESENTATION_CONTEXT(2) 
PARAMETRIC_REPRESENTATION_CONTEXT() REPRESENTATION_CONTEXT('2D SPACE',''
  ) );
#6764 = PCURVE('',#2026,#6765);
#6765 = DEFINITIONAL_REPRESENTATION('',(#6766),#6770);
#6766 = LINE('',#6767,#6768);
#6767 = CARTESIAN_POINT('',(0.,0.));
#6768 = VECTOR('',#6769,1.);
#6769 = DIRECTION('',(0.,-1.));
#6770 = ( GEOMETRIC_REPRESENTATION_CONTEXT(2) 
PARAMETRIC_REPRESENTATION_CONTEXT() REPRESENTATION_CONTEXT('2D SPACE',''
  ) );
#6771 = ORIENTED_EDGE('',*,*,#2040,.F.);
#6772 = ADVANCED_FACE('',(#6773),#2026,.T.);
#6773 = FACE_BOUND('',#6774,.T.);
#6774 = EDGE_LOOP('',(#6775,#6776,#6799,#6820));
#6775 = ORIENTED_EDGE('',*,*,#6751,.T.);
#6776 = ORIENTED_EDGE('',*,*,#6777,.T.);
#6777 = EDGE_CURVE('',#6729,#6778,#6780,.T.);
#6778 = VERTEX_POINT('',#6779);
#6779 = CARTESIAN_POINT('',(7.94677734375,-18.6,5.89326171875));
#6780 = SURFACE_CURVE('',#6781,(#6785,#6792),.PCURVE_S1.);
#6781 = B_SPLINE_CURVE_WITH_KNOTS('',2,(#6782,#6783,#6784),
  .UNSPECIFIED.,.F.,.F.,(3,3),(0.,1.),.PIECEWISE_BEZIER_KNOTS.);
#6782 = CARTESIAN_POINT('',(8.92431640625,-18.6,5.61982421875));
#6783 = CARTESIAN_POINT('',(8.435546875,-18.6,5.712109375));
#6784 = CARTESIAN_POINT('',(7.94677734375,-18.6,5.89326171875));
#6785 = PCURVE('',#2026,#6786);
#6786 = DEFINITIONAL_REPRESENTATION('',(#6787),#6791);
#6787 = LINE('',#6788,#6789);
#6788 = CARTESIAN_POINT('',(0.,-0.6));
#6789 = VECTOR('',#6790,1.);
#6790 = DIRECTION('',(1.,0.));
#6791 = ( GEOMETRIC_REPRESENTATION_CONTEXT(2) 
PARAMETRIC_REPRESENTATION_CONTEXT() REPRESENTATION_CONTEXT('2D SPACE',''
  ) );
#6792 = PCURVE('',#6151,#6793);
#6793 = DEFINITIONAL_REPRESENTATION('',(#6794),#6798);
#6794 = B_SPLINE_CURVE_WITH_KNOTS('',2,(#6795,#6796,#6797),
  .UNSPECIFIED.,.F.,.F.,(3,3),(0.,1.),.PIECEWISE_BEZIER_KNOTS.);
#6795 = CARTESIAN_POINT('',(1.5244140625,-6.8359375E-03));
#6796 = CARTESIAN_POINT('',(1.03564453125,8.544921875E-02));
#6797 = CARTESIAN_POINT('',(0.546875,0.2666015625));
#6798 = ( GEOMETRIC_REPRESENTATION_CONTEXT(2) 
PARAMETRIC_REPRESENTATION_CONTEXT() REPRESENTATION_CONTEXT('2D SPACE',''
  ) );
#6799 = ORIENTED_EDGE('',*,*,#6800,.F.);
#6800 = EDGE_CURVE('',#1983,#6778,#6801,.T.);
#6801 = SURFACE_CURVE('',#6802,(#6806,#6813),.PCURVE_S1.);
#6802 = LINE('',#6803,#6804);
#6803 = CARTESIAN_POINT('',(7.94677734375,-18.,5.89326171875));
#6804 = VECTOR('',#6805,1.);
#6805 = DIRECTION('',(0.,-1.,0.));
#6806 = PCURVE('',#2026,#6807);
#6807 = DEFINITIONAL_REPRESENTATION('',(#6808),#6812);
#6808 = LINE('',#6809,#6810);
#6809 = CARTESIAN_POINT('',(1.,0.));
#6810 = VECTOR('',#6811,1.);
#6811 = DIRECTION('',(0.,-1.));
#6812 = ( GEOMETRIC_REPRESENTATION_CONTEXT(2) 
PARAMETRIC_REPRESENTATION_CONTEXT() REPRESENTATION_CONTEXT('2D SPACE',''
  ) );
#6813 = PCURVE('',#1998,#6814);
#6814 = DEFINITIONAL_REPRESENTATION('',(#6815),#6819);
#6815 = LINE('',#6816,#6817);
#6816 = CARTESIAN_POINT('',(0.,0.));
#6817 = VECTOR('',#6818,1.);
#6818 = DIRECTION('',(0.,-1.));
#6819 = ( GEOMETRIC_REPRESENTATION_CONTEXT(2) 
PARAMETRIC_REPRESENTATION_CONTEXT() REPRESENTATION_CONTEXT('2D SPACE',''
  ) );
#6820 = ORIENTED_EDGE('',*,*,#2010,.F.);
#6821 = ADVANCED_FACE('',(#6822),#1998,.T.);
#6822 = FACE_BOUND('',#6823,.T.);
#6823 = EDGE_LOOP('',(#6824,#6825,#6848,#6869));
#6824 = ORIENTED_EDGE('',*,*,#6800,.T.);
#6825 = ORIENTED_EDGE('',*,*,#6826,.T.);
#6826 = EDGE_CURVE('',#6778,#6827,#6829,.T.);
#6827 = VERTEX_POINT('',#6828);
#6828 = CARTESIAN_POINT('',(7.94677734375,-18.6,7.0041015625));
#6829 = SURFACE_CURVE('',#6830,(#6834,#6841),.PCURVE_S1.);
#6830 = LINE('',#6831,#6832);
#6831 = CARTESIAN_POINT('',(7.94677734375,-18.6,5.89326171875));
#6832 = VECTOR('',#6833,1.);
#6833 = DIRECTION('',(0.,0.,1.));
#6834 = PCURVE('',#1998,#6835);
#6835 = DEFINITIONAL_REPRESENTATION('',(#6836),#6840);
#6836 = LINE('',#6837,#6838);
#6837 = CARTESIAN_POINT('',(0.,-0.6));
#6838 = VECTOR('',#6839,1.);
#6839 = DIRECTION('',(1.,0.));
#6840 = ( GEOMETRIC_REPRESENTATION_CONTEXT(2) 
PARAMETRIC_REPRESENTATION_CONTEXT() REPRESENTATION_CONTEXT('2D SPACE',''
  ) );
#6841 = PCURVE('',#6151,#6842);
#6842 = DEFINITIONAL_REPRESENTATION('',(#6843),#6847);
#6843 = LINE('',#6844,#6845);
#6844 = CARTESIAN_POINT('',(0.546875,0.2666015625));
#6845 = VECTOR('',#6846,1.);
#6846 = DIRECTION('',(0.,1.));
#6847 = ( GEOMETRIC_REPRESENTATION_CONTEXT(2) 
PARAMETRIC_REPRESENTATION_CONTEXT() REPRESENTATION_CONTEXT('2D SPACE',''
  ) );
#6848 = ORIENTED_EDGE('',*,*,#6849,.F.);
#6849 = EDGE_CURVE('',#1953,#6827,#6850,.T.);
#6850 = SURFACE_CURVE('',#6851,(#6855,#6862),.PCURVE_S1.);
#6851 = LINE('',#6852,#6853);
#6852 = CARTESIAN_POINT('',(7.94677734375,-18.,7.0041015625));
#6853 = VECTOR('',#6854,1.);
#6854 = DIRECTION('',(0.,-1.,0.));
#6855 = PCURVE('',#1998,#6856);
#6856 = DEFINITIONAL_REPRESENTATION('',(#6857),#6861);
#6857 = LINE('',#6858,#6859);
#6858 = CARTESIAN_POINT('',(1.11083984375,0.));
#6859 = VECTOR('',#6860,1.);
#6860 = DIRECTION('',(0.,-1.));
#6861 = ( GEOMETRIC_REPRESENTATION_CONTEXT(2) 
PARAMETRIC_REPRESENTATION_CONTEXT() REPRESENTATION_CONTEXT('2D SPACE',''
  ) );
#6862 = PCURVE('',#1968,#6863);
#6863 = DEFINITIONAL_REPRESENTATION('',(#6864),#6868);
#6864 = LINE('',#6865,#6866);
#6865 = CARTESIAN_POINT('',(0.,0.));
#6866 = VECTOR('',#6867,1.);
#6867 = DIRECTION('',(0.,-1.));
#6868 = ( GEOMETRIC_REPRESENTATION_CONTEXT(2) 
PARAMETRIC_REPRESENTATION_CONTEXT() REPRESENTATION_CONTEXT('2D SPACE',''
  ) );
#6869 = ORIENTED_EDGE('',*,*,#1982,.F.);
#6870 = ADVANCED_FACE('',(#6871),#1968,.T.);
#6871 = FACE_BOUND('',#6872,.T.);
#6872 = EDGE_LOOP('',(#6873,#6874,#6897,#6918));
#6873 = ORIENTED_EDGE('',*,*,#6849,.T.);
#6874 = ORIENTED_EDGE('',*,*,#6875,.T.);
#6875 = EDGE_CURVE('',#6827,#6876,#6878,.T.);
#6876 = VERTEX_POINT('',#6877);
#6877 = CARTESIAN_POINT('',(8.891845703125,-18.6,6.612744140625));
#6878 = SURFACE_CURVE('',#6879,(#6883,#6890),.PCURVE_S1.);
#6879 = B_SPLINE_CURVE_WITH_KNOTS('',2,(#6880,#6881,#6882),
  .UNSPECIFIED.,.F.,.F.,(3,3),(0.,1.),.PIECEWISE_BEZIER_KNOTS.);
#6880 = CARTESIAN_POINT('',(7.94677734375,-18.6,7.0041015625));
#6881 = CARTESIAN_POINT('',(8.435546875,-18.6,6.7443359375));
#6882 = CARTESIAN_POINT('',(8.891845703125,-18.6,6.612744140625));
#6883 = PCURVE('',#1968,#6884);
#6884 = DEFINITIONAL_REPRESENTATION('',(#6885),#6889);
#6885 = LINE('',#6886,#6887);
#6886 = CARTESIAN_POINT('',(0.,-0.6));
#6887 = VECTOR('',#6888,1.);
#6888 = DIRECTION('',(1.,0.));
#6889 = ( GEOMETRIC_REPRESENTATION_CONTEXT(2) 
PARAMETRIC_REPRESENTATION_CONTEXT() REPRESENTATION_CONTEXT('2D SPACE',''
  ) );
#6890 = PCURVE('',#6151,#6891);
#6891 = DEFINITIONAL_REPRESENTATION('',(#6892),#6896);
#6892 = B_SPLINE_CURVE_WITH_KNOTS('',2,(#6893,#6894,#6895),
  .UNSPECIFIED.,.F.,.F.,(3,3),(0.,1.),.PIECEWISE_BEZIER_KNOTS.);
#6893 = CARTESIAN_POINT('',(0.546875,1.37744140625));
#6894 = CARTESIAN_POINT('',(1.03564453125,1.11767578125));
#6895 = CARTESIAN_POINT('',(1.491943359375,0.986083984375));
#6896 = ( GEOMETRIC_REPRESENTATION_CONTEXT(2) 
PARAMETRIC_REPRESENTATION_CONTEXT() REPRESENTATION_CONTEXT('2D SPACE',''
  ) );
#6897 = ORIENTED_EDGE('',*,*,#6898,.F.);
#6898 = EDGE_CURVE('',#1923,#6876,#6899,.T.);
#6899 = SURFACE_CURVE('',#6900,(#6904,#6911),.PCURVE_S1.);
#6900 = LINE('',#6901,#6902);
#6901 = CARTESIAN_POINT('',(8.891845703125,-18.,6.612744140625));
#6902 = VECTOR('',#6903,1.);
#6903 = DIRECTION('',(0.,-1.,0.));
#6904 = PCURVE('',#1968,#6905);
#6905 = DEFINITIONAL_REPRESENTATION('',(#6906),#6910);
#6906 = LINE('',#6907,#6908);
#6907 = CARTESIAN_POINT('',(1.,0.));
#6908 = VECTOR('',#6909,1.);
#6909 = DIRECTION('',(0.,-1.));
#6910 = ( GEOMETRIC_REPRESENTATION_CONTEXT(2) 
PARAMETRIC_REPRESENTATION_CONTEXT() REPRESENTATION_CONTEXT('2D SPACE',''
  ) );
#6911 = PCURVE('',#1938,#6912);
#6912 = DEFINITIONAL_REPRESENTATION('',(#6913),#6917);
#6913 = LINE('',#6914,#6915);
#6914 = CARTESIAN_POINT('',(0.,0.));
#6915 = VECTOR('',#6916,1.);
#6916 = DIRECTION('',(0.,-1.));
#6917 = ( GEOMETRIC_REPRESENTATION_CONTEXT(2) 
PARAMETRIC_REPRESENTATION_CONTEXT() REPRESENTATION_CONTEXT('2D SPACE',''
  ) );
#6918 = ORIENTED_EDGE('',*,*,#1952,.F.);
#6919 = ADVANCED_FACE('',(#6920),#1938,.T.);
#6920 = FACE_BOUND('',#6921,.T.);
#6921 = EDGE_LOOP('',(#6922,#6923,#6946,#6967));
#6922 = ORIENTED_EDGE('',*,*,#6898,.T.);
#6923 = ORIENTED_EDGE('',*,*,#6924,.T.);
#6924 = EDGE_CURVE('',#6876,#6925,#6927,.T.);
#6925 = VERTEX_POINT('',#6926);
#6926 = CARTESIAN_POINT('',(9.77197265625,-18.6,6.48115234375));
#6927 = SURFACE_CURVE('',#6928,(#6932,#6939),.PCURVE_S1.);
#6928 = B_SPLINE_CURVE_WITH_KNOTS('',2,(#6929,#6930,#6931),
  .UNSPECIFIED.,.F.,.F.,(3,3),(0.,1.),.PIECEWISE_BEZIER_KNOTS.);
#6929 = CARTESIAN_POINT('',(8.891845703125,-18.6,6.612744140625));
#6930 = CARTESIAN_POINT('',(9.34814453125,-18.6,6.48115234375));
#6931 = CARTESIAN_POINT('',(9.77197265625,-18.6,6.48115234375));
#6932 = PCURVE('',#1938,#6933);
#6933 = DEFINITIONAL_REPRESENTATION('',(#6934),#6938);
#6934 = LINE('',#6935,#6936);
#6935 = CARTESIAN_POINT('',(0.,-0.6));
#6936 = VECTOR('',#6937,1.);
#6937 = DIRECTION('',(1.,0.));
#6938 = ( GEOMETRIC_REPRESENTATION_CONTEXT(2) 
PARAMETRIC_REPRESENTATION_CONTEXT() REPRESENTATION_CONTEXT('2D SPACE',''
  ) );
#6939 = PCURVE('',#6151,#6940);
#6940 = DEFINITIONAL_REPRESENTATION('',(#6941),#6945);
#6941 = B_SPLINE_CURVE_WITH_KNOTS('',2,(#6942,#6943,#6944),
  .UNSPECIFIED.,.F.,.F.,(3,3),(0.,1.),.PIECEWISE_BEZIER_KNOTS.);
#6942 = CARTESIAN_POINT('',(1.491943359375,0.986083984375));
#6943 = CARTESIAN_POINT('',(1.9482421875,0.8544921875));
#6944 = CARTESIAN_POINT('',(2.3720703125,0.8544921875));
#6945 = ( GEOMETRIC_REPRESENTATION_CONTEXT(2) 
PARAMETRIC_REPRESENTATION_CONTEXT() REPRESENTATION_CONTEXT('2D SPACE',''
  ) );
#6946 = ORIENTED_EDGE('',*,*,#6947,.F.);
#6947 = EDGE_CURVE('',#1893,#6925,#6948,.T.);
#6948 = SURFACE_CURVE('',#6949,(#6953,#6960),.PCURVE_S1.);
#6949 = LINE('',#6950,#6951);
#6950 = CARTESIAN_POINT('',(9.77197265625,-18.,6.48115234375));
#6951 = VECTOR('',#6952,1.);
#6952 = DIRECTION('',(0.,-1.,0.));
#6953 = PCURVE('',#1938,#6954);
#6954 = DEFINITIONAL_REPRESENTATION('',(#6955),#6959);
#6955 = LINE('',#6956,#6957);
#6956 = CARTESIAN_POINT('',(1.,0.));
#6957 = VECTOR('',#6958,1.);
#6958 = DIRECTION('',(0.,-1.));
#6959 = ( GEOMETRIC_REPRESENTATION_CONTEXT(2) 
PARAMETRIC_REPRESENTATION_CONTEXT() REPRESENTATION_CONTEXT('2D SPACE',''
  ) );
#6960 = PCURVE('',#1908,#6961);
#6961 = DEFINITIONAL_REPRESENTATION('',(#6962),#6966);
#6962 = LINE('',#6963,#6964);
#6963 = CARTESIAN_POINT('',(0.,0.));
#6964 = VECTOR('',#6965,1.);
#6965 = DIRECTION('',(0.,-1.));
#6966 = ( GEOMETRIC_REPRESENTATION_CONTEXT(2) 
PARAMETRIC_REPRESENTATION_CONTEXT() REPRESENTATION_CONTEXT('2D SPACE',''
  ) );
#6967 = ORIENTED_EDGE('',*,*,#1922,.F.);
#6968 = ADVANCED_FACE('',(#6969),#1908,.T.);
#6969 = FACE_BOUND('',#6970,.T.);
#6970 = EDGE_LOOP('',(#6971,#6972,#6995,#7016));
#6971 = ORIENTED_EDGE('',*,*,#6947,.T.);
#6972 = ORIENTED_EDGE('',*,*,#6973,.T.);
#6973 = EDGE_CURVE('',#6925,#6974,#6976,.T.);
#6974 = VERTEX_POINT('',#6975);
#6975 = CARTESIAN_POINT('',(10.431640625,-18.6,6.62470703125));
#6976 = SURFACE_CURVE('',#6977,(#6981,#6988),.PCURVE_S1.);
#6977 = B_SPLINE_CURVE_WITH_KNOTS('',2,(#6978,#6979,#6980),
  .UNSPECIFIED.,.F.,.F.,(3,3),(0.,1.),.PIECEWISE_BEZIER_KNOTS.);
#6978 = CARTESIAN_POINT('',(9.77197265625,-18.6,6.48115234375));
#6979 = CARTESIAN_POINT('',(10.20263671875,-18.6,6.48115234375));
#6980 = CARTESIAN_POINT('',(10.431640625,-18.6,6.62470703125));
#6981 = PCURVE('',#1908,#6982);
#6982 = DEFINITIONAL_REPRESENTATION('',(#6983),#6987);
#6983 = LINE('',#6984,#6985);
#6984 = CARTESIAN_POINT('',(0.,-0.6));
#6985 = VECTOR('',#6986,1.);
#6986 = DIRECTION('',(1.,0.));
#6987 = ( GEOMETRIC_REPRESENTATION_CONTEXT(2) 
PARAMETRIC_REPRESENTATION_CONTEXT() REPRESENTATION_CONTEXT('2D SPACE',''
  ) );
#6988 = PCURVE('',#6151,#6989);
#6989 = DEFINITIONAL_REPRESENTATION('',(#6990),#6994);
#6990 = B_SPLINE_CURVE_WITH_KNOTS('',2,(#6991,#6992,#6993),
  .UNSPECIFIED.,.F.,.F.,(3,3),(0.,1.),.PIECEWISE_BEZIER_KNOTS.);
#6991 = CARTESIAN_POINT('',(2.3720703125,0.8544921875));
#6992 = CARTESIAN_POINT('',(2.802734375,0.8544921875));
#6993 = CARTESIAN_POINT('',(3.03173828125,0.998046875));
#6994 = ( GEOMETRIC_REPRESENTATION_CONTEXT(2) 
PARAMETRIC_REPRESENTATION_CONTEXT() REPRESENTATION_CONTEXT('2D SPACE',''
  ) );
#6995 = ORIENTED_EDGE('',*,*,#6996,.F.);
#6996 = EDGE_CURVE('',#1863,#6974,#6997,.T.);
#6997 = SURFACE_CURVE('',#6998,(#7002,#7009),.PCURVE_S1.);
#6998 = LINE('',#6999,#7000);
#6999 = CARTESIAN_POINT('',(10.431640625,-18.,6.62470703125));
#7000 = VECTOR('',#7001,1.);
#7001 = DIRECTION('',(0.,-1.,0.));
#7002 = PCURVE('',#1908,#7003);
#7003 = DEFINITIONAL_REPRESENTATION('',(#7004),#7008);
#7004 = LINE('',#7005,#7006);
#7005 = CARTESIAN_POINT('',(1.,0.));
#7006 = VECTOR('',#7007,1.);
#7007 = DIRECTION('',(0.,-1.));
#7008 = ( GEOMETRIC_REPRESENTATION_CONTEXT(2) 
PARAMETRIC_REPRESENTATION_CONTEXT() REPRESENTATION_CONTEXT('2D SPACE',''
  ) );
#7009 = PCURVE('',#1878,#7010);
#7010 = DEFINITIONAL_REPRESENTATION('',(#7011),#7015);
#7011 = LINE('',#7012,#7013);
#7012 = CARTESIAN_POINT('',(0.,0.));
#7013 = VECTOR('',#7014,1.);
#7014 = DIRECTION('',(0.,-1.));
#7015 = ( GEOMETRIC_REPRESENTATION_CONTEXT(2) 
PARAMETRIC_REPRESENTATION_CONTEXT() REPRESENTATION_CONTEXT('2D SPACE',''
  ) );
#7016 = ORIENTED_EDGE('',*,*,#1892,.F.);
#7017 = ADVANCED_FACE('',(#7018),#1878,.T.);
#7018 = FACE_BOUND('',#7019,.T.);
#7019 = EDGE_LOOP('',(#7020,#7021,#7044,#7065));
#7020 = ORIENTED_EDGE('',*,*,#6996,.T.);
#7021 = ORIENTED_EDGE('',*,*,#7022,.T.);
#7022 = EDGE_CURVE('',#6974,#7023,#7025,.T.);
#7023 = VERTEX_POINT('',#7024);
#7024 = CARTESIAN_POINT('',(10.66064453125,-18.6,7.03486328125));
#7025 = SURFACE_CURVE('',#7026,(#7030,#7037),.PCURVE_S1.);
#7026 = B_SPLINE_CURVE_WITH_KNOTS('',2,(#7027,#7028,#7029),
  .UNSPECIFIED.,.F.,.F.,(3,3),(0.,1.),.PIECEWISE_BEZIER_KNOTS.);
#7027 = CARTESIAN_POINT('',(10.431640625,-18.6,6.62470703125));
#7028 = CARTESIAN_POINT('',(10.66064453125,-18.6,6.76826171875));
#7029 = CARTESIAN_POINT('',(10.66064453125,-18.6,7.03486328125));
#7030 = PCURVE('',#1878,#7031);
#7031 = DEFINITIONAL_REPRESENTATION('',(#7032),#7036);
#7032 = LINE('',#7033,#7034);
#7033 = CARTESIAN_POINT('',(0.,-0.6));
#7034 = VECTOR('',#7035,1.);
#7035 = DIRECTION('',(1.,0.));
#7036 = ( GEOMETRIC_REPRESENTATION_CONTEXT(2) 
PARAMETRIC_REPRESENTATION_CONTEXT() REPRESENTATION_CONTEXT('2D SPACE',''
  ) );
#7037 = PCURVE('',#6151,#7038);
#7038 = DEFINITIONAL_REPRESENTATION('',(#7039),#7043);
#7039 = B_SPLINE_CURVE_WITH_KNOTS('',2,(#7040,#7041,#7042),
  .UNSPECIFIED.,.F.,.F.,(3,3),(0.,1.),.PIECEWISE_BEZIER_KNOTS.);
#7040 = CARTESIAN_POINT('',(3.03173828125,0.998046875));
#7041 = CARTESIAN_POINT('',(3.2607421875,1.1416015625));
#7042 = CARTESIAN_POINT('',(3.2607421875,1.408203125));
#7043 = ( GEOMETRIC_REPRESENTATION_CONTEXT(2) 
PARAMETRIC_REPRESENTATION_CONTEXT() REPRESENTATION_CONTEXT('2D SPACE',''
  ) );
#7044 = ORIENTED_EDGE('',*,*,#7045,.F.);
#7045 = EDGE_CURVE('',#1833,#7023,#7046,.T.);
#7046 = SURFACE_CURVE('',#7047,(#7051,#7058),.PCURVE_S1.);
#7047 = LINE('',#7048,#7049);
#7048 = CARTESIAN_POINT('',(10.66064453125,-18.,7.03486328125));
#7049 = VECTOR('',#7050,1.);
#7050 = DIRECTION('',(0.,-1.,0.));
#7051 = PCURVE('',#1878,#7052);
#7052 = DEFINITIONAL_REPRESENTATION('',(#7053),#7057);
#7053 = LINE('',#7054,#7055);
#7054 = CARTESIAN_POINT('',(1.,0.));
#7055 = VECTOR('',#7056,1.);
#7056 = DIRECTION('',(0.,-1.));
#7057 = ( GEOMETRIC_REPRESENTATION_CONTEXT(2) 
PARAMETRIC_REPRESENTATION_CONTEXT() REPRESENTATION_CONTEXT('2D SPACE',''
  ) );
#7058 = PCURVE('',#1848,#7059);
#7059 = DEFINITIONAL_REPRESENTATION('',(#7060),#7064);
#7060 = LINE('',#7061,#7062);
#7061 = CARTESIAN_POINT('',(0.,0.));
#7062 = VECTOR('',#7063,1.);
#7063 = DIRECTION('',(0.,-1.));
#7064 = ( GEOMETRIC_REPRESENTATION_CONTEXT(2) 
PARAMETRIC_REPRESENTATION_CONTEXT() REPRESENTATION_CONTEXT('2D SPACE',''
  ) );
#7065 = ORIENTED_EDGE('',*,*,#1862,.F.);
#7066 = ADVANCED_FACE('',(#7067),#1848,.T.);
#7067 = FACE_BOUND('',#7068,.T.);
#7068 = EDGE_LOOP('',(#7069,#7070,#7093,#7114));
#7069 = ORIENTED_EDGE('',*,*,#7045,.T.);
#7070 = ORIENTED_EDGE('',*,*,#7071,.T.);
#7071 = EDGE_CURVE('',#7023,#7072,#7074,.T.);
#7072 = VERTEX_POINT('',#7073);
#7073 = CARTESIAN_POINT('',(10.505126953125,-18.6,7.40400390625));
#7074 = SURFACE_CURVE('',#7075,(#7079,#7086),.PCURVE_S1.);
#7075 = B_SPLINE_CURVE_WITH_KNOTS('',2,(#7076,#7077,#7078),
  .UNSPECIFIED.,.F.,.F.,(3,3),(0.,1.),.PIECEWISE_BEZIER_KNOTS.);
#7076 = CARTESIAN_POINT('',(10.66064453125,-18.6,7.03486328125));
#7077 = CARTESIAN_POINT('',(10.66064453125,-18.6,7.27412109375));
#7078 = CARTESIAN_POINT('',(10.505126953125,-18.6,7.40400390625));
#7079 = PCURVE('',#1848,#7080);
#7080 = DEFINITIONAL_REPRESENTATION('',(#7081),#7085);
#7081 = LINE('',#7082,#7083);
#7082 = CARTESIAN_POINT('',(0.,-0.6));
#7083 = VECTOR('',#7084,1.);
#7084 = DIRECTION('',(1.,0.));
#7085 = ( GEOMETRIC_REPRESENTATION_CONTEXT(2) 
PARAMETRIC_REPRESENTATION_CONTEXT() REPRESENTATION_CONTEXT('2D SPACE',''
  ) );
#7086 = PCURVE('',#6151,#7087);
#7087 = DEFINITIONAL_REPRESENTATION('',(#7088),#7092);
#7088 = B_SPLINE_CURVE_WITH_KNOTS('',2,(#7089,#7090,#7091),
  .UNSPECIFIED.,.F.,.F.,(3,3),(0.,1.),.PIECEWISE_BEZIER_KNOTS.);
#7089 = CARTESIAN_POINT('',(3.2607421875,1.408203125));
#7090 = CARTESIAN_POINT('',(3.2607421875,1.6474609375));
#7091 = CARTESIAN_POINT('',(3.105224609375,1.77734375));
#7092 = ( GEOMETRIC_REPRESENTATION_CONTEXT(2) 
PARAMETRIC_REPRESENTATION_CONTEXT() REPRESENTATION_CONTEXT('2D SPACE',''
  ) );
#7093 = ORIENTED_EDGE('',*,*,#7094,.F.);
#7094 = EDGE_CURVE('',#1803,#7072,#7095,.T.);
#7095 = SURFACE_CURVE('',#7096,(#7100,#7107),.PCURVE_S1.);
#7096 = LINE('',#7097,#7098);
#7097 = CARTESIAN_POINT('',(10.505126953125,-18.,7.40400390625));
#7098 = VECTOR('',#7099,1.);
#7099 = DIRECTION('',(0.,-1.,0.));
#7100 = PCURVE('',#1848,#7101);
#7101 = DEFINITIONAL_REPRESENTATION('',(#7102),#7106);
#7102 = LINE('',#7103,#7104);
#7103 = CARTESIAN_POINT('',(1.,0.));
#7104 = VECTOR('',#7105,1.);
#7105 = DIRECTION('',(0.,-1.));
#7106 = ( GEOMETRIC_REPRESENTATION_CONTEXT(2) 
PARAMETRIC_REPRESENTATION_CONTEXT() REPRESENTATION_CONTEXT('2D SPACE',''
  ) );
#7107 = PCURVE('',#1818,#7108);
#7108 = DEFINITIONAL_REPRESENTATION('',(#7109),#7113);
#7109 = LINE('',#7110,#7111);
#7110 = CARTESIAN_POINT('',(0.,0.));
#7111 = VECTOR('',#7112,1.);
#7112 = DIRECTION('',(0.,-1.));
#7113 = ( GEOMETRIC_REPRESENTATION_CONTEXT(2) 
PARAMETRIC_REPRESENTATION_CONTEXT() REPRESENTATION_CONTEXT('2D SPACE',''
  ) );
#7114 = ORIENTED_EDGE('',*,*,#1832,.F.);
#7115 = ADVANCED_FACE('',(#7116),#1818,.T.);
#7116 = FACE_BOUND('',#7117,.T.);
#7117 = EDGE_LOOP('',(#7118,#7119,#7142,#7163));
#7118 = ORIENTED_EDGE('',*,*,#7094,.T.);
#7119 = ORIENTED_EDGE('',*,*,#7120,.T.);
#7120 = EDGE_CURVE('',#7072,#7121,#7123,.T.);
#7121 = VERTEX_POINT('',#7122);
#7122 = CARTESIAN_POINT('',(9.884765625,-18.6,7.63642578125));
#7123 = SURFACE_CURVE('',#7124,(#7128,#7135),.PCURVE_S1.);
#7124 = B_SPLINE_CURVE_WITH_KNOTS('',2,(#7125,#7126,#7127),
  .UNSPECIFIED.,.F.,.F.,(3,3),(0.,1.),.PIECEWISE_BEZIER_KNOTS.);
#7125 = CARTESIAN_POINT('',(10.505126953125,-18.6,7.40400390625));
#7126 = CARTESIAN_POINT('',(10.349609375,-18.6,7.53388671875));
#7127 = CARTESIAN_POINT('',(9.884765625,-18.6,7.63642578125));
#7128 = PCURVE('',#1818,#7129);
#7129 = DEFINITIONAL_REPRESENTATION('',(#7130),#7134);
#7130 = LINE('',#7131,#7132);
#7131 = CARTESIAN_POINT('',(0.,-0.6));
#7132 = VECTOR('',#7133,1.);
#7133 = DIRECTION('',(1.,0.));
#7134 = ( GEOMETRIC_REPRESENTATION_CONTEXT(2) 
PARAMETRIC_REPRESENTATION_CONTEXT() REPRESENTATION_CONTEXT('2D SPACE',''
  ) );
#7135 = PCURVE('',#6151,#7136);
#7136 = DEFINITIONAL_REPRESENTATION('',(#7137),#7141);
#7137 = B_SPLINE_CURVE_WITH_KNOTS('',2,(#7138,#7139,#7140),
  .UNSPECIFIED.,.F.,.F.,(3,3),(0.,1.),.PIECEWISE_BEZIER_KNOTS.);
#7138 = CARTESIAN_POINT('',(3.105224609375,1.77734375));
#7139 = CARTESIAN_POINT('',(2.94970703125,1.9072265625));
#7140 = CARTESIAN_POINT('',(2.48486328125,2.009765625));
#7141 = ( GEOMETRIC_REPRESENTATION_CONTEXT(2) 
PARAMETRIC_REPRESENTATION_CONTEXT() REPRESENTATION_CONTEXT('2D SPACE',''
  ) );
#7142 = ORIENTED_EDGE('',*,*,#7143,.F.);
#7143 = EDGE_CURVE('',#1775,#7121,#7144,.T.);
#7144 = SURFACE_CURVE('',#7145,(#7149,#7156),.PCURVE_S1.);
#7145 = LINE('',#7146,#7147);
#7146 = CARTESIAN_POINT('',(9.884765625,-18.,7.63642578125));
#7147 = VECTOR('',#7148,1.);
#7148 = DIRECTION('',(0.,-1.,0.));
#7149 = PCURVE('',#1818,#7150);
#7150 = DEFINITIONAL_REPRESENTATION('',(#7151),#7155);
#7151 = LINE('',#7152,#7153);
#7152 = CARTESIAN_POINT('',(1.,0.));
#7153 = VECTOR('',#7154,1.);
#7154 = DIRECTION('',(0.,-1.));
#7155 = ( GEOMETRIC_REPRESENTATION_CONTEXT(2) 
PARAMETRIC_REPRESENTATION_CONTEXT() REPRESENTATION_CONTEXT('2D SPACE',''
  ) );
#7156 = PCURVE('',#1790,#7157);
#7157 = DEFINITIONAL_REPRESENTATION('',(#7158),#7162);
#7158 = LINE('',#7159,#7160);
#7159 = CARTESIAN_POINT('',(0.,0.));
#7160 = VECTOR('',#7161,1.);
#7161 = DIRECTION('',(0.,-1.));
#7162 = ( GEOMETRIC_REPRESENTATION_CONTEXT(2) 
PARAMETRIC_REPRESENTATION_CONTEXT() REPRESENTATION_CONTEXT('2D SPACE',''
  ) );
#7163 = ORIENTED_EDGE('',*,*,#1802,.F.);
#7164 = ADVANCED_FACE('',(#7165),#1790,.T.);
#7165 = FACE_BOUND('',#7166,.T.);
#7166 = EDGE_LOOP('',(#7167,#7168,#7191,#7212));
#7167 = ORIENTED_EDGE('',*,*,#7143,.T.);
#7168 = ORIENTED_EDGE('',*,*,#7169,.T.);
#7169 = EDGE_CURVE('',#7121,#7170,#7172,.T.);
#7170 = VERTEX_POINT('',#7171);
#7171 = CARTESIAN_POINT('',(9.37548828125,-18.6,7.74921875));
#7172 = SURFACE_CURVE('',#7173,(#7177,#7184),.PCURVE_S1.);
#7173 = LINE('',#7174,#7175);
#7174 = CARTESIAN_POINT('',(9.884765625,-18.6,7.63642578125));
#7175 = VECTOR('',#7176,1.);
#7176 = DIRECTION('',(-0.976340993019,0.,0.216236595769));
#7177 = PCURVE('',#1790,#7178);
#7178 = DEFINITIONAL_REPRESENTATION('',(#7179),#7183);
#7179 = LINE('',#7180,#7181);
#7180 = CARTESIAN_POINT('',(0.,-0.6));
#7181 = VECTOR('',#7182,1.);
#7182 = DIRECTION('',(1.,0.));
#7183 = ( GEOMETRIC_REPRESENTATION_CONTEXT(2) 
PARAMETRIC_REPRESENTATION_CONTEXT() REPRESENTATION_CONTEXT('2D SPACE',''
  ) );
#7184 = PCURVE('',#6151,#7185);
#7185 = DEFINITIONAL_REPRESENTATION('',(#7186),#7190);
#7186 = LINE('',#7187,#7188);
#7187 = CARTESIAN_POINT('',(2.48486328125,2.009765625));
#7188 = VECTOR('',#7189,1.);
#7189 = DIRECTION('',(-0.976340993019,0.216236595769));
#7190 = ( GEOMETRIC_REPRESENTATION_CONTEXT(2) 
PARAMETRIC_REPRESENTATION_CONTEXT() REPRESENTATION_CONTEXT('2D SPACE',''
  ) );
#7191 = ORIENTED_EDGE('',*,*,#7192,.F.);
#7192 = EDGE_CURVE('',#1745,#7170,#7193,.T.);
#7193 = SURFACE_CURVE('',#7194,(#7198,#7205),.PCURVE_S1.);
#7194 = LINE('',#7195,#7196);
#7195 = CARTESIAN_POINT('',(9.37548828125,-18.,7.74921875));
#7196 = VECTOR('',#7197,1.);
#7197 = DIRECTION('',(0.,-1.,0.));
#7198 = PCURVE('',#1790,#7199);
#7199 = DEFINITIONAL_REPRESENTATION('',(#7200),#7204);
#7200 = LINE('',#7201,#7202);
#7201 = CARTESIAN_POINT('',(0.521618315108,0.));
#7202 = VECTOR('',#7203,1.);
#7203 = DIRECTION('',(0.,-1.));
#7204 = ( GEOMETRIC_REPRESENTATION_CONTEXT(2) 
PARAMETRIC_REPRESENTATION_CONTEXT() REPRESENTATION_CONTEXT('2D SPACE',''
  ) );
#7205 = PCURVE('',#1760,#7206);
#7206 = DEFINITIONAL_REPRESENTATION('',(#7207),#7211);
#7207 = LINE('',#7208,#7209);
#7208 = CARTESIAN_POINT('',(0.,0.));
#7209 = VECTOR('',#7210,1.);
#7210 = DIRECTION('',(0.,-1.));
#7211 = ( GEOMETRIC_REPRESENTATION_CONTEXT(2) 
PARAMETRIC_REPRESENTATION_CONTEXT() REPRESENTATION_CONTEXT('2D SPACE',''
  ) );
#7212 = ORIENTED_EDGE('',*,*,#1774,.F.);
#7213 = ADVANCED_FACE('',(#7214),#1760,.T.);
#7214 = FACE_BOUND('',#7215,.T.);
#7215 = EDGE_LOOP('',(#7216,#7217,#7240,#7261));
#7216 = ORIENTED_EDGE('',*,*,#7192,.T.);
#7217 = ORIENTED_EDGE('',*,*,#7218,.T.);
#7218 = EDGE_CURVE('',#7170,#7219,#7221,.T.);
#7219 = VERTEX_POINT('',#7220);
#7220 = CARTESIAN_POINT('',(8.256103515625,-18.6,8.27216796875));
#7221 = SURFACE_CURVE('',#7222,(#7226,#7233),.PCURVE_S1.);
#7222 = B_SPLINE_CURVE_WITH_KNOTS('',2,(#7223,#7224,#7225),
  .UNSPECIFIED.,.F.,.F.,(3,3),(0.,1.),.PIECEWISE_BEZIER_KNOTS.);
#7223 = CARTESIAN_POINT('',(9.37548828125,-18.6,7.74921875));
#7224 = CARTESIAN_POINT('',(8.60986328125,-18.6,7.91328125));
#7225 = CARTESIAN_POINT('',(8.256103515625,-18.6,8.27216796875));
#7226 = PCURVE('',#1760,#7227);
#7227 = DEFINITIONAL_REPRESENTATION('',(#7228),#7232);
#7228 = LINE('',#7229,#7230);
#7229 = CARTESIAN_POINT('',(0.,-0.6));
#7230 = VECTOR('',#7231,1.);
#7231 = DIRECTION('',(1.,0.));
#7232 = ( GEOMETRIC_REPRESENTATION_CONTEXT(2) 
PARAMETRIC_REPRESENTATION_CONTEXT() REPRESENTATION_CONTEXT('2D SPACE',''
  ) );
#7233 = PCURVE('',#6151,#7234);
#7234 = DEFINITIONAL_REPRESENTATION('',(#7235),#7239);
#7235 = B_SPLINE_CURVE_WITH_KNOTS('',2,(#7236,#7237,#7238),
  .UNSPECIFIED.,.F.,.F.,(3,3),(0.,1.),.PIECEWISE_BEZIER_KNOTS.);
#7236 = CARTESIAN_POINT('',(1.9755859375,2.12255859375));
#7237 = CARTESIAN_POINT('',(1.2099609375,2.28662109375));
#7238 = CARTESIAN_POINT('',(0.856201171875,2.6455078125));
#7239 = ( GEOMETRIC_REPRESENTATION_CONTEXT(2) 
PARAMETRIC_REPRESENTATION_CONTEXT() REPRESENTATION_CONTEXT('2D SPACE',''
  ) );
#7240 = ORIENTED_EDGE('',*,*,#7241,.F.);
#7241 = EDGE_CURVE('',#1715,#7219,#7242,.T.);
#7242 = SURFACE_CURVE('',#7243,(#7247,#7254),.PCURVE_S1.);
#7243 = LINE('',#7244,#7245);
#7244 = CARTESIAN_POINT('',(8.256103515625,-18.,8.27216796875));
#7245 = VECTOR('',#7246,1.);
#7246 = DIRECTION('',(0.,-1.,0.));
#7247 = PCURVE('',#1760,#7248);
#7248 = DEFINITIONAL_REPRESENTATION('',(#7249),#7253);
#7249 = LINE('',#7250,#7251);
#7250 = CARTESIAN_POINT('',(1.,0.));
#7251 = VECTOR('',#7252,1.);
#7252 = DIRECTION('',(0.,-1.));
#7253 = ( GEOMETRIC_REPRESENTATION_CONTEXT(2) 
PARAMETRIC_REPRESENTATION_CONTEXT() REPRESENTATION_CONTEXT('2D SPACE',''
  ) );
#7254 = PCURVE('',#1730,#7255);
#7255 = DEFINITIONAL_REPRESENTATION('',(#7256),#7260);
#7256 = LINE('',#7257,#7258);
#7257 = CARTESIAN_POINT('',(0.,0.));
#7258 = VECTOR('',#7259,1.);
#7259 = DIRECTION('',(0.,-1.));
#7260 = ( GEOMETRIC_REPRESENTATION_CONTEXT(2) 
PARAMETRIC_REPRESENTATION_CONTEXT() REPRESENTATION_CONTEXT('2D SPACE',''
  ) );
#7261 = ORIENTED_EDGE('',*,*,#1744,.F.);
#7262 = ADVANCED_FACE('',(#7263),#1730,.T.);
#7263 = FACE_BOUND('',#7264,.T.);
#7264 = EDGE_LOOP('',(#7265,#7266,#7289,#7310));
#7265 = ORIENTED_EDGE('',*,*,#7241,.T.);
#7266 = ORIENTED_EDGE('',*,*,#7267,.T.);
#7267 = EDGE_CURVE('',#7219,#7268,#7270,.T.);
#7268 = VERTEX_POINT('',#7269);
#7269 = CARTESIAN_POINT('',(7.90234375,-18.6,9.239453125));
#7270 = SURFACE_CURVE('',#7271,(#7275,#7282),.PCURVE_S1.);
#7271 = B_SPLINE_CURVE_WITH_KNOTS('',2,(#7272,#7273,#7274),
  .UNSPECIFIED.,.F.,.F.,(3,3),(0.,1.),.PIECEWISE_BEZIER_KNOTS.);
#7272 = CARTESIAN_POINT('',(8.256103515625,-18.6,8.27216796875));
#7273 = CARTESIAN_POINT('',(7.90234375,-18.6,8.6310546875));
#7274 = CARTESIAN_POINT('',(7.90234375,-18.6,9.239453125));
#7275 = PCURVE('',#1730,#7276);
#7276 = DEFINITIONAL_REPRESENTATION('',(#7277),#7281);
#7277 = LINE('',#7278,#7279);
#7278 = CARTESIAN_POINT('',(0.,-0.6));
#7279 = VECTOR('',#7280,1.);
#7280 = DIRECTION('',(1.,0.));
#7281 = ( GEOMETRIC_REPRESENTATION_CONTEXT(2) 
PARAMETRIC_REPRESENTATION_CONTEXT() REPRESENTATION_CONTEXT('2D SPACE',''
  ) );
#7282 = PCURVE('',#6151,#7283);
#7283 = DEFINITIONAL_REPRESENTATION('',(#7284),#7288);
#7284 = B_SPLINE_CURVE_WITH_KNOTS('',2,(#7285,#7286,#7287),
  .UNSPECIFIED.,.F.,.F.,(3,3),(0.,1.),.PIECEWISE_BEZIER_KNOTS.);
#7285 = CARTESIAN_POINT('',(0.856201171875,2.6455078125));
#7286 = CARTESIAN_POINT('',(0.50244140625,3.00439453125));
#7287 = CARTESIAN_POINT('',(0.50244140625,3.61279296875));
#7288 = ( GEOMETRIC_REPRESENTATION_CONTEXT(2) 
PARAMETRIC_REPRESENTATION_CONTEXT() REPRESENTATION_CONTEXT('2D SPACE',''
  ) );
#7289 = ORIENTED_EDGE('',*,*,#7290,.F.);
#7290 = EDGE_CURVE('',#1685,#7268,#7291,.T.);
#7291 = SURFACE_CURVE('',#7292,(#7296,#7303),.PCURVE_S1.);
#7292 = LINE('',#7293,#7294);
#7293 = CARTESIAN_POINT('',(7.90234375,-18.,9.239453125));
#7294 = VECTOR('',#7295,1.);
#7295 = DIRECTION('',(0.,-1.,0.));
#7296 = PCURVE('',#1730,#7297);
#7297 = DEFINITIONAL_REPRESENTATION('',(#7298),#7302);
#7298 = LINE('',#7299,#7300);
#7299 = CARTESIAN_POINT('',(1.,0.));
#7300 = VECTOR('',#7301,1.);
#7301 = DIRECTION('',(0.,-1.));
#7302 = ( GEOMETRIC_REPRESENTATION_CONTEXT(2) 
PARAMETRIC_REPRESENTATION_CONTEXT() REPRESENTATION_CONTEXT('2D SPACE',''
  ) );
#7303 = PCURVE('',#1700,#7304);
#7304 = DEFINITIONAL_REPRESENTATION('',(#7305),#7309);
#7305 = LINE('',#7306,#7307);
#7306 = CARTESIAN_POINT('',(0.,0.));
#7307 = VECTOR('',#7308,1.);
#7308 = DIRECTION('',(0.,-1.));
#7309 = ( GEOMETRIC_REPRESENTATION_CONTEXT(2) 
PARAMETRIC_REPRESENTATION_CONTEXT() REPRESENTATION_CONTEXT('2D SPACE',''
  ) );
#7310 = ORIENTED_EDGE('',*,*,#1714,.F.);
#7311 = ADVANCED_FACE('',(#7312),#1700,.T.);
#7312 = FACE_BOUND('',#7313,.T.);
#7313 = EDGE_LOOP('',(#7314,#7315,#7338,#7359));
#7314 = ORIENTED_EDGE('',*,*,#7290,.T.);
#7315 = ORIENTED_EDGE('',*,*,#7316,.T.);
#7316 = EDGE_CURVE('',#7268,#7317,#7319,.T.);
#7317 = VERTEX_POINT('',#7318);
#7318 = CARTESIAN_POINT('',(8.39453125,-18.6,10.41181640625));
#7319 = SURFACE_CURVE('',#7320,(#7324,#7331),.PCURVE_S1.);
#7320 = B_SPLINE_CURVE_WITH_KNOTS('',2,(#7321,#7322,#7323),
  .UNSPECIFIED.,.F.,.F.,(3,3),(0.,1.),.PIECEWISE_BEZIER_KNOTS.);
#7321 = CARTESIAN_POINT('',(7.90234375,-18.6,9.239453125));
#7322 = CARTESIAN_POINT('',(7.90234375,-18.6,10.00166015625));
#7323 = CARTESIAN_POINT('',(8.39453125,-18.6,10.41181640625));
#7324 = PCURVE('',#1700,#7325);
#7325 = DEFINITIONAL_REPRESENTATION('',(#7326),#7330);
#7326 = LINE('',#7327,#7328);
#7327 = CARTESIAN_POINT('',(0.,-0.6));
#7328 = VECTOR('',#7329,1.);
#7329 = DIRECTION('',(1.,0.));
#7330 = ( GEOMETRIC_REPRESENTATION_CONTEXT(2) 
PARAMETRIC_REPRESENTATION_CONTEXT() REPRESENTATION_CONTEXT('2D SPACE',''
  ) );
#7331 = PCURVE('',#6151,#7332);
#7332 = DEFINITIONAL_REPRESENTATION('',(#7333),#7337);
#7333 = B_SPLINE_CURVE_WITH_KNOTS('',2,(#7334,#7335,#7336),
  .UNSPECIFIED.,.F.,.F.,(3,3),(0.,1.),.PIECEWISE_BEZIER_KNOTS.);
#7334 = CARTESIAN_POINT('',(0.50244140625,3.61279296875));
#7335 = CARTESIAN_POINT('',(0.50244140625,4.375));
#7336 = CARTESIAN_POINT('',(0.99462890625,4.78515625));
#7337 = ( GEOMETRIC_REPRESENTATION_CONTEXT(2) 
PARAMETRIC_REPRESENTATION_CONTEXT() REPRESENTATION_CONTEXT('2D SPACE',''
  ) );
#7338 = ORIENTED_EDGE('',*,*,#7339,.F.);
#7339 = EDGE_CURVE('',#1655,#7317,#7340,.T.);
#7340 = SURFACE_CURVE('',#7341,(#7345,#7352),.PCURVE_S1.);
#7341 = LINE('',#7342,#7343);
#7342 = CARTESIAN_POINT('',(8.39453125,-18.,10.41181640625));
#7343 = VECTOR('',#7344,1.);
#7344 = DIRECTION('',(0.,-1.,0.));
#7345 = PCURVE('',#1700,#7346);
#7346 = DEFINITIONAL_REPRESENTATION('',(#7347),#7351);
#7347 = LINE('',#7348,#7349);
#7348 = CARTESIAN_POINT('',(1.,0.));
#7349 = VECTOR('',#7350,1.);
#7350 = DIRECTION('',(0.,-1.));
#7351 = ( GEOMETRIC_REPRESENTATION_CONTEXT(2) 
PARAMETRIC_REPRESENTATION_CONTEXT() REPRESENTATION_CONTEXT('2D SPACE',''
  ) );
#7352 = PCURVE('',#1670,#7353);
#7353 = DEFINITIONAL_REPRESENTATION('',(#7354),#7358);
#7354 = LINE('',#7355,#7356);
#7355 = CARTESIAN_POINT('',(0.,0.));
#7356 = VECTOR('',#7357,1.);
#7357 = DIRECTION('',(0.,-1.));
#7358 = ( GEOMETRIC_REPRESENTATION_CONTEXT(2) 
PARAMETRIC_REPRESENTATION_CONTEXT() REPRESENTATION_CONTEXT('2D SPACE',''
  ) );
#7359 = ORIENTED_EDGE('',*,*,#1684,.F.);
#7360 = ADVANCED_FACE('',(#7361),#1670,.T.);
#7361 = FACE_BOUND('',#7362,.T.);
#7362 = EDGE_LOOP('',(#7363,#7364,#7387,#7408));
#7363 = ORIENTED_EDGE('',*,*,#7339,.T.);
#7364 = ORIENTED_EDGE('',*,*,#7365,.T.);
#7365 = EDGE_CURVE('',#7317,#7366,#7368,.T.);
#7366 = VERTEX_POINT('',#7367);
#7367 = CARTESIAN_POINT('',(9.8095703125,-18.6,10.82197265625));
#7368 = SURFACE_CURVE('',#7369,(#7373,#7380),.PCURVE_S1.);
#7369 = B_SPLINE_CURVE_WITH_KNOTS('',2,(#7370,#7371,#7372),
  .UNSPECIFIED.,.F.,.F.,(3,3),(0.,1.),.PIECEWISE_BEZIER_KNOTS.);
#7370 = CARTESIAN_POINT('',(8.39453125,-18.6,10.41181640625));
#7371 = CARTESIAN_POINT('',(8.88671875,-18.6,10.82197265625));
#7372 = CARTESIAN_POINT('',(9.8095703125,-18.6,10.82197265625));
#7373 = PCURVE('',#1670,#7374);
#7374 = DEFINITIONAL_REPRESENTATION('',(#7375),#7379);
#7375 = LINE('',#7376,#7377);
#7376 = CARTESIAN_POINT('',(0.,-0.6));
#7377 = VECTOR('',#7378,1.);
#7378 = DIRECTION('',(1.,0.));
#7379 = ( GEOMETRIC_REPRESENTATION_CONTEXT(2) 
PARAMETRIC_REPRESENTATION_CONTEXT() REPRESENTATION_CONTEXT('2D SPACE',''
  ) );
#7380 = PCURVE('',#6151,#7381);
#7381 = DEFINITIONAL_REPRESENTATION('',(#7382),#7386);
#7382 = B_SPLINE_CURVE_WITH_KNOTS('',2,(#7383,#7384,#7385),
  .UNSPECIFIED.,.F.,.F.,(3,3),(0.,1.),.PIECEWISE_BEZIER_KNOTS.);
#7383 = CARTESIAN_POINT('',(0.99462890625,4.78515625));
#7384 = CARTESIAN_POINT('',(1.48681640625,5.1953125));
#7385 = CARTESIAN_POINT('',(2.40966796875,5.1953125));
#7386 = ( GEOMETRIC_REPRESENTATION_CONTEXT(2) 
PARAMETRIC_REPRESENTATION_CONTEXT() REPRESENTATION_CONTEXT('2D SPACE',''
  ) );
#7387 = ORIENTED_EDGE('',*,*,#7388,.F.);
#7388 = EDGE_CURVE('',#1625,#7366,#7389,.T.);
#7389 = SURFACE_CURVE('',#7390,(#7394,#7401),.PCURVE_S1.);
#7390 = LINE('',#7391,#7392);
#7391 = CARTESIAN_POINT('',(9.8095703125,-18.,10.82197265625));
#7392 = VECTOR('',#7393,1.);
#7393 = DIRECTION('',(0.,-1.,0.));
#7394 = PCURVE('',#1670,#7395);
#7395 = DEFINITIONAL_REPRESENTATION('',(#7396),#7400);
#7396 = LINE('',#7397,#7398);
#7397 = CARTESIAN_POINT('',(1.,0.));
#7398 = VECTOR('',#7399,1.);
#7399 = DIRECTION('',(0.,-1.));
#7400 = ( GEOMETRIC_REPRESENTATION_CONTEXT(2) 
PARAMETRIC_REPRESENTATION_CONTEXT() REPRESENTATION_CONTEXT('2D SPACE',''
  ) );
#7401 = PCURVE('',#1640,#7402);
#7402 = DEFINITIONAL_REPRESENTATION('',(#7403),#7407);
#7403 = LINE('',#7404,#7405);
#7404 = CARTESIAN_POINT('',(0.,0.));
#7405 = VECTOR('',#7406,1.);
#7406 = DIRECTION('',(0.,-1.));
#7407 = ( GEOMETRIC_REPRESENTATION_CONTEXT(2) 
PARAMETRIC_REPRESENTATION_CONTEXT() REPRESENTATION_CONTEXT('2D SPACE',''
  ) );
#7408 = ORIENTED_EDGE('',*,*,#1654,.F.);
#7409 = ADVANCED_FACE('',(#7410),#1640,.T.);
#7410 = FACE_BOUND('',#7411,.T.);
#7411 = EDGE_LOOP('',(#7412,#7413,#7436,#7457));
#7412 = ORIENTED_EDGE('',*,*,#7388,.T.);
#7413 = ORIENTED_EDGE('',*,*,#7414,.T.);
#7414 = EDGE_CURVE('',#7366,#7415,#7417,.T.);
#7415 = VERTEX_POINT('',#7416);
#7416 = CARTESIAN_POINT('',(10.67431640625,-18.6,10.758740234375));
#7417 = SURFACE_CURVE('',#7418,(#7422,#7429),.PCURVE_S1.);
#7418 = B_SPLINE_CURVE_WITH_KNOTS('',2,(#7419,#7420,#7421),
  .UNSPECIFIED.,.F.,.F.,(3,3),(0.,1.),.PIECEWISE_BEZIER_KNOTS.);
#7419 = CARTESIAN_POINT('',(9.8095703125,-18.6,10.82197265625));
#7420 = CARTESIAN_POINT('',(10.22998046875,-18.6,10.82197265625));
#7421 = CARTESIAN_POINT('',(10.67431640625,-18.6,10.758740234375));
#7422 = PCURVE('',#1640,#7423);
#7423 = DEFINITIONAL_REPRESENTATION('',(#7424),#7428);
#7424 = LINE('',#7425,#7426);
#7425 = CARTESIAN_POINT('',(0.,-0.6));
#7426 = VECTOR('',#7427,1.);
#7427 = DIRECTION('',(1.,0.));
#7428 = ( GEOMETRIC_REPRESENTATION_CONTEXT(2) 
PARAMETRIC_REPRESENTATION_CONTEXT() REPRESENTATION_CONTEXT('2D SPACE',''
  ) );
#7429 = PCURVE('',#6151,#7430);
#7430 = DEFINITIONAL_REPRESENTATION('',(#7431),#7435);
#7431 = B_SPLINE_CURVE_WITH_KNOTS('',2,(#7432,#7433,#7434),
  .UNSPECIFIED.,.F.,.F.,(3,3),(0.,1.),.PIECEWISE_BEZIER_KNOTS.);
#7432 = CARTESIAN_POINT('',(2.40966796875,5.1953125));
#7433 = CARTESIAN_POINT('',(2.830078125,5.1953125));
#7434 = CARTESIAN_POINT('',(3.2744140625,5.132080078125));
#7435 = ( GEOMETRIC_REPRESENTATION_CONTEXT(2) 
PARAMETRIC_REPRESENTATION_CONTEXT() REPRESENTATION_CONTEXT('2D SPACE',''
  ) );
#7436 = ORIENTED_EDGE('',*,*,#7437,.F.);
#7437 = EDGE_CURVE('',#1595,#7415,#7438,.T.);
#7438 = SURFACE_CURVE('',#7439,(#7443,#7450),.PCURVE_S1.);
#7439 = LINE('',#7440,#7441);
#7440 = CARTESIAN_POINT('',(10.67431640625,-18.,10.758740234375));
#7441 = VECTOR('',#7442,1.);
#7442 = DIRECTION('',(0.,-1.,0.));
#7443 = PCURVE('',#1640,#7444);
#7444 = DEFINITIONAL_REPRESENTATION('',(#7445),#7449);
#7445 = LINE('',#7446,#7447);
#7446 = CARTESIAN_POINT('',(1.,0.));
#7447 = VECTOR('',#7448,1.);
#7448 = DIRECTION('',(0.,-1.));
#7449 = ( GEOMETRIC_REPRESENTATION_CONTEXT(2) 
PARAMETRIC_REPRESENTATION_CONTEXT() REPRESENTATION_CONTEXT('2D SPACE',''
  ) );
#7450 = PCURVE('',#1610,#7451);
#7451 = DEFINITIONAL_REPRESENTATION('',(#7452),#7456);
#7452 = LINE('',#7453,#7454);
#7453 = CARTESIAN_POINT('',(0.,0.));
#7454 = VECTOR('',#7455,1.);
#7455 = DIRECTION('',(0.,-1.));
#7456 = ( GEOMETRIC_REPRESENTATION_CONTEXT(2) 
PARAMETRIC_REPRESENTATION_CONTEXT() REPRESENTATION_CONTEXT('2D SPACE',''
  ) );
#7457 = ORIENTED_EDGE('',*,*,#1624,.F.);
#7458 = ADVANCED_FACE('',(#7459),#1610,.T.);
#7459 = FACE_BOUND('',#7460,.T.);
#7460 = EDGE_LOOP('',(#7461,#7462,#7483,#7484));
#7461 = ORIENTED_EDGE('',*,*,#7437,.T.);
#7462 = ORIENTED_EDGE('',*,*,#7463,.T.);
#7463 = EDGE_CURVE('',#7415,#6113,#7464,.T.);
#7464 = SURFACE_CURVE('',#7465,(#7469,#7476),.PCURVE_S1.);
#7465 = B_SPLINE_CURVE_WITH_KNOTS('',2,(#7466,#7467,#7468),
  .UNSPECIFIED.,.F.,.F.,(3,3),(0.,1.),.PIECEWISE_BEZIER_KNOTS.);
#7466 = CARTESIAN_POINT('',(10.67431640625,-18.6,10.758740234375));
#7467 = CARTESIAN_POINT('',(11.11865234375,-18.6,10.6955078125));
#7468 = CARTESIAN_POINT('',(11.59375,-18.6,10.56904296875));
#7469 = PCURVE('',#1610,#7470);
#7470 = DEFINITIONAL_REPRESENTATION('',(#7471),#7475);
#7471 = LINE('',#7472,#7473);
#7472 = CARTESIAN_POINT('',(0.,-0.6));
#7473 = VECTOR('',#7474,1.);
#7474 = DIRECTION('',(1.,0.));
#7475 = ( GEOMETRIC_REPRESENTATION_CONTEXT(2) 
PARAMETRIC_REPRESENTATION_CONTEXT() REPRESENTATION_CONTEXT('2D SPACE',''
  ) );
#7476 = PCURVE('',#6151,#7477);
#7477 = DEFINITIONAL_REPRESENTATION('',(#7478),#7482);
#7478 = B_SPLINE_CURVE_WITH_KNOTS('',2,(#7479,#7480,#7481),
  .UNSPECIFIED.,.F.,.F.,(3,3),(0.,1.),.PIECEWISE_BEZIER_KNOTS.);
#7479 = CARTESIAN_POINT('',(3.2744140625,5.132080078125));
#7480 = CARTESIAN_POINT('',(3.71875,5.06884765625));
#7481 = CARTESIAN_POINT('',(4.19384765625,4.9423828125));
#7482 = ( GEOMETRIC_REPRESENTATION_CONTEXT(2) 
PARAMETRIC_REPRESENTATION_CONTEXT() REPRESENTATION_CONTEXT('2D SPACE',''
  ) );
#7483 = ORIENTED_EDGE('',*,*,#6112,.F.);
#7484 = ORIENTED_EDGE('',*,*,#1594,.F.);
#7485 = ADVANCED_FACE('',(#7486),#2416,.T.);
#7486 = FACE_BOUND('',#7487,.T.);
#7487 = EDGE_LOOP('',(#7488,#7511,#7539,#7560));
#7488 = ORIENTED_EDGE('',*,*,#7489,.T.);
#7489 = EDGE_CURVE('',#2399,#7490,#7492,.T.);
#7490 = VERTEX_POINT('',#7491);
#7491 = CARTESIAN_POINT('',(-7.21875,-18.6,9.73505859375));
#7492 = SURFACE_CURVE('',#7493,(#7497,#7504),.PCURVE_S1.);
#7493 = LINE('',#7494,#7495);
#7494 = CARTESIAN_POINT('',(-7.21875,-18.,9.73505859375));
#7495 = VECTOR('',#7496,1.);
#7496 = DIRECTION('',(0.,-1.,0.));
#7497 = PCURVE('',#2416,#7498);
#7498 = DEFINITIONAL_REPRESENTATION('',(#7499),#7503);
#7499 = LINE('',#7500,#7501);
#7500 = CARTESIAN_POINT('',(0.,0.));
#7501 = VECTOR('',#7502,1.);
#7502 = DIRECTION('',(0.,-1.));
#7503 = ( GEOMETRIC_REPRESENTATION_CONTEXT(2) 
PARAMETRIC_REPRESENTATION_CONTEXT() REPRESENTATION_CONTEXT('2D SPACE',''
  ) );
#7504 = PCURVE('',#2444,#7505);
#7505 = DEFINITIONAL_REPRESENTATION('',(#7506),#7510);
#7506 = LINE('',#7507,#7508);
#7507 = CARTESIAN_POINT('',(1.6953125,0.));
#7508 = VECTOR('',#7509,1.);
#7509 = DIRECTION('',(0.,-1.));
#7510 = ( GEOMETRIC_REPRESENTATION_CONTEXT(2) 
PARAMETRIC_REPRESENTATION_CONTEXT() REPRESENTATION_CONTEXT('2D SPACE',''
  ) );
#7511 = ORIENTED_EDGE('',*,*,#7512,.T.);
#7512 = EDGE_CURVE('',#7490,#7513,#7515,.T.);
#7513 = VERTEX_POINT('',#7514);
#7514 = CARTESIAN_POINT('',(-7.21875,-18.6,10.7296875));
#7515 = SURFACE_CURVE('',#7516,(#7520,#7527),.PCURVE_S1.);
#7516 = LINE('',#7517,#7518);
#7517 = CARTESIAN_POINT('',(-7.21875,-18.6,9.73505859375));
#7518 = VECTOR('',#7519,1.);
#7519 = DIRECTION('',(0.,0.,1.));
#7520 = PCURVE('',#2416,#7521);
#7521 = DEFINITIONAL_REPRESENTATION('',(#7522),#7526);
#7522 = LINE('',#7523,#7524);
#7523 = CARTESIAN_POINT('',(0.,-0.6));
#7524 = VECTOR('',#7525,1.);
#7525 = DIRECTION('',(1.,0.));
#7526 = ( GEOMETRIC_REPRESENTATION_CONTEXT(2) 
PARAMETRIC_REPRESENTATION_CONTEXT() REPRESENTATION_CONTEXT('2D SPACE',''
  ) );
#7527 = PCURVE('',#7528,#7533);
#7528 = PLANE('',#7529);
#7529 = AXIS2_PLACEMENT_3D('',#7530,#7531,#7532);
#7530 = CARTESIAN_POINT('',(-7.2529296875,-18.6,5.62666015625));
#7531 = DIRECTION('',(0.,-1.,0.));
#7532 = DIRECTION('',(1.,0.,0.));
#7533 = DEFINITIONAL_REPRESENTATION('',(#7534),#7538);
#7534 = LINE('',#7535,#7536);
#7535 = CARTESIAN_POINT('',(3.41796875E-02,4.1083984375));
#7536 = VECTOR('',#7537,1.);
#7537 = DIRECTION('',(0.,1.));
#7538 = ( GEOMETRIC_REPRESENTATION_CONTEXT(2) 
PARAMETRIC_REPRESENTATION_CONTEXT() REPRESENTATION_CONTEXT('2D SPACE',''
  ) );
#7539 = ORIENTED_EDGE('',*,*,#7540,.F.);
#7540 = EDGE_CURVE('',#2401,#7513,#7541,.T.);
#7541 = SURFACE_CURVE('',#7542,(#7546,#7553),.PCURVE_S1.);
#7542 = LINE('',#7543,#7544);
#7543 = CARTESIAN_POINT('',(-7.21875,-18.,10.7296875));
#7544 = VECTOR('',#7545,1.);
#7545 = DIRECTION('',(0.,-1.,0.));
#7546 = PCURVE('',#2416,#7547);
#7547 = DEFINITIONAL_REPRESENTATION('',(#7548),#7552);
#7548 = LINE('',#7549,#7550);
#7549 = CARTESIAN_POINT('',(0.99462890625,0.));
#7550 = VECTOR('',#7551,1.);
#7551 = DIRECTION('',(0.,-1.));
#7552 = ( GEOMETRIC_REPRESENTATION_CONTEXT(2) 
PARAMETRIC_REPRESENTATION_CONTEXT() REPRESENTATION_CONTEXT('2D SPACE',''
  ) );
#7553 = PCURVE('',#2610,#7554);
#7554 = DEFINITIONAL_REPRESENTATION('',(#7555),#7559);
#7555 = LINE('',#7556,#7557);
#7556 = CARTESIAN_POINT('',(0.,0.));
#7557 = VECTOR('',#7558,1.);
#7558 = DIRECTION('',(0.,-1.));
#7559 = ( GEOMETRIC_REPRESENTATION_CONTEXT(2) 
PARAMETRIC_REPRESENTATION_CONTEXT() REPRESENTATION_CONTEXT('2D SPACE',''
  ) );
#7560 = ORIENTED_EDGE('',*,*,#2398,.F.);
#7561 = ADVANCED_FACE('',(#7562),#2610,.T.);
#7562 = FACE_BOUND('',#7563,.T.);
#7563 = EDGE_LOOP('',(#7564,#7565,#7588,#7609));
#7564 = ORIENTED_EDGE('',*,*,#7540,.T.);
#7565 = ORIENTED_EDGE('',*,*,#7566,.T.);
#7566 = EDGE_CURVE('',#7513,#7567,#7569,.T.);
#7567 = VERTEX_POINT('',#7568);
#7568 = CARTESIAN_POINT('',(-2.515625,-18.6,10.7296875));
#7569 = SURFACE_CURVE('',#7570,(#7574,#7581),.PCURVE_S1.);
#7570 = LINE('',#7571,#7572);
#7571 = CARTESIAN_POINT('',(-7.21875,-18.6,10.7296875));
#7572 = VECTOR('',#7573,1.);
#7573 = DIRECTION('',(1.,0.,0.));
#7574 = PCURVE('',#2610,#7575);
#7575 = DEFINITIONAL_REPRESENTATION('',(#7576),#7580);
#7576 = LINE('',#7577,#7578);
#7577 = CARTESIAN_POINT('',(0.,-0.6));
#7578 = VECTOR('',#7579,1.);
#7579 = DIRECTION('',(1.,0.));
#7580 = ( GEOMETRIC_REPRESENTATION_CONTEXT(2) 
PARAMETRIC_REPRESENTATION_CONTEXT() REPRESENTATION_CONTEXT('2D SPACE',''
  ) );
#7581 = PCURVE('',#7528,#7582);
#7582 = DEFINITIONAL_REPRESENTATION('',(#7583),#7587);
#7583 = LINE('',#7584,#7585);
#7584 = CARTESIAN_POINT('',(3.41796875E-02,5.10302734375));
#7585 = VECTOR('',#7586,1.);
#7586 = DIRECTION('',(1.,0.));
#7587 = ( GEOMETRIC_REPRESENTATION_CONTEXT(2) 
PARAMETRIC_REPRESENTATION_CONTEXT() REPRESENTATION_CONTEXT('2D SPACE',''
  ) );
#7588 = ORIENTED_EDGE('',*,*,#7589,.F.);
#7589 = EDGE_CURVE('',#2569,#7567,#7590,.T.);
#7590 = SURFACE_CURVE('',#7591,(#7595,#7602),.PCURVE_S1.);
#7591 = LINE('',#7592,#7593);
#7592 = CARTESIAN_POINT('',(-2.515625,-18.,10.7296875));
#7593 = VECTOR('',#7594,1.);
#7594 = DIRECTION('',(0.,-1.,0.));
#7595 = PCURVE('',#2610,#7596);
#7596 = DEFINITIONAL_REPRESENTATION('',(#7597),#7601);
#7597 = LINE('',#7598,#7599);
#7598 = CARTESIAN_POINT('',(4.703125,0.));
#7599 = VECTOR('',#7600,1.);
#7600 = DIRECTION('',(0.,-1.));
#7601 = ( GEOMETRIC_REPRESENTATION_CONTEXT(2) 
PARAMETRIC_REPRESENTATION_CONTEXT() REPRESENTATION_CONTEXT('2D SPACE',''
  ) );
#7602 = PCURVE('',#2584,#7603);
#7603 = DEFINITIONAL_REPRESENTATION('',(#7604),#7608);
#7604 = LINE('',#7605,#7606);
#7605 = CARTESIAN_POINT('',(0.,0.));
#7606 = VECTOR('',#7607,1.);
#7607 = DIRECTION('',(0.,-1.));
#7608 = ( GEOMETRIC_REPRESENTATION_CONTEXT(2) 
PARAMETRIC_REPRESENTATION_CONTEXT() REPRESENTATION_CONTEXT('2D SPACE',''
  ) );
#7609 = ORIENTED_EDGE('',*,*,#2596,.F.);
#7610 = ADVANCED_FACE('',(#7611),#2584,.T.);
#7611 = FACE_BOUND('',#7612,.T.);
#7612 = EDGE_LOOP('',(#7613,#7614,#7637,#7658));
#7613 = ORIENTED_EDGE('',*,*,#7589,.T.);
#7614 = ORIENTED_EDGE('',*,*,#7615,.T.);
#7615 = EDGE_CURVE('',#7567,#7616,#7618,.T.);
#7616 = VERTEX_POINT('',#7617);
#7617 = CARTESIAN_POINT('',(-2.515625,-18.6,9.73505859375));
#7618 = SURFACE_CURVE('',#7619,(#7623,#7630),.PCURVE_S1.);
#7619 = LINE('',#7620,#7621);
#7620 = CARTESIAN_POINT('',(-2.515625,-18.6,10.7296875));
#7621 = VECTOR('',#7622,1.);
#7622 = DIRECTION('',(0.,0.,-1.));
#7623 = PCURVE('',#2584,#7624);
#7624 = DEFINITIONAL_REPRESENTATION('',(#7625),#7629);
#7625 = LINE('',#7626,#7627);
#7626 = CARTESIAN_POINT('',(0.,-0.6));
#7627 = VECTOR('',#7628,1.);
#7628 = DIRECTION('',(1.,0.));
#7629 = ( GEOMETRIC_REPRESENTATION_CONTEXT(2) 
PARAMETRIC_REPRESENTATION_CONTEXT() REPRESENTATION_CONTEXT('2D SPACE',''
  ) );
#7630 = PCURVE('',#7528,#7631);
#7631 = DEFINITIONAL_REPRESENTATION('',(#7632),#7636);
#7632 = LINE('',#7633,#7634);
#7633 = CARTESIAN_POINT('',(4.7373046875,5.10302734375));
#7634 = VECTOR('',#7635,1.);
#7635 = DIRECTION('',(0.,-1.));
#7636 = ( GEOMETRIC_REPRESENTATION_CONTEXT(2) 
PARAMETRIC_REPRESENTATION_CONTEXT() REPRESENTATION_CONTEXT('2D SPACE',''
  ) );
#7637 = ORIENTED_EDGE('',*,*,#7638,.F.);
#7638 = EDGE_CURVE('',#2541,#7616,#7639,.T.);
#7639 = SURFACE_CURVE('',#7640,(#7644,#7651),.PCURVE_S1.);
#7640 = LINE('',#7641,#7642);
#7641 = CARTESIAN_POINT('',(-2.515625,-18.,9.73505859375));
#7642 = VECTOR('',#7643,1.);
#7643 = DIRECTION('',(0.,-1.,0.));
#7644 = PCURVE('',#2584,#7645);
#7645 = DEFINITIONAL_REPRESENTATION('',(#7646),#7650);
#7646 = LINE('',#7647,#7648);
#7647 = CARTESIAN_POINT('',(0.99462890625,0.));
#7648 = VECTOR('',#7649,1.);
#7649 = DIRECTION('',(0.,-1.));
#7650 = ( GEOMETRIC_REPRESENTATION_CONTEXT(2) 
PARAMETRIC_REPRESENTATION_CONTEXT() REPRESENTATION_CONTEXT('2D SPACE',''
  ) );
#7651 = PCURVE('',#2556,#7652);
#7652 = DEFINITIONAL_REPRESENTATION('',(#7653),#7657);
#7653 = LINE('',#7654,#7655);
#7654 = CARTESIAN_POINT('',(0.,-0.));
#7655 = VECTOR('',#7656,1.);
#7656 = DIRECTION('',(0.,-1.));
#7657 = ( GEOMETRIC_REPRESENTATION_CONTEXT(2) 
PARAMETRIC_REPRESENTATION_CONTEXT() REPRESENTATION_CONTEXT('2D SPACE',''
  ) );
#7658 = ORIENTED_EDGE('',*,*,#2568,.F.);
#7659 = ADVANCED_FACE('',(#7660),#2556,.T.);
#7660 = FACE_BOUND('',#7661,.T.);
#7661 = EDGE_LOOP('',(#7662,#7663,#7686,#7707));
#7662 = ORIENTED_EDGE('',*,*,#7638,.T.);
#7663 = ORIENTED_EDGE('',*,*,#7664,.T.);
#7664 = EDGE_CURVE('',#7616,#7665,#7667,.T.);
#7665 = VERTEX_POINT('',#7666);
#7666 = CARTESIAN_POINT('',(-4.20751953125,-18.6,9.73505859375));
#7667 = SURFACE_CURVE('',#7668,(#7672,#7679),.PCURVE_S1.);
#7668 = LINE('',#7669,#7670);
#7669 = CARTESIAN_POINT('',(-2.515625,-18.6,9.73505859375));
#7670 = VECTOR('',#7671,1.);
#7671 = DIRECTION('',(-1.,0.,0.));
#7672 = PCURVE('',#2556,#7673);
#7673 = DEFINITIONAL_REPRESENTATION('',(#7674),#7678);
#7674 = LINE('',#7675,#7676);
#7675 = CARTESIAN_POINT('',(0.,-0.6));
#7676 = VECTOR('',#7677,1.);
#7677 = DIRECTION('',(1.,0.));
#7678 = ( GEOMETRIC_REPRESENTATION_CONTEXT(2) 
PARAMETRIC_REPRESENTATION_CONTEXT() REPRESENTATION_CONTEXT('2D SPACE',''
  ) );
#7679 = PCURVE('',#7528,#7680);
#7680 = DEFINITIONAL_REPRESENTATION('',(#7681),#7685);
#7681 = LINE('',#7682,#7683);
#7682 = CARTESIAN_POINT('',(4.7373046875,4.1083984375));
#7683 = VECTOR('',#7684,1.);
#7684 = DIRECTION('',(-1.,0.));
#7685 = ( GEOMETRIC_REPRESENTATION_CONTEXT(2) 
PARAMETRIC_REPRESENTATION_CONTEXT() REPRESENTATION_CONTEXT('2D SPACE',''
  ) );
#7686 = ORIENTED_EDGE('',*,*,#7687,.F.);
#7687 = EDGE_CURVE('',#2513,#7665,#7688,.T.);
#7688 = SURFACE_CURVE('',#7689,(#7693,#7700),.PCURVE_S1.);
#7689 = LINE('',#7690,#7691);
#7690 = CARTESIAN_POINT('',(-4.20751953125,-18.,9.73505859375));
#7691 = VECTOR('',#7692,1.);
#7692 = DIRECTION('',(0.,-1.,0.));
#7693 = PCURVE('',#2556,#7694);
#7694 = DEFINITIONAL_REPRESENTATION('',(#7695),#7699);
#7695 = LINE('',#7696,#7697);
#7696 = CARTESIAN_POINT('',(1.69189453125,0.));
#7697 = VECTOR('',#7698,1.);
#7698 = DIRECTION('',(0.,-1.));
#7699 = ( GEOMETRIC_REPRESENTATION_CONTEXT(2) 
PARAMETRIC_REPRESENTATION_CONTEXT() REPRESENTATION_CONTEXT('2D SPACE',''
  ) );
#7700 = PCURVE('',#2528,#7701);
#7701 = DEFINITIONAL_REPRESENTATION('',(#7702),#7706);
#7702 = LINE('',#7703,#7704);
#7703 = CARTESIAN_POINT('',(0.,0.));
#7704 = VECTOR('',#7705,1.);
#7705 = DIRECTION('',(0.,-1.));
#7706 = ( GEOMETRIC_REPRESENTATION_CONTEXT(2) 
PARAMETRIC_REPRESENTATION_CONTEXT() REPRESENTATION_CONTEXT('2D SPACE',''
  ) );
#7707 = ORIENTED_EDGE('',*,*,#2540,.F.);
#7708 = ADVANCED_FACE('',(#7709),#2528,.T.);
#7709 = FACE_BOUND('',#7710,.T.);
#7710 = EDGE_LOOP('',(#7711,#7712,#7735,#7756));
#7711 = ORIENTED_EDGE('',*,*,#7687,.T.);
#7712 = ORIENTED_EDGE('',*,*,#7713,.T.);
#7713 = EDGE_CURVE('',#7665,#7714,#7716,.T.);
#7714 = VERTEX_POINT('',#7715);
#7715 = CARTESIAN_POINT('',(-4.20751953125,-18.6,5.62666015625));
#7716 = SURFACE_CURVE('',#7717,(#7721,#7728),.PCURVE_S1.);
#7717 = LINE('',#7718,#7719);
#7718 = CARTESIAN_POINT('',(-4.20751953125,-18.6,9.73505859375));
#7719 = VECTOR('',#7720,1.);
#7720 = DIRECTION('',(0.,0.,-1.));
#7721 = PCURVE('',#2528,#7722);
#7722 = DEFINITIONAL_REPRESENTATION('',(#7723),#7727);
#7723 = LINE('',#7724,#7725);
#7724 = CARTESIAN_POINT('',(0.,-0.6));
#7725 = VECTOR('',#7726,1.);
#7726 = DIRECTION('',(1.,0.));
#7727 = ( GEOMETRIC_REPRESENTATION_CONTEXT(2) 
PARAMETRIC_REPRESENTATION_CONTEXT() REPRESENTATION_CONTEXT('2D SPACE',''
  ) );
#7728 = PCURVE('',#7528,#7729);
#7729 = DEFINITIONAL_REPRESENTATION('',(#7730),#7734);
#7730 = LINE('',#7731,#7732);
#7731 = CARTESIAN_POINT('',(3.04541015625,4.1083984375));
#7732 = VECTOR('',#7733,1.);
#7733 = DIRECTION('',(0.,-1.));
#7734 = ( GEOMETRIC_REPRESENTATION_CONTEXT(2) 
PARAMETRIC_REPRESENTATION_CONTEXT() REPRESENTATION_CONTEXT('2D SPACE',''
  ) );
#7735 = ORIENTED_EDGE('',*,*,#7736,.F.);
#7736 = EDGE_CURVE('',#2485,#7714,#7737,.T.);
#7737 = SURFACE_CURVE('',#7738,(#7742,#7749),.PCURVE_S1.);
#7738 = LINE('',#7739,#7740);
#7739 = CARTESIAN_POINT('',(-4.20751953125,-18.,5.62666015625));
#7740 = VECTOR('',#7741,1.);
#7741 = DIRECTION('',(0.,-1.,0.));
#7742 = PCURVE('',#2528,#7743);
#7743 = DEFINITIONAL_REPRESENTATION('',(#7744),#7748);
#7744 = LINE('',#7745,#7746);
#7745 = CARTESIAN_POINT('',(4.1083984375,0.));
#7746 = VECTOR('',#7747,1.);
#7747 = DIRECTION('',(0.,-1.));
#7748 = ( GEOMETRIC_REPRESENTATION_CONTEXT(2) 
PARAMETRIC_REPRESENTATION_CONTEXT() REPRESENTATION_CONTEXT('2D SPACE',''
  ) );
#7749 = PCURVE('',#2500,#7750);
#7750 = DEFINITIONAL_REPRESENTATION('',(#7751),#7755);
#7751 = LINE('',#7752,#7753);
#7752 = CARTESIAN_POINT('',(0.,-0.));
#7753 = VECTOR('',#7754,1.);
#7754 = DIRECTION('',(0.,-1.));
#7755 = ( GEOMETRIC_REPRESENTATION_CONTEXT(2) 
PARAMETRIC_REPRESENTATION_CONTEXT() REPRESENTATION_CONTEXT('2D SPACE',''
  ) );
#7756 = ORIENTED_EDGE('',*,*,#2512,.F.);
#7757 = ADVANCED_FACE('',(#7758),#2500,.T.);
#7758 = FACE_BOUND('',#7759,.T.);
#7759 = EDGE_LOOP('',(#7760,#7761,#7784,#7805));
#7760 = ORIENTED_EDGE('',*,*,#7736,.T.);
#7761 = ORIENTED_EDGE('',*,*,#7762,.T.);
#7762 = EDGE_CURVE('',#7714,#7763,#7765,.T.);
#7763 = VERTEX_POINT('',#7764);
#7764 = CARTESIAN_POINT('',(-5.5234375,-18.6,5.62666015625));
#7765 = SURFACE_CURVE('',#7766,(#7770,#7777),.PCURVE_S1.);
#7766 = LINE('',#7767,#7768);
#7767 = CARTESIAN_POINT('',(-4.20751953125,-18.6,5.62666015625));
#7768 = VECTOR('',#7769,1.);
#7769 = DIRECTION('',(-1.,0.,0.));
#7770 = PCURVE('',#2500,#7771);
#7771 = DEFINITIONAL_REPRESENTATION('',(#7772),#7776);
#7772 = LINE('',#7773,#7774);
#7773 = CARTESIAN_POINT('',(0.,-0.6));
#7774 = VECTOR('',#7775,1.);
#7775 = DIRECTION('',(1.,0.));
#7776 = ( GEOMETRIC_REPRESENTATION_CONTEXT(2) 
PARAMETRIC_REPRESENTATION_CONTEXT() REPRESENTATION_CONTEXT('2D SPACE',''
  ) );
#7777 = PCURVE('',#7528,#7778);
#7778 = DEFINITIONAL_REPRESENTATION('',(#7779),#7783);
#7779 = LINE('',#7780,#7781);
#7780 = CARTESIAN_POINT('',(3.04541015625,0.));
#7781 = VECTOR('',#7782,1.);
#7782 = DIRECTION('',(-1.,0.));
#7783 = ( GEOMETRIC_REPRESENTATION_CONTEXT(2) 
PARAMETRIC_REPRESENTATION_CONTEXT() REPRESENTATION_CONTEXT('2D SPACE',''
  ) );
#7784 = ORIENTED_EDGE('',*,*,#7785,.F.);
#7785 = EDGE_CURVE('',#2457,#7763,#7786,.T.);
#7786 = SURFACE_CURVE('',#7787,(#7791,#7798),.PCURVE_S1.);
#7787 = LINE('',#7788,#7789);
#7788 = CARTESIAN_POINT('',(-5.5234375,-18.,5.62666015625));
#7789 = VECTOR('',#7790,1.);
#7790 = DIRECTION('',(0.,-1.,0.));
#7791 = PCURVE('',#2500,#7792);
#7792 = DEFINITIONAL_REPRESENTATION('',(#7793),#7797);
#7793 = LINE('',#7794,#7795);
#7794 = CARTESIAN_POINT('',(1.31591796875,0.));
#7795 = VECTOR('',#7796,1.);
#7796 = DIRECTION('',(0.,-1.));
#7797 = ( GEOMETRIC_REPRESENTATION_CONTEXT(2) 
PARAMETRIC_REPRESENTATION_CONTEXT() REPRESENTATION_CONTEXT('2D SPACE',''
  ) );
#7798 = PCURVE('',#2472,#7799);
#7799 = DEFINITIONAL_REPRESENTATION('',(#7800),#7804);
#7800 = LINE('',#7801,#7802);
#7801 = CARTESIAN_POINT('',(0.,0.));
#7802 = VECTOR('',#7803,1.);
#7803 = DIRECTION('',(0.,-1.));
#7804 = ( GEOMETRIC_REPRESENTATION_CONTEXT(2) 
PARAMETRIC_REPRESENTATION_CONTEXT() REPRESENTATION_CONTEXT('2D SPACE',''
  ) );
#7805 = ORIENTED_EDGE('',*,*,#2484,.F.);
#7806 = ADVANCED_FACE('',(#7807),#2472,.T.);
#7807 = FACE_BOUND('',#7808,.T.);
#7808 = EDGE_LOOP('',(#7809,#7810,#7833,#7854));
#7809 = ORIENTED_EDGE('',*,*,#7785,.T.);
#7810 = ORIENTED_EDGE('',*,*,#7811,.T.);
#7811 = EDGE_CURVE('',#7763,#7812,#7814,.T.);
#7812 = VERTEX_POINT('',#7813);
#7813 = CARTESIAN_POINT('',(-5.5234375,-18.6,9.73505859375));
#7814 = SURFACE_CURVE('',#7815,(#7819,#7826),.PCURVE_S1.);
#7815 = LINE('',#7816,#7817);
#7816 = CARTESIAN_POINT('',(-5.5234375,-18.6,5.62666015625));
#7817 = VECTOR('',#7818,1.);
#7818 = DIRECTION('',(0.,0.,1.));
#7819 = PCURVE('',#2472,#7820);
#7820 = DEFINITIONAL_REPRESENTATION('',(#7821),#7825);
#7821 = LINE('',#7822,#7823);
#7822 = CARTESIAN_POINT('',(0.,-0.6));
#7823 = VECTOR('',#7824,1.);
#7824 = DIRECTION('',(1.,0.));
#7825 = ( GEOMETRIC_REPRESENTATION_CONTEXT(2) 
PARAMETRIC_REPRESENTATION_CONTEXT() REPRESENTATION_CONTEXT('2D SPACE',''
  ) );
#7826 = PCURVE('',#7528,#7827);
#7827 = DEFINITIONAL_REPRESENTATION('',(#7828),#7832);
#7828 = LINE('',#7829,#7830);
#7829 = CARTESIAN_POINT('',(1.7294921875,0.));
#7830 = VECTOR('',#7831,1.);
#7831 = DIRECTION('',(0.,1.));
#7832 = ( GEOMETRIC_REPRESENTATION_CONTEXT(2) 
PARAMETRIC_REPRESENTATION_CONTEXT() REPRESENTATION_CONTEXT('2D SPACE',''
  ) );
#7833 = ORIENTED_EDGE('',*,*,#7834,.F.);
#7834 = EDGE_CURVE('',#2429,#7812,#7835,.T.);
#7835 = SURFACE_CURVE('',#7836,(#7840,#7847),.PCURVE_S1.);
#7836 = LINE('',#7837,#7838);
#7837 = CARTESIAN_POINT('',(-5.5234375,-18.,9.73505859375));
#7838 = VECTOR('',#7839,1.);
#7839 = DIRECTION('',(0.,-1.,0.));
#7840 = PCURVE('',#2472,#7841);
#7841 = DEFINITIONAL_REPRESENTATION('',(#7842),#7846);
#7842 = LINE('',#7843,#7844);
#7843 = CARTESIAN_POINT('',(4.1083984375,0.));
#7844 = VECTOR('',#7845,1.);
#7845 = DIRECTION('',(0.,-1.));
#7846 = ( GEOMETRIC_REPRESENTATION_CONTEXT(2) 
PARAMETRIC_REPRESENTATION_CONTEXT() REPRESENTATION_CONTEXT('2D SPACE',''
  ) );
#7847 = PCURVE('',#2444,#7848);
#7848 = DEFINITIONAL_REPRESENTATION('',(#7849),#7853);
#7849 = LINE('',#7850,#7851);
#7850 = CARTESIAN_POINT('',(0.,-0.));
#7851 = VECTOR('',#7852,1.);
#7852 = DIRECTION('',(0.,-1.));
#7853 = ( GEOMETRIC_REPRESENTATION_CONTEXT(2) 
PARAMETRIC_REPRESENTATION_CONTEXT() REPRESENTATION_CONTEXT('2D SPACE',''
  ) );
#7854 = ORIENTED_EDGE('',*,*,#2456,.F.);
#7855 = ADVANCED_FACE('',(#7856),#2444,.T.);
#7856 = FACE_BOUND('',#7857,.T.);
#7857 = EDGE_LOOP('',(#7858,#7859,#7880,#7881));
#7858 = ORIENTED_EDGE('',*,*,#7834,.T.);
#7859 = ORIENTED_EDGE('',*,*,#7860,.T.);
#7860 = EDGE_CURVE('',#7812,#7490,#7861,.T.);
#7861 = SURFACE_CURVE('',#7862,(#7866,#7873),.PCURVE_S1.);
#7862 = LINE('',#7863,#7864);
#7863 = CARTESIAN_POINT('',(-5.5234375,-18.6,9.73505859375));
#7864 = VECTOR('',#7865,1.);
#7865 = DIRECTION('',(-1.,0.,0.));
#7866 = PCURVE('',#2444,#7867);
#7867 = DEFINITIONAL_REPRESENTATION('',(#7868),#7872);
#7868 = LINE('',#7869,#7870);
#7869 = CARTESIAN_POINT('',(0.,-0.6));
#7870 = VECTOR('',#7871,1.);
#7871 = DIRECTION('',(1.,0.));
#7872 = ( GEOMETRIC_REPRESENTATION_CONTEXT(2) 
PARAMETRIC_REPRESENTATION_CONTEXT() REPRESENTATION_CONTEXT('2D SPACE',''
  ) );
#7873 = PCURVE('',#7528,#7874);
#7874 = DEFINITIONAL_REPRESENTATION('',(#7875),#7879);
#7875 = LINE('',#7876,#7877);
#7876 = CARTESIAN_POINT('',(1.7294921875,4.1083984375));
#7877 = VECTOR('',#7878,1.);
#7878 = DIRECTION('',(-1.,0.));
#7879 = ( GEOMETRIC_REPRESENTATION_CONTEXT(2) 
PARAMETRIC_REPRESENTATION_CONTEXT() REPRESENTATION_CONTEXT('2D SPACE',''
  ) );
#7880 = ORIENTED_EDGE('',*,*,#7489,.F.);
#7881 = ORIENTED_EDGE('',*,*,#2428,.F.);
#7882 = ADVANCED_FACE('',(#7883),#2642,.T.);
#7883 = FACE_BOUND('',#7884,.T.);
#7884 = EDGE_LOOP('',(#7885,#7908,#7936,#7957));
#7885 = ORIENTED_EDGE('',*,*,#7886,.T.);
#7886 = EDGE_CURVE('',#2625,#7887,#7889,.T.);
#7887 = VERTEX_POINT('',#7888);
#7888 = CARTESIAN_POINT('',(-8.06640625,-18.6,5.62666015625));
#7889 = SURFACE_CURVE('',#7890,(#7894,#7901),.PCURVE_S1.);
#7890 = LINE('',#7891,#7892);
#7891 = CARTESIAN_POINT('',(-8.06640625,-18.,5.62666015625));
#7892 = VECTOR('',#7893,1.);
#7893 = DIRECTION('',(0.,-1.,0.));
#7894 = PCURVE('',#2642,#7895);
#7895 = DEFINITIONAL_REPRESENTATION('',(#7896),#7900);
#7896 = LINE('',#7897,#7898);
#7897 = CARTESIAN_POINT('',(0.,0.));
#7898 = VECTOR('',#7899,1.);
#7899 = DIRECTION('',(0.,-1.));
#7900 = ( GEOMETRIC_REPRESENTATION_CONTEXT(2) 
PARAMETRIC_REPRESENTATION_CONTEXT() REPRESENTATION_CONTEXT('2D SPACE',''
  ) );
#7901 = PCURVE('',#2670,#7902);
#7902 = DEFINITIONAL_REPRESENTATION('',(#7903),#7907);
#7903 = LINE('',#7904,#7905);
#7904 = CARTESIAN_POINT('',(1.32275390625,0.));
#7905 = VECTOR('',#7906,1.);
#7906 = DIRECTION('',(0.,-1.));
#7907 = ( GEOMETRIC_REPRESENTATION_CONTEXT(2) 
PARAMETRIC_REPRESENTATION_CONTEXT() REPRESENTATION_CONTEXT('2D SPACE',''
  ) );
#7908 = ORIENTED_EDGE('',*,*,#7909,.T.);
#7909 = EDGE_CURVE('',#7887,#7910,#7912,.T.);
#7910 = VERTEX_POINT('',#7911);
#7911 = CARTESIAN_POINT('',(-8.3876953125,-18.6,6.55634765625));
#7912 = SURFACE_CURVE('',#7913,(#7917,#7924),.PCURVE_S1.);
#7913 = LINE('',#7914,#7915);
#7914 = CARTESIAN_POINT('',(-8.06640625,-18.6,5.62666015625));
#7915 = VECTOR('',#7916,1.);
#7916 = DIRECTION('',(-0.326633135958,0.,0.945151201922));
#7917 = PCURVE('',#2642,#7918);
#7918 = DEFINITIONAL_REPRESENTATION('',(#7919),#7923);
#7919 = LINE('',#7920,#7921);
#7920 = CARTESIAN_POINT('',(0.,-0.6));
#7921 = VECTOR('',#7922,1.);
#7922 = DIRECTION('',(1.,0.));
#7923 = ( GEOMETRIC_REPRESENTATION_CONTEXT(2) 
PARAMETRIC_REPRESENTATION_CONTEXT() REPRESENTATION_CONTEXT('2D SPACE',''
  ) );
#7924 = PCURVE('',#7925,#7930);
#7925 = PLANE('',#7926);
#7926 = AXIS2_PLACEMENT_3D('',#7927,#7928,#7929);
#7927 = CARTESIAN_POINT('',(-12.126953125,-18.6,5.62666015625));
#7928 = DIRECTION('',(0.,-1.,0.));
#7929 = DIRECTION('',(1.,0.,0.));
#7930 = DEFINITIONAL_REPRESENTATION('',(#7931),#7935);
#7931 = LINE('',#7932,#7933);
#7932 = CARTESIAN_POINT('',(4.060546875,0.));
#7933 = VECTOR('',#7934,1.);
#7934 = DIRECTION('',(-0.326633135958,0.945151201922));
#7935 = ( GEOMETRIC_REPRESENTATION_CONTEXT(2) 
PARAMETRIC_REPRESENTATION_CONTEXT() REPRESENTATION_CONTEXT('2D SPACE',''
  ) );
#7936 = ORIENTED_EDGE('',*,*,#7937,.F.);
#7937 = EDGE_CURVE('',#2627,#7910,#7938,.T.);
#7938 = SURFACE_CURVE('',#7939,(#7943,#7950),.PCURVE_S1.);
#7939 = LINE('',#7940,#7941);
#7940 = CARTESIAN_POINT('',(-8.3876953125,-18.,6.55634765625));
#7941 = VECTOR('',#7942,1.);
#7942 = DIRECTION('',(0.,-1.,0.));
#7943 = PCURVE('',#2642,#7944);
#7944 = DEFINITIONAL_REPRESENTATION('',(#7945),#7949);
#7945 = LINE('',#7946,#7947);
#7946 = CARTESIAN_POINT('',(0.98363891207,0.));
#7947 = VECTOR('',#7948,1.);
#7948 = DIRECTION('',(0.,-1.));
#7949 = ( GEOMETRIC_REPRESENTATION_CONTEXT(2) 
PARAMETRIC_REPRESENTATION_CONTEXT() REPRESENTATION_CONTEXT('2D SPACE',''
  ) );
#7950 = PCURVE('',#2836,#7951);
#7951 = DEFINITIONAL_REPRESENTATION('',(#7952),#7956);
#7952 = LINE('',#7953,#7954);
#7953 = CARTESIAN_POINT('',(0.,-0.));
#7954 = VECTOR('',#7955,1.);
#7955 = DIRECTION('',(0.,-1.));
#7956 = ( GEOMETRIC_REPRESENTATION_CONTEXT(2) 
PARAMETRIC_REPRESENTATION_CONTEXT() REPRESENTATION_CONTEXT('2D SPACE',''
  ) );
#7957 = ORIENTED_EDGE('',*,*,#2624,.F.);
#7958 = ADVANCED_FACE('',(#7959),#2836,.T.);
#7959 = FACE_BOUND('',#7960,.T.);
#7960 = EDGE_LOOP('',(#7961,#7962,#7985,#8006));
#7961 = ORIENTED_EDGE('',*,*,#7937,.T.);
#7962 = ORIENTED_EDGE('',*,*,#7963,.T.);
#7963 = EDGE_CURVE('',#7910,#7964,#7966,.T.);
#7964 = VERTEX_POINT('',#7965);
#7965 = CARTESIAN_POINT('',(-10.4453125,-18.6,6.55634765625));
#7966 = SURFACE_CURVE('',#7967,(#7971,#7978),.PCURVE_S1.);
#7967 = LINE('',#7968,#7969);
#7968 = CARTESIAN_POINT('',(-8.3876953125,-18.6,6.55634765625));
#7969 = VECTOR('',#7970,1.);
#7970 = DIRECTION('',(-1.,0.,0.));
#7971 = PCURVE('',#2836,#7972);
#7972 = DEFINITIONAL_REPRESENTATION('',(#7973),#7977);
#7973 = LINE('',#7974,#7975);
#7974 = CARTESIAN_POINT('',(0.,-0.6));
#7975 = VECTOR('',#7976,1.);
#7976 = DIRECTION('',(1.,0.));
#7977 = ( GEOMETRIC_REPRESENTATION_CONTEXT(2) 
PARAMETRIC_REPRESENTATION_CONTEXT() REPRESENTATION_CONTEXT('2D SPACE',''
  ) );
#7978 = PCURVE('',#7925,#7979);
#7979 = DEFINITIONAL_REPRESENTATION('',(#7980),#7984);
#7980 = LINE('',#7981,#7982);
#7981 = CARTESIAN_POINT('',(3.7392578125,0.9296875));
#7982 = VECTOR('',#7983,1.);
#7983 = DIRECTION('',(-1.,0.));
#7984 = ( GEOMETRIC_REPRESENTATION_CONTEXT(2) 
PARAMETRIC_REPRESENTATION_CONTEXT() REPRESENTATION_CONTEXT('2D SPACE',''
  ) );
#7985 = ORIENTED_EDGE('',*,*,#7986,.F.);
#7986 = EDGE_CURVE('',#2795,#7964,#7987,.T.);
#7987 = SURFACE_CURVE('',#7988,(#7992,#7999),.PCURVE_S1.);
#7988 = LINE('',#7989,#7990);
#7989 = CARTESIAN_POINT('',(-10.4453125,-18.,6.55634765625));
#7990 = VECTOR('',#7991,1.);
#7991 = DIRECTION('',(0.,-1.,0.));
#7992 = PCURVE('',#2836,#7993);
#7993 = DEFINITIONAL_REPRESENTATION('',(#7994),#7998);
#7994 = LINE('',#7995,#7996);
#7995 = CARTESIAN_POINT('',(2.0576171875,0.));
#7996 = VECTOR('',#7997,1.);
#7997 = DIRECTION('',(0.,-1.));
#7998 = ( GEOMETRIC_REPRESENTATION_CONTEXT(2) 
PARAMETRIC_REPRESENTATION_CONTEXT() REPRESENTATION_CONTEXT('2D SPACE',''
  ) );
#7999 = PCURVE('',#2810,#8000);
#8000 = DEFINITIONAL_REPRESENTATION('',(#8001),#8005);
#8001 = LINE('',#8002,#8003);
#8002 = CARTESIAN_POINT('',(0.,0.));
#8003 = VECTOR('',#8004,1.);
#8004 = DIRECTION('',(0.,-1.));
#8005 = ( GEOMETRIC_REPRESENTATION_CONTEXT(2) 
PARAMETRIC_REPRESENTATION_CONTEXT() REPRESENTATION_CONTEXT('2D SPACE',''
  ) );
#8006 = ORIENTED_EDGE('',*,*,#2822,.F.);
#8007 = ADVANCED_FACE('',(#8008),#2810,.T.);
#8008 = FACE_BOUND('',#8009,.T.);
#8009 = EDGE_LOOP('',(#8010,#8011,#8034,#8055));
#8010 = ORIENTED_EDGE('',*,*,#7986,.T.);
#8011 = ORIENTED_EDGE('',*,*,#8012,.T.);
#8012 = EDGE_CURVE('',#7964,#8013,#8015,.T.);
#8013 = VERTEX_POINT('',#8014);
#8014 = CARTESIAN_POINT('',(-10.77001953125,-18.6,5.62666015625));
#8015 = SURFACE_CURVE('',#8016,(#8020,#8027),.PCURVE_S1.);
#8016 = LINE('',#8017,#8018);
#8017 = CARTESIAN_POINT('',(-10.4453125,-18.6,6.55634765625));
#8018 = VECTOR('',#8019,1.);
#8019 = DIRECTION('',(-0.32973193734,-0.,-0.944074599541));
#8020 = PCURVE('',#2810,#8021);
#8021 = DEFINITIONAL_REPRESENTATION('',(#8022),#8026);
#8022 = LINE('',#8023,#8024);
#8023 = CARTESIAN_POINT('',(0.,-0.6));
#8024 = VECTOR('',#8025,1.);
#8025 = DIRECTION('',(1.,0.));
#8026 = ( GEOMETRIC_REPRESENTATION_CONTEXT(2) 
PARAMETRIC_REPRESENTATION_CONTEXT() REPRESENTATION_CONTEXT('2D SPACE',''
  ) );
#8027 = PCURVE('',#7925,#8028);
#8028 = DEFINITIONAL_REPRESENTATION('',(#8029),#8033);
#8029 = LINE('',#8030,#8031);
#8030 = CARTESIAN_POINT('',(1.681640625,0.9296875));
#8031 = VECTOR('',#8032,1.);
#8032 = DIRECTION('',(-0.32973193734,-0.944074599541));
#8033 = ( GEOMETRIC_REPRESENTATION_CONTEXT(2) 
PARAMETRIC_REPRESENTATION_CONTEXT() REPRESENTATION_CONTEXT('2D SPACE',''
  ) );
#8034 = ORIENTED_EDGE('',*,*,#8035,.F.);
#8035 = EDGE_CURVE('',#2767,#8013,#8036,.T.);
#8036 = SURFACE_CURVE('',#8037,(#8041,#8048),.PCURVE_S1.);
#8037 = LINE('',#8038,#8039);
#8038 = CARTESIAN_POINT('',(-10.77001953125,-18.,5.62666015625));
#8039 = VECTOR('',#8040,1.);
#8040 = DIRECTION('',(0.,-1.,0.));
#8041 = PCURVE('',#2810,#8042);
#8042 = DEFINITIONAL_REPRESENTATION('',(#8043),#8047);
#8043 = LINE('',#8044,#8045);
#8044 = CARTESIAN_POINT('',(0.984760632743,0.));
#8045 = VECTOR('',#8046,1.);
#8046 = DIRECTION('',(0.,-1.));
#8047 = ( GEOMETRIC_REPRESENTATION_CONTEXT(2) 
PARAMETRIC_REPRESENTATION_CONTEXT() REPRESENTATION_CONTEXT('2D SPACE',''
  ) );
#8048 = PCURVE('',#2782,#8049);
#8049 = DEFINITIONAL_REPRESENTATION('',(#8050),#8054);
#8050 = LINE('',#8051,#8052);
#8051 = CARTESIAN_POINT('',(0.,-0.));
#8052 = VECTOR('',#8053,1.);
#8053 = DIRECTION('',(0.,-1.));
#8054 = ( GEOMETRIC_REPRESENTATION_CONTEXT(2) 
PARAMETRIC_REPRESENTATION_CONTEXT() REPRESENTATION_CONTEXT('2D SPACE',''
  ) );
#8055 = ORIENTED_EDGE('',*,*,#2794,.F.);
#8056 = ADVANCED_FACE('',(#8057),#2782,.T.);
#8057 = FACE_BOUND('',#8058,.T.);
#8058 = EDGE_LOOP('',(#8059,#8060,#8083,#8104));
#8059 = ORIENTED_EDGE('',*,*,#8035,.T.);
#8060 = ORIENTED_EDGE('',*,*,#8061,.T.);
#8061 = EDGE_CURVE('',#8013,#8062,#8064,.T.);
#8062 = VERTEX_POINT('',#8063);
#8063 = CARTESIAN_POINT('',(-12.0927734375,-18.6,5.62666015625));
#8064 = SURFACE_CURVE('',#8065,(#8069,#8076),.PCURVE_S1.);
#8065 = LINE('',#8066,#8067);
#8066 = CARTESIAN_POINT('',(-10.77001953125,-18.6,5.62666015625));
#8067 = VECTOR('',#8068,1.);
#8068 = DIRECTION('',(-1.,0.,0.));
#8069 = PCURVE('',#2782,#8070);
#8070 = DEFINITIONAL_REPRESENTATION('',(#8071),#8075);
#8071 = LINE('',#8072,#8073);
#8072 = CARTESIAN_POINT('',(0.,-0.6));
#8073 = VECTOR('',#8074,1.);
#8074 = DIRECTION('',(1.,0.));
#8075 = ( GEOMETRIC_REPRESENTATION_CONTEXT(2) 
PARAMETRIC_REPRESENTATION_CONTEXT() REPRESENTATION_CONTEXT('2D SPACE',''
  ) );
#8076 = PCURVE('',#7925,#8077);
#8077 = DEFINITIONAL_REPRESENTATION('',(#8078),#8082);
#8078 = LINE('',#8079,#8080);
#8079 = CARTESIAN_POINT('',(1.35693359375,0.));
#8080 = VECTOR('',#8081,1.);
#8081 = DIRECTION('',(-1.,0.));
#8082 = ( GEOMETRIC_REPRESENTATION_CONTEXT(2) 
PARAMETRIC_REPRESENTATION_CONTEXT() REPRESENTATION_CONTEXT('2D SPACE',''
  ) );
#8083 = ORIENTED_EDGE('',*,*,#8084,.F.);
#8084 = EDGE_CURVE('',#2739,#8062,#8085,.T.);
#8085 = SURFACE_CURVE('',#8086,(#8090,#8097),.PCURVE_S1.);
#8086 = LINE('',#8087,#8088);
#8087 = CARTESIAN_POINT('',(-12.0927734375,-18.,5.62666015625));
#8088 = VECTOR('',#8089,1.);
#8089 = DIRECTION('',(0.,-1.,0.));
#8090 = PCURVE('',#2782,#8091);
#8091 = DEFINITIONAL_REPRESENTATION('',(#8092),#8096);
#8092 = LINE('',#8093,#8094);
#8093 = CARTESIAN_POINT('',(1.32275390625,0.));
#8094 = VECTOR('',#8095,1.);
#8095 = DIRECTION('',(0.,-1.));
#8096 = ( GEOMETRIC_REPRESENTATION_CONTEXT(2) 
PARAMETRIC_REPRESENTATION_CONTEXT() REPRESENTATION_CONTEXT('2D SPACE',''
  ) );
#8097 = PCURVE('',#2754,#8098);
#8098 = DEFINITIONAL_REPRESENTATION('',(#8099),#8103);
#8099 = LINE('',#8100,#8101);
#8100 = CARTESIAN_POINT('',(0.,0.));
#8101 = VECTOR('',#8102,1.);
#8102 = DIRECTION('',(0.,-1.));
#8103 = ( GEOMETRIC_REPRESENTATION_CONTEXT(2) 
PARAMETRIC_REPRESENTATION_CONTEXT() REPRESENTATION_CONTEXT('2D SPACE',''
  ) );
#8104 = ORIENTED_EDGE('',*,*,#2766,.F.);
#8105 = ADVANCED_FACE('',(#8106),#2754,.T.);
#8106 = FACE_BOUND('',#8107,.T.);
#8107 = EDGE_LOOP('',(#8108,#8109,#8132,#8153));
#8108 = ORIENTED_EDGE('',*,*,#8084,.T.);
#8109 = ORIENTED_EDGE('',*,*,#8110,.T.);
#8110 = EDGE_CURVE('',#8062,#8111,#8113,.T.);
#8111 = VERTEX_POINT('',#8112);
#8112 = CARTESIAN_POINT('',(-10.20263671875,-18.6,10.7296875));
#8113 = SURFACE_CURVE('',#8114,(#8118,#8125),.PCURVE_S1.);
#8114 = LINE('',#8115,#8116);
#8115 = CARTESIAN_POINT('',(-12.0927734375,-18.6,5.62666015625));
#8116 = VECTOR('',#8117,1.);
#8117 = DIRECTION('',(0.347334812292,0.,0.937741184));
#8118 = PCURVE('',#2754,#8119);
#8119 = DEFINITIONAL_REPRESENTATION('',(#8120),#8124);
#8120 = LINE('',#8121,#8122);
#8121 = CARTESIAN_POINT('',(0.,-0.6));
#8122 = VECTOR('',#8123,1.);
#8123 = DIRECTION('',(1.,0.));
#8124 = ( GEOMETRIC_REPRESENTATION_CONTEXT(2) 
PARAMETRIC_REPRESENTATION_CONTEXT() REPRESENTATION_CONTEXT('2D SPACE',''
  ) );
#8125 = PCURVE('',#7925,#8126);
#8126 = DEFINITIONAL_REPRESENTATION('',(#8127),#8131);
#8127 = LINE('',#8128,#8129);
#8128 = CARTESIAN_POINT('',(3.41796875E-02,0.));
#8129 = VECTOR('',#8130,1.);
#8130 = DIRECTION('',(0.347334812292,0.937741184));
#8131 = ( GEOMETRIC_REPRESENTATION_CONTEXT(2) 
PARAMETRIC_REPRESENTATION_CONTEXT() REPRESENTATION_CONTEXT('2D SPACE',''
  ) );
#8132 = ORIENTED_EDGE('',*,*,#8133,.F.);
#8133 = EDGE_CURVE('',#2711,#8111,#8134,.T.);
#8134 = SURFACE_CURVE('',#8135,(#8139,#8146),.PCURVE_S1.);
#8135 = LINE('',#8136,#8137);
#8136 = CARTESIAN_POINT('',(-10.20263671875,-18.,10.7296875));
#8137 = VECTOR('',#8138,1.);
#8138 = DIRECTION('',(0.,-1.,0.));
#8139 = PCURVE('',#2754,#8140);
#8140 = DEFINITIONAL_REPRESENTATION('',(#8141),#8145);
#8141 = LINE('',#8142,#8143);
#8142 = CARTESIAN_POINT('',(5.441829185727,0.));
#8143 = VECTOR('',#8144,1.);
#8144 = DIRECTION('',(0.,-1.));
#8145 = ( GEOMETRIC_REPRESENTATION_CONTEXT(2) 
PARAMETRIC_REPRESENTATION_CONTEXT() REPRESENTATION_CONTEXT('2D SPACE',''
  ) );
#8146 = PCURVE('',#2726,#8147);
#8147 = DEFINITIONAL_REPRESENTATION('',(#8148),#8152);
#8148 = LINE('',#8149,#8150);
#8149 = CARTESIAN_POINT('',(0.,0.));
#8150 = VECTOR('',#8151,1.);
#8151 = DIRECTION('',(0.,-1.));
#8152 = ( GEOMETRIC_REPRESENTATION_CONTEXT(2) 
PARAMETRIC_REPRESENTATION_CONTEXT() REPRESENTATION_CONTEXT('2D SPACE',''
  ) );
#8153 = ORIENTED_EDGE('',*,*,#2738,.F.);
#8154 = ADVANCED_FACE('',(#8155),#2726,.T.);
#8155 = FACE_BOUND('',#8156,.T.);
#8156 = EDGE_LOOP('',(#8157,#8158,#8181,#8202));
#8157 = ORIENTED_EDGE('',*,*,#8133,.T.);
#8158 = ORIENTED_EDGE('',*,*,#8159,.T.);
#8159 = EDGE_CURVE('',#8111,#8160,#8162,.T.);
#8160 = VERTEX_POINT('',#8161);
#8161 = CARTESIAN_POINT('',(-8.6337890625,-18.6,10.7296875));
#8162 = SURFACE_CURVE('',#8163,(#8167,#8174),.PCURVE_S1.);
#8163 = LINE('',#8164,#8165);
#8164 = CARTESIAN_POINT('',(-10.20263671875,-18.6,10.7296875));
#8165 = VECTOR('',#8166,1.);
#8166 = DIRECTION('',(1.,0.,0.));
#8167 = PCURVE('',#2726,#8168);
#8168 = DEFINITIONAL_REPRESENTATION('',(#8169),#8173);
#8169 = LINE('',#8170,#8171);
#8170 = CARTESIAN_POINT('',(0.,-0.6));
#8171 = VECTOR('',#8172,1.);
#8172 = DIRECTION('',(1.,0.));
#8173 = ( GEOMETRIC_REPRESENTATION_CONTEXT(2) 
PARAMETRIC_REPRESENTATION_CONTEXT() REPRESENTATION_CONTEXT('2D SPACE',''
  ) );
#8174 = PCURVE('',#7925,#8175);
#8175 = DEFINITIONAL_REPRESENTATION('',(#8176),#8180);
#8176 = LINE('',#8177,#8178);
#8177 = CARTESIAN_POINT('',(1.92431640625,5.10302734375));
#8178 = VECTOR('',#8179,1.);
#8179 = DIRECTION('',(1.,0.));
#8180 = ( GEOMETRIC_REPRESENTATION_CONTEXT(2) 
PARAMETRIC_REPRESENTATION_CONTEXT() REPRESENTATION_CONTEXT('2D SPACE',''
  ) );
#8181 = ORIENTED_EDGE('',*,*,#8182,.F.);
#8182 = EDGE_CURVE('',#2683,#8160,#8183,.T.);
#8183 = SURFACE_CURVE('',#8184,(#8188,#8195),.PCURVE_S1.);
#8184 = LINE('',#8185,#8186);
#8185 = CARTESIAN_POINT('',(-8.6337890625,-18.,10.7296875));
#8186 = VECTOR('',#8187,1.);
#8187 = DIRECTION('',(0.,-1.,0.));
#8188 = PCURVE('',#2726,#8189);
#8189 = DEFINITIONAL_REPRESENTATION('',(#8190),#8194);
#8190 = LINE('',#8191,#8192);
#8191 = CARTESIAN_POINT('',(1.56884765625,0.));
#8192 = VECTOR('',#8193,1.);
#8193 = DIRECTION('',(0.,-1.));
#8194 = ( GEOMETRIC_REPRESENTATION_CONTEXT(2) 
PARAMETRIC_REPRESENTATION_CONTEXT() REPRESENTATION_CONTEXT('2D SPACE',''
  ) );
#8195 = PCURVE('',#2698,#8196);
#8196 = DEFINITIONAL_REPRESENTATION('',(#8197),#8201);
#8197 = LINE('',#8198,#8199);
#8198 = CARTESIAN_POINT('',(0.,0.));
#8199 = VECTOR('',#8200,1.);
#8200 = DIRECTION('',(0.,-1.));
#8201 = ( GEOMETRIC_REPRESENTATION_CONTEXT(2) 
PARAMETRIC_REPRESENTATION_CONTEXT() REPRESENTATION_CONTEXT('2D SPACE',''
  ) );
#8202 = ORIENTED_EDGE('',*,*,#2710,.F.);
#8203 = ADVANCED_FACE('',(#8204),#2698,.T.);
#8204 = FACE_BOUND('',#8205,.T.);
#8205 = EDGE_LOOP('',(#8206,#8207,#8230,#8251));
#8206 = ORIENTED_EDGE('',*,*,#8182,.T.);
#8207 = ORIENTED_EDGE('',*,*,#8208,.T.);
#8208 = EDGE_CURVE('',#8160,#8209,#8211,.T.);
#8209 = VERTEX_POINT('',#8210);
#8210 = CARTESIAN_POINT('',(-6.74365234375,-18.6,5.62666015625));
#8211 = SURFACE_CURVE('',#8212,(#8216,#8223),.PCURVE_S1.);
#8212 = LINE('',#8213,#8214);
#8213 = CARTESIAN_POINT('',(-8.6337890625,-18.6,10.7296875));
#8214 = VECTOR('',#8215,1.);
#8215 = DIRECTION('',(0.347334812292,0.,-0.937741184));
#8216 = PCURVE('',#2698,#8217);
#8217 = DEFINITIONAL_REPRESENTATION('',(#8218),#8222);
#8218 = LINE('',#8219,#8220);
#8219 = CARTESIAN_POINT('',(0.,-0.6));
#8220 = VECTOR('',#8221,1.);
#8221 = DIRECTION('',(1.,0.));
#8222 = ( GEOMETRIC_REPRESENTATION_CONTEXT(2) 
PARAMETRIC_REPRESENTATION_CONTEXT() REPRESENTATION_CONTEXT('2D SPACE',''
  ) );
#8223 = PCURVE('',#7925,#8224);
#8224 = DEFINITIONAL_REPRESENTATION('',(#8225),#8229);
#8225 = LINE('',#8226,#8227);
#8226 = CARTESIAN_POINT('',(3.4931640625,5.10302734375));
#8227 = VECTOR('',#8228,1.);
#8228 = DIRECTION('',(0.347334812292,-0.937741184));
#8229 = ( GEOMETRIC_REPRESENTATION_CONTEXT(2) 
PARAMETRIC_REPRESENTATION_CONTEXT() REPRESENTATION_CONTEXT('2D SPACE',''
  ) );
#8230 = ORIENTED_EDGE('',*,*,#8231,.F.);
#8231 = EDGE_CURVE('',#2655,#8209,#8232,.T.);
#8232 = SURFACE_CURVE('',#8233,(#8237,#8244),.PCURVE_S1.);
#8233 = LINE('',#8234,#8235);
#8234 = CARTESIAN_POINT('',(-6.74365234375,-18.,5.62666015625));
#8235 = VECTOR('',#8236,1.);
#8236 = DIRECTION('',(0.,-1.,0.));
#8237 = PCURVE('',#2698,#8238);
#8238 = DEFINITIONAL_REPRESENTATION('',(#8239),#8243);
#8239 = LINE('',#8240,#8241);
#8240 = CARTESIAN_POINT('',(5.441829185727,0.));
#8241 = VECTOR('',#8242,1.);
#8242 = DIRECTION('',(0.,-1.));
#8243 = ( GEOMETRIC_REPRESENTATION_CONTEXT(2) 
PARAMETRIC_REPRESENTATION_CONTEXT() REPRESENTATION_CONTEXT('2D SPACE',''
  ) );
#8244 = PCURVE('',#2670,#8245);
#8245 = DEFINITIONAL_REPRESENTATION('',(#8246),#8250);
#8246 = LINE('',#8247,#8248);
#8247 = CARTESIAN_POINT('',(0.,-0.));
#8248 = VECTOR('',#8249,1.);
#8249 = DIRECTION('',(0.,-1.));
#8250 = ( GEOMETRIC_REPRESENTATION_CONTEXT(2) 
PARAMETRIC_REPRESENTATION_CONTEXT() REPRESENTATION_CONTEXT('2D SPACE',''
  ) );
#8251 = ORIENTED_EDGE('',*,*,#2682,.F.);
#8252 = ADVANCED_FACE('',(#8253),#2670,.T.);
#8253 = FACE_BOUND('',#8254,.T.);
#8254 = EDGE_LOOP('',(#8255,#8256,#8277,#8278));
#8255 = ORIENTED_EDGE('',*,*,#8231,.T.);
#8256 = ORIENTED_EDGE('',*,*,#8257,.T.);
#8257 = EDGE_CURVE('',#8209,#7887,#8258,.T.);
#8258 = SURFACE_CURVE('',#8259,(#8263,#8270),.PCURVE_S1.);
#8259 = LINE('',#8260,#8261);
#8260 = CARTESIAN_POINT('',(-6.74365234375,-18.6,5.62666015625));
#8261 = VECTOR('',#8262,1.);
#8262 = DIRECTION('',(-1.,0.,0.));
#8263 = PCURVE('',#2670,#8264);
#8264 = DEFINITIONAL_REPRESENTATION('',(#8265),#8269);
#8265 = LINE('',#8266,#8267);
#8266 = CARTESIAN_POINT('',(0.,-0.6));
#8267 = VECTOR('',#8268,1.);
#8268 = DIRECTION('',(1.,0.));
#8269 = ( GEOMETRIC_REPRESENTATION_CONTEXT(2) 
PARAMETRIC_REPRESENTATION_CONTEXT() REPRESENTATION_CONTEXT('2D SPACE',''
  ) );
#8270 = PCURVE('',#7925,#8271);
#8271 = DEFINITIONAL_REPRESENTATION('',(#8272),#8276);
#8272 = LINE('',#8273,#8274);
#8273 = CARTESIAN_POINT('',(5.38330078125,0.));
#8274 = VECTOR('',#8275,1.);
#8275 = DIRECTION('',(-1.,0.));
#8276 = ( GEOMETRIC_REPRESENTATION_CONTEXT(2) 
PARAMETRIC_REPRESENTATION_CONTEXT() REPRESENTATION_CONTEXT('2D SPACE',''
  ) );
#8277 = ORIENTED_EDGE('',*,*,#7886,.F.);
#8278 = ORIENTED_EDGE('',*,*,#2654,.F.);
#8279 = ADVANCED_FACE('',(#8280),#2921,.F.);
#8280 = FACE_BOUND('',#8281,.F.);
#8281 = EDGE_LOOP('',(#8282,#8283,#8306,#8332));
#8282 = ORIENTED_EDGE('',*,*,#2902,.F.);
#8283 = ORIENTED_EDGE('',*,*,#8284,.T.);
#8284 = EDGE_CURVE('',#2875,#8285,#8287,.T.);
#8285 = VERTEX_POINT('',#8286);
#8286 = CARTESIAN_POINT('',(-49.18253961525,-14.,7.6));
#8287 = SURFACE_CURVE('',#8288,(#8292,#8299),.PCURVE_S1.);
#8288 = LINE('',#8289,#8290);
#8289 = CARTESIAN_POINT('',(-75.,-14.,7.6));
#8290 = VECTOR('',#8291,1.);
#8291 = DIRECTION('',(1.,0.,0.));
#8292 = PCURVE('',#2921,#8293);
#8293 = DEFINITIONAL_REPRESENTATION('',(#8294),#8298);
#8294 = LINE('',#8295,#8296);
#8295 = CARTESIAN_POINT('',(0.,0.));
#8296 = VECTOR('',#8297,1.);
#8297 = DIRECTION('',(0.,-1.));
#8298 = ( GEOMETRIC_REPRESENTATION_CONTEXT(2) 
PARAMETRIC_REPRESENTATION_CONTEXT() REPRESENTATION_CONTEXT('2D SPACE',''
  ) );
#8299 = PCURVE('',#2890,#8300);
#8300 = DEFINITIONAL_REPRESENTATION('',(#8301),#8305);
#8301 = LINE('',#8302,#8303);
#8302 = CARTESIAN_POINT('',(32.,0.));
#8303 = VECTOR('',#8304,1.);
#8304 = DIRECTION('',(0.,-1.));
#8305 = ( GEOMETRIC_REPRESENTATION_CONTEXT(2) 
PARAMETRIC_REPRESENTATION_CONTEXT() REPRESENTATION_CONTEXT('2D SPACE',''
  ) );
#8306 = ORIENTED_EDGE('',*,*,#8307,.F.);
#8307 = EDGE_CURVE('',#5371,#8285,#8308,.T.);
#8308 = SURFACE_CURVE('',#8309,(#8314,#8325),.PCURVE_S1.);
#8309 = ELLIPSE('',#8310,2.001219088598,2.);
#8310 = AXIS2_PLACEMENT_3D('',#8311,#8312,#8313);
#8311 = CARTESIAN_POINT('',(-49.11269807627,-14.,9.6));
#8312 = DIRECTION('',(0.999390827019,0.,-3.48994967025E-02));
#8313 = DIRECTION('',(-3.48994967025E-02,0.,-0.999390827019));
#8314 = PCURVE('',#2921,#8315);
#8315 = DEFINITIONAL_REPRESENTATION('',(#8316),#8324);
#8316 = B_SPLINE_CURVE_WITH_KNOTS('',6,(#8317,#8318,#8319,#8320,#8321,
    #8322,#8323),.UNSPECIFIED.,.F.,.F.,(7,7),(4.712388980385,
    6.28318530718),.PIECEWISE_BEZIER_KNOTS.);
#8317 = CARTESIAN_POINT('',(1.570796326795,-25.88730192372));
#8318 = CARTESIAN_POINT('',(1.308996938996,-25.86901745158));
#8319 = CARTESIAN_POINT('',(1.047197551197,-25.85073437607));
#8320 = CARTESIAN_POINT('',(0.785398163397,-25.83469800162));
#8321 = CARTESIAN_POINT('',(0.523598775598,-25.82320341133));
#8322 = CARTESIAN_POINT('',(0.261799387799,-25.81746038474));
#8323 = CARTESIAN_POINT('',(0.,-25.81746038474));
#8324 = ( GEOMETRIC_REPRESENTATION_CONTEXT(2) 
PARAMETRIC_REPRESENTATION_CONTEXT() REPRESENTATION_CONTEXT('2D SPACE',''
  ) );
#8325 = PCURVE('',#4793,#8326);
#8326 = DEFINITIONAL_REPRESENTATION('',(#8327),#8331);
#8327 = ELLIPSE('',#8328,2.001219088598,2.);
#8328 = AXIS2_PLACEMENT_2D('',#8329,#8330);
#8329 = CARTESIAN_POINT('',(2.501523860747,3.5));
#8330 = DIRECTION('',(-1.,-0.));
#8331 = ( GEOMETRIC_REPRESENTATION_CONTEXT(2) 
PARAMETRIC_REPRESENTATION_CONTEXT() REPRESENTATION_CONTEXT('2D SPACE',''
  ) );
#8332 = ORIENTED_EDGE('',*,*,#5370,.F.);
#8333 = ADVANCED_FACE('',(#8334,#9230,#9265,#9300,#9335,#9370,#9405),
  #2890,.F.);
#8334 = FACE_BOUND('',#8335,.F.);
#8335 = EDGE_LOOP('',(#8336,#8337,#8338,#8339,#8340,#8366,#8367,#8390,
    #8410,#8411,#8434,#8456,#8489,#8516,#8549,#8571,#8599,#8621,#8654,
    #8681,#8714,#8736,#8764,#8786,#8819,#8846,#8879,#8901,#8929,#8951,
    #8984,#9011,#9044,#9066,#9094,#9116,#9149,#9176,#9209,#9229));
#8336 = ORIENTED_EDGE('',*,*,#2874,.F.);
#8337 = ORIENTED_EDGE('',*,*,#3152,.F.);
#8338 = ORIENTED_EDGE('',*,*,#3316,.T.);
#8339 = ORIENTED_EDGE('',*,*,#3531,.F.);
#8340 = ORIENTED_EDGE('',*,*,#8341,.F.);
#8341 = EDGE_CURVE('',#4123,#3504,#8342,.T.);
#8342 = SURFACE_CURVE('',#8343,(#8348,#8359),.PCURVE_S1.);
#8343 = CIRCLE('',#8344,2.);
#8344 = AXIS2_PLACEMENT_3D('',#8345,#8346,#8347);
#8345 = CARTESIAN_POINT('',(-113.,16.,7.6));
#8346 = DIRECTION('',(0.,0.,1.));
#8347 = DIRECTION('',(0.,-1.,0.));
#8348 = PCURVE('',#2890,#8349);
#8349 = DEFINITIONAL_REPRESENTATION('',(#8350),#8358);
#8350 = ( BOUNDED_CURVE() B_SPLINE_CURVE(2,(#8351,#8352,#8353,#8354,
#8355,#8356,#8357),.UNSPECIFIED.,.T.,.F.) B_SPLINE_CURVE_WITH_KNOTS((1,2
    ,2,2,2,1),(-2.094395102393,0.,2.094395102393,4.188790204786,
6.28318530718,8.377580409573),.UNSPECIFIED.) CURVE() 
GEOMETRIC_REPRESENTATION_ITEM() RATIONAL_B_SPLINE_CURVE((1.,0.5,1.,0.5,
1.,0.5,1.)) REPRESENTATION_ITEM('') );
#8351 = CARTESIAN_POINT('',(4.,38.));
#8352 = CARTESIAN_POINT('',(4.,34.535898384862));
#8353 = CARTESIAN_POINT('',(1.,36.267949192431));
#8354 = CARTESIAN_POINT('',(-2.,38.));
#8355 = CARTESIAN_POINT('',(1.,39.732050807569));
#8356 = CARTESIAN_POINT('',(4.,41.464101615138));
#8357 = CARTESIAN_POINT('',(4.,38.));
#8358 = ( GEOMETRIC_REPRESENTATION_CONTEXT(2) 
PARAMETRIC_REPRESENTATION_CONTEXT() REPRESENTATION_CONTEXT('2D SPACE',''
  ) );
#8359 = PCURVE('',#3519,#8360);
#8360 = DEFINITIONAL_REPRESENTATION('',(#8361),#8365);
#8361 = LINE('',#8362,#8363);
#8362 = CARTESIAN_POINT('',(-3.14159265359,7.6));
#8363 = VECTOR('',#8364,1.);
#8364 = DIRECTION('',(1.,0.));
#8365 = ( GEOMETRIC_REPRESENTATION_CONTEXT(2) 
PARAMETRIC_REPRESENTATION_CONTEXT() REPRESENTATION_CONTEXT('2D SPACE',''
  ) );
#8366 = ORIENTED_EDGE('',*,*,#4122,.F.);
#8367 = ORIENTED_EDGE('',*,*,#8368,.F.);
#8368 = EDGE_CURVE('',#8369,#4095,#8371,.T.);
#8369 = VERTEX_POINT('',#8370);
#8370 = CARTESIAN_POINT('',(-74.,15.,7.6));
#8371 = SURFACE_CURVE('',#8372,(#8376,#8383),.PCURVE_S1.);
#8372 = LINE('',#8373,#8374);
#8373 = CARTESIAN_POINT('',(-74.,6.,7.6));
#8374 = VECTOR('',#8375,1.);
#8375 = DIRECTION('',(0.,1.,0.));
#8376 = PCURVE('',#2890,#8377);
#8377 = DEFINITIONAL_REPRESENTATION('',(#8378),#8382);
#8378 = LINE('',#8379,#8380);
#8379 = CARTESIAN_POINT('',(12.,-1.));
#8380 = VECTOR('',#8381,1.);
#8381 = DIRECTION('',(-1.,-0.));
#8382 = ( GEOMETRIC_REPRESENTATION_CONTEXT(2) 
PARAMETRIC_REPRESENTATION_CONTEXT() REPRESENTATION_CONTEXT('2D SPACE',''
  ) );
#8383 = PCURVE('',#4110,#8384);
#8384 = DEFINITIONAL_REPRESENTATION('',(#8385),#8389);
#8385 = LINE('',#8386,#8387);
#8386 = CARTESIAN_POINT('',(0.,-7.6));
#8387 = VECTOR('',#8388,1.);
#8388 = DIRECTION('',(1.,0.));
#8389 = ( GEOMETRIC_REPRESENTATION_CONTEXT(2) 
PARAMETRIC_REPRESENTATION_CONTEXT() REPRESENTATION_CONTEXT('2D SPACE',''
  ) );
#8390 = ORIENTED_EDGE('',*,*,#8391,.F.);
#8391 = EDGE_CURVE('',#3203,#8369,#8392,.T.);
#8392 = SURFACE_CURVE('',#8393,(#8397,#8404),.PCURVE_S1.);
#8393 = LINE('',#8394,#8395);
#8394 = CARTESIAN_POINT('',(-76.,15.,7.6));
#8395 = VECTOR('',#8396,1.);
#8396 = DIRECTION('',(-1.,-0.,-0.));
#8397 = PCURVE('',#2890,#8398);
#8398 = DEFINITIONAL_REPRESENTATION('',(#8399),#8403);
#8399 = LINE('',#8400,#8401);
#8400 = CARTESIAN_POINT('',(3.,1.));
#8401 = VECTOR('',#8402,1.);
#8402 = DIRECTION('',(0.,1.));
#8403 = ( GEOMETRIC_REPRESENTATION_CONTEXT(2) 
PARAMETRIC_REPRESENTATION_CONTEXT() REPRESENTATION_CONTEXT('2D SPACE',''
  ) );
#8404 = PCURVE('',#3223,#8405);
#8405 = DEFINITIONAL_REPRESENTATION('',(#8406),#8409);
#8406 = B_SPLINE_CURVE_WITH_KNOTS('',1,(#8407,#8408),.UNSPECIFIED.,.F.,
  .F.,(2,2),(-152.0000006,6.000000070117E-07),.PIECEWISE_BEZIER_KNOTS.);
#8407 = CARTESIAN_POINT('',(-1.570796326795,-152.0000006));
#8408 = CARTESIAN_POINT('',(-1.570796326795,6.000000070117E-07));
#8409 = ( GEOMETRIC_REPRESENTATION_CONTEXT(2) 
PARAMETRIC_REPRESENTATION_CONTEXT() REPRESENTATION_CONTEXT('2D SPACE',''
  ) );
#8410 = ORIENTED_EDGE('',*,*,#3235,.T.);
#8411 = ORIENTED_EDGE('',*,*,#8412,.F.);
#8412 = EDGE_CURVE('',#8413,#3236,#8415,.T.);
#8413 = VERTEX_POINT('',#8414);
#8414 = CARTESIAN_POINT('',(49.182539615254,-14.,7.6));
#8415 = SURFACE_CURVE('',#8416,(#8420,#8427),.PCURVE_S1.);
#8416 = LINE('',#8417,#8418);
#8417 = CARTESIAN_POINT('',(-75.,-14.,7.6));
#8418 = VECTOR('',#8419,1.);
#8419 = DIRECTION('',(1.,0.,0.));
#8420 = PCURVE('',#2890,#8421);
#8421 = DEFINITIONAL_REPRESENTATION('',(#8422),#8426);
#8422 = LINE('',#8423,#8424);
#8423 = CARTESIAN_POINT('',(32.,0.));
#8424 = VECTOR('',#8425,1.);
#8425 = DIRECTION('',(0.,-1.));
#8426 = ( GEOMETRIC_REPRESENTATION_CONTEXT(2) 
PARAMETRIC_REPRESENTATION_CONTEXT() REPRESENTATION_CONTEXT('2D SPACE',''
  ) );
#8427 = PCURVE('',#3277,#8428);
#8428 = DEFINITIONAL_REPRESENTATION('',(#8429),#8433);
#8429 = LINE('',#8430,#8431);
#8430 = CARTESIAN_POINT('',(0.,0.));
#8431 = VECTOR('',#8432,1.);
#8432 = DIRECTION('',(0.,-1.));
#8433 = ( GEOMETRIC_REPRESENTATION_CONTEXT(2) 
PARAMETRIC_REPRESENTATION_CONTEXT() REPRESENTATION_CONTEXT('2D SPACE',''
  ) );
#8434 = ORIENTED_EDGE('',*,*,#8435,.T.);
#8435 = EDGE_CURVE('',#8413,#8436,#8438,.T.);
#8436 = VERTEX_POINT('',#8437);
#8437 = CARTESIAN_POINT('',(49.182539615254,-11.21703396365,7.6));
#8438 = SURFACE_CURVE('',#8439,(#8443,#8450),.PCURVE_S1.);
#8439 = LINE('',#8440,#8441);
#8440 = CARTESIAN_POINT('',(49.182539615254,0.75,7.6));
#8441 = VECTOR('',#8442,1.);
#8442 = DIRECTION('',(0.,1.,0.));
#8443 = PCURVE('',#2890,#8444);
#8444 = DEFINITIONAL_REPRESENTATION('',(#8445),#8449);
#8445 = LINE('',#8446,#8447);
#8446 = CARTESIAN_POINT('',(17.25,-124.1825396152));
#8447 = VECTOR('',#8448,1.);
#8448 = DIRECTION('',(-1.,-0.));
#8449 = ( GEOMETRIC_REPRESENTATION_CONTEXT(2) 
PARAMETRIC_REPRESENTATION_CONTEXT() REPRESENTATION_CONTEXT('2D SPACE',''
  ) );
#8450 = PCURVE('',#5332,#8451);
#8451 = DEFINITIONAL_REPRESENTATION('',(#8452),#8455);
#8452 = B_SPLINE_CURVE_WITH_KNOTS('',1,(#8453,#8454),.UNSPECIFIED.,.F.,
  .F.,(2,2),(-14.75,-11.94957357891),.PIECEWISE_BEZIER_KNOTS.);
#8453 = CARTESIAN_POINT('',(0.500304772149,2.5));
#8454 = CARTESIAN_POINT('',(0.500304772149,5.300426421087));
#8455 = ( GEOMETRIC_REPRESENTATION_CONTEXT(2) 
PARAMETRIC_REPRESENTATION_CONTEXT() REPRESENTATION_CONTEXT('2D SPACE',''
  ) );
#8456 = ORIENTED_EDGE('',*,*,#8457,.F.);
#8457 = EDGE_CURVE('',#8458,#8436,#8460,.T.);
#8458 = VERTEX_POINT('',#8459);
#8459 = CARTESIAN_POINT('',(48.482966036341,-10.51746038474,7.6));
#8460 = SURFACE_CURVE('',#8461,(#8466,#8473),.PCURVE_S1.);
#8461 = ELLIPSE('',#8462,0.700853102254,0.7);
#8462 = AXIS2_PLACEMENT_3D('',#8463,#8464,#8465);
#8463 = CARTESIAN_POINT('',(48.482112934245,-11.21788706575,7.6));
#8464 = DIRECTION('',(0.,0.,-1.));
#8465 = DIRECTION('',(-0.707106781187,-0.707106781187,-0.));
#8466 = PCURVE('',#2890,#8467);
#8467 = DEFINITIONAL_REPRESENTATION('',(#8468),#8472);
#8468 = ELLIPSE('',#8469,0.700853102254,0.7);
#8469 = AXIS2_PLACEMENT_2D('',#8470,#8471);
#8470 = CARTESIAN_POINT('',(29.217887065755,-123.4821129342));
#8471 = DIRECTION('',(0.707106781187,0.707106781187));
#8472 = ( GEOMETRIC_REPRESENTATION_CONTEXT(2) 
PARAMETRIC_REPRESENTATION_CONTEXT() REPRESENTATION_CONTEXT('2D SPACE',''
  ) );
#8473 = PCURVE('',#8474,#8479);
#8474 = CYLINDRICAL_SURFACE('',#8475,0.7);
#8475 = AXIS2_PLACEMENT_3D('',#8476,#8477,#8478);
#8476 = CARTESIAN_POINT('',(48.501277447597,-11.1987225524,
    7.051200141618));
#8477 = DIRECTION('',(-3.487826274237E-02,-3.487826274237E-02,
    0.998782765959));
#8478 = DIRECTION('',(0.999390827019,0.,3.48994967025E-02));
#8479 = DEFINITIONAL_REPRESENTATION('',(#8480),#8488);
#8480 = B_SPLINE_CURVE_WITH_KNOTS('',6,(#8481,#8482,#8483,#8484,#8485,
    #8486,#8487),.UNSPECIFIED.,.F.,.F.,(7,7),(2.356803477778,
    3.926381829402),.PIECEWISE_BEZIER_KNOTS.);
#8481 = CARTESIAN_POINT('',(1.569578351624,0.525009269846));
#8482 = CARTESIAN_POINT('',(1.307981959686,0.518618562153));
#8483 = CARTESIAN_POINT('',(1.046385567749,0.514236507682));
#8484 = CARTESIAN_POINT('',(0.784789175812,0.512649640136));
#8485 = CARTESIAN_POINT('',(0.523192783875,0.514236507682));
#8486 = CARTESIAN_POINT('',(0.261596391937,0.518618562153));
#8487 = CARTESIAN_POINT('',(-2.6645352591E-15,0.525009269846));
#8488 = ( GEOMETRIC_REPRESENTATION_CONTEXT(2) 
PARAMETRIC_REPRESENTATION_CONTEXT() REPRESENTATION_CONTEXT('2D SPACE',''
  ) );
#8489 = ORIENTED_EDGE('',*,*,#8490,.T.);
#8490 = EDGE_CURVE('',#8458,#8491,#8493,.T.);
#8491 = VERTEX_POINT('',#8492);
#8492 = CARTESIAN_POINT('',(47.517033963659,-10.51746038474,7.6));
#8493 = SURFACE_CURVE('',#8494,(#8498,#8505),.PCURVE_S1.);
#8494 = LINE('',#8495,#8496);
#8495 = CARTESIAN_POINT('',(-12.9,-10.51746038474,7.6));
#8496 = VECTOR('',#8497,1.);
#8497 = DIRECTION('',(-1.,0.,0.));
#8498 = PCURVE('',#2890,#8499);
#8499 = DEFINITIONAL_REPRESENTATION('',(#8500),#8504);
#8500 = LINE('',#8501,#8502);
#8501 = CARTESIAN_POINT('',(28.517460384746,-62.1));
#8502 = VECTOR('',#8503,1.);
#8503 = DIRECTION('',(0.,1.));
#8504 = ( GEOMETRIC_REPRESENTATION_CONTEXT(2) 
PARAMETRIC_REPRESENTATION_CONTEXT() REPRESENTATION_CONTEXT('2D SPACE',''
  ) );
#8505 = PCURVE('',#8506,#8511);
#8506 = PLANE('',#8507);
#8507 = AXIS2_PLACEMENT_3D('',#8508,#8509,#8510);
#8508 = CARTESIAN_POINT('',(49.2,-10.5,7.1));
#8509 = DIRECTION('',(-0.,-0.999390827019,-3.48994967025E-02));
#8510 = DIRECTION('',(0.,-3.48994967025E-02,0.999390827019));
#8511 = DEFINITIONAL_REPRESENTATION('',(#8512),#8515);
#8512 = B_SPLINE_CURVE_WITH_KNOTS('',1,(#8513,#8514),.UNSPECIFIED.,.F.,
  .F.,(2,2),(-61.40042642108,-60.39957357891),.PIECEWISE_BEZIER_KNOTS.);
#8513 = CARTESIAN_POINT('',(0.500304772149,0.699573578913));
#8514 = CARTESIAN_POINT('',(0.500304772149,1.700426421087));
#8515 = ( GEOMETRIC_REPRESENTATION_CONTEXT(2) 
PARAMETRIC_REPRESENTATION_CONTEXT() REPRESENTATION_CONTEXT('2D SPACE',''
  ) );
#8516 = ORIENTED_EDGE('',*,*,#8517,.F.);
#8517 = EDGE_CURVE('',#8518,#8491,#8520,.T.);
#8518 = VERTEX_POINT('',#8519);
#8519 = CARTESIAN_POINT('',(46.817460384746,-11.21703396365,7.6));
#8520 = SURFACE_CURVE('',#8521,(#8526,#8533),.PCURVE_S1.);
#8521 = ELLIPSE('',#8522,0.700853102254,0.7);
#8522 = AXIS2_PLACEMENT_3D('',#8523,#8524,#8525);
#8523 = CARTESIAN_POINT('',(47.517887065755,-11.21788706575,7.6));
#8524 = DIRECTION('',(0.,0.,-1.));
#8525 = DIRECTION('',(0.707106781187,-0.707106781187,0.));
#8526 = PCURVE('',#2890,#8527);
#8527 = DEFINITIONAL_REPRESENTATION('',(#8528),#8532);
#8528 = ELLIPSE('',#8529,0.700853102254,0.7);
#8529 = AXIS2_PLACEMENT_2D('',#8530,#8531);
#8530 = CARTESIAN_POINT('',(29.217887065755,-122.5178870657));
#8531 = DIRECTION('',(0.707106781187,-0.707106781187));
#8532 = ( GEOMETRIC_REPRESENTATION_CONTEXT(2) 
PARAMETRIC_REPRESENTATION_CONTEXT() REPRESENTATION_CONTEXT('2D SPACE',''
  ) );
#8533 = PCURVE('',#8534,#8539);
#8534 = CYLINDRICAL_SURFACE('',#8535,0.7);
#8535 = AXIS2_PLACEMENT_3D('',#8536,#8537,#8538);
#8536 = CARTESIAN_POINT('',(47.498723476283,-11.19872347628,
    7.051226598066));
#8537 = DIRECTION('',(3.487826274237E-02,-3.487826274237E-02,
    0.998782765959));
#8538 = DIRECTION('',(0.,0.999390827019,3.48994967025E-02));
#8539 = DEFINITIONAL_REPRESENTATION('',(#8540),#8548);
#8540 = B_SPLINE_CURVE_WITH_KNOTS('',6,(#8541,#8542,#8543,#8544,#8545,
    #8546,#8547),.UNSPECIFIED.,.F.,.F.,(7,7),(2.356803477778,
    3.926381829402),.PIECEWISE_BEZIER_KNOTS.);
#8541 = CARTESIAN_POINT('',(1.569578351624,0.524982781155));
#8542 = CARTESIAN_POINT('',(1.307981959686,0.518592073462));
#8543 = CARTESIAN_POINT('',(1.046385567749,0.514210018991));
#8544 = CARTESIAN_POINT('',(0.784789175812,0.512623151445));
#8545 = CARTESIAN_POINT('',(0.523192783874,0.514210018991));
#8546 = CARTESIAN_POINT('',(0.261596391937,0.518592073462));
#8547 = CARTESIAN_POINT('',(-9.769962616701E-15,0.524982781155));
#8548 = ( GEOMETRIC_REPRESENTATION_CONTEXT(2) 
PARAMETRIC_REPRESENTATION_CONTEXT() REPRESENTATION_CONTEXT('2D SPACE',''
  ) );
#8549 = ORIENTED_EDGE('',*,*,#8550,.T.);
#8550 = EDGE_CURVE('',#8518,#8551,#8553,.T.);
#8551 = VERTEX_POINT('',#8552);
#8552 = CARTESIAN_POINT('',(46.817460384746,-14.,7.6));
#8553 = SURFACE_CURVE('',#8554,(#8558,#8565),.PCURVE_S1.);
#8554 = LINE('',#8555,#8556);
#8555 = CARTESIAN_POINT('',(46.817460384746,3.75,7.6));
#8556 = VECTOR('',#8557,1.);
#8557 = DIRECTION('',(0.,-1.,0.));
#8558 = PCURVE('',#2890,#8559);
#8559 = DEFINITIONAL_REPRESENTATION('',(#8560),#8564);
#8560 = LINE('',#8561,#8562);
#8561 = CARTESIAN_POINT('',(14.25,-121.8174603847));
#8562 = VECTOR('',#8563,1.);
#8563 = DIRECTION('',(1.,0.));
#8564 = ( GEOMETRIC_REPRESENTATION_CONTEXT(2) 
PARAMETRIC_REPRESENTATION_CONTEXT() REPRESENTATION_CONTEXT('2D SPACE',''
  ) );
#8565 = PCURVE('',#5273,#8566);
#8566 = DEFINITIONAL_REPRESENTATION('',(#8567),#8570);
#8567 = B_SPLINE_CURVE_WITH_KNOTS('',1,(#8568,#8569),.UNSPECIFIED.,.F.,
  .F.,(2,2),(14.949573578913,17.75),.PIECEWISE_BEZIER_KNOTS.);
#8568 = CARTESIAN_POINT('',(0.500304772149,0.699573578913));
#8569 = CARTESIAN_POINT('',(0.500304772149,3.5));
#8570 = ( GEOMETRIC_REPRESENTATION_CONTEXT(2) 
PARAMETRIC_REPRESENTATION_CONTEXT() REPRESENTATION_CONTEXT('2D SPACE',''
  ) );
#8571 = ORIENTED_EDGE('',*,*,#8572,.F.);
#8572 = EDGE_CURVE('',#8573,#8551,#8575,.T.);
#8573 = VERTEX_POINT('',#8574);
#8574 = CARTESIAN_POINT('',(25.182539615254,-14.,7.6));
#8575 = SURFACE_CURVE('',#8576,(#8580,#8587),.PCURVE_S1.);
#8576 = LINE('',#8577,#8578);
#8577 = CARTESIAN_POINT('',(-75.,-14.,7.6));
#8578 = VECTOR('',#8579,1.);
#8579 = DIRECTION('',(1.,0.,0.));
#8580 = PCURVE('',#2890,#8581);
#8581 = DEFINITIONAL_REPRESENTATION('',(#8582),#8586);
#8582 = LINE('',#8583,#8584);
#8583 = CARTESIAN_POINT('',(32.,0.));
#8584 = VECTOR('',#8585,1.);
#8585 = DIRECTION('',(0.,-1.));
#8586 = ( GEOMETRIC_REPRESENTATION_CONTEXT(2) 
PARAMETRIC_REPRESENTATION_CONTEXT() REPRESENTATION_CONTEXT('2D SPACE',''
  ) );
#8587 = PCURVE('',#8588,#8593);
#8588 = CYLINDRICAL_SURFACE('',#8589,2.);
#8589 = AXIS2_PLACEMENT_3D('',#8590,#8591,#8592);
#8590 = CARTESIAN_POINT('',(-75.,-14.,9.6));
#8591 = DIRECTION('',(-1.,0.,0.));
#8592 = DIRECTION('',(0.,1.7763568394E-15,-1.));
#8593 = DEFINITIONAL_REPRESENTATION('',(#8594),#8598);
#8594 = LINE('',#8595,#8596);
#8595 = CARTESIAN_POINT('',(0.,0.));
#8596 = VECTOR('',#8597,1.);
#8597 = DIRECTION('',(0.,-1.));
#8598 = ( GEOMETRIC_REPRESENTATION_CONTEXT(2) 
PARAMETRIC_REPRESENTATION_CONTEXT() REPRESENTATION_CONTEXT('2D SPACE',''
  ) );
#8599 = ORIENTED_EDGE('',*,*,#8600,.T.);
#8600 = EDGE_CURVE('',#8573,#8601,#8603,.T.);
#8601 = VERTEX_POINT('',#8602);
#8602 = CARTESIAN_POINT('',(25.182539615254,-11.21703396365,7.6));
#8603 = SURFACE_CURVE('',#8604,(#8608,#8615),.PCURVE_S1.);
#8604 = LINE('',#8605,#8606);
#8605 = CARTESIAN_POINT('',(25.182539615254,0.75,7.6));
#8606 = VECTOR('',#8607,1.);
#8607 = DIRECTION('',(0.,1.,0.));
#8608 = PCURVE('',#2890,#8609);
#8609 = DEFINITIONAL_REPRESENTATION('',(#8610),#8614);
#8610 = LINE('',#8611,#8612);
#8611 = CARTESIAN_POINT('',(17.25,-100.1825396152));
#8612 = VECTOR('',#8613,1.);
#8613 = DIRECTION('',(-1.,-0.));
#8614 = ( GEOMETRIC_REPRESENTATION_CONTEXT(2) 
PARAMETRIC_REPRESENTATION_CONTEXT() REPRESENTATION_CONTEXT('2D SPACE',''
  ) );
#8615 = PCURVE('',#5212,#8616);
#8616 = DEFINITIONAL_REPRESENTATION('',(#8617),#8620);
#8617 = B_SPLINE_CURVE_WITH_KNOTS('',1,(#8618,#8619),.UNSPECIFIED.,.F.,
  .F.,(2,2),(-14.75,-11.94957357891),.PIECEWISE_BEZIER_KNOTS.);
#8618 = CARTESIAN_POINT('',(0.500304772149,2.5));
#8619 = CARTESIAN_POINT('',(0.500304772149,5.300426421087));
#8620 = ( GEOMETRIC_REPRESENTATION_CONTEXT(2) 
PARAMETRIC_REPRESENTATION_CONTEXT() REPRESENTATION_CONTEXT('2D SPACE',''
  ) );
#8621 = ORIENTED_EDGE('',*,*,#8622,.F.);
#8622 = EDGE_CURVE('',#8623,#8601,#8625,.T.);
#8623 = VERTEX_POINT('',#8624);
#8624 = CARTESIAN_POINT('',(24.482966036341,-10.51746038474,7.6));
#8625 = SURFACE_CURVE('',#8626,(#8631,#8638),.PCURVE_S1.);
#8626 = ELLIPSE('',#8627,0.700853102254,0.7);
#8627 = AXIS2_PLACEMENT_3D('',#8628,#8629,#8630);
#8628 = CARTESIAN_POINT('',(24.482112934245,-11.21788706575,7.6));
#8629 = DIRECTION('',(0.,0.,-1.));
#8630 = DIRECTION('',(-0.707106781187,-0.707106781187,-0.));
#8631 = PCURVE('',#2890,#8632);
#8632 = DEFINITIONAL_REPRESENTATION('',(#8633),#8637);
#8633 = ELLIPSE('',#8634,0.700853102254,0.7);
#8634 = AXIS2_PLACEMENT_2D('',#8635,#8636);
#8635 = CARTESIAN_POINT('',(29.217887065755,-99.48211293424));
#8636 = DIRECTION('',(0.707106781187,0.707106781187));
#8637 = ( GEOMETRIC_REPRESENTATION_CONTEXT(2) 
PARAMETRIC_REPRESENTATION_CONTEXT() REPRESENTATION_CONTEXT('2D SPACE',''
  ) );
#8638 = PCURVE('',#8639,#8644);
#8639 = CYLINDRICAL_SURFACE('',#8640,0.7);
#8640 = AXIS2_PLACEMENT_3D('',#8641,#8642,#8643);
#8641 = CARTESIAN_POINT('',(24.501277447597,-11.1987225524,
    7.051200141618));
#8642 = DIRECTION('',(-3.487826274237E-02,-3.487826274237E-02,
    0.998782765959));
#8643 = DIRECTION('',(0.999390827019,0.,3.48994967025E-02));
#8644 = DEFINITIONAL_REPRESENTATION('',(#8645),#8653);
#8645 = B_SPLINE_CURVE_WITH_KNOTS('',6,(#8646,#8647,#8648,#8649,#8650,
    #8651,#8652),.UNSPECIFIED.,.F.,.F.,(7,7),(2.356803477778,
    3.926381829402),.PIECEWISE_BEZIER_KNOTS.);
#8646 = CARTESIAN_POINT('',(1.569578351624,0.525009269846));
#8647 = CARTESIAN_POINT('',(1.307981959686,0.518618562153));
#8648 = CARTESIAN_POINT('',(1.046385567749,0.514236507682));
#8649 = CARTESIAN_POINT('',(0.784789175812,0.512649640136));
#8650 = CARTESIAN_POINT('',(0.523192783875,0.514236507682));
#8651 = CARTESIAN_POINT('',(0.261596391937,0.518618562153));
#8652 = CARTESIAN_POINT('',(0.,0.525009269846));
#8653 = ( GEOMETRIC_REPRESENTATION_CONTEXT(2) 
PARAMETRIC_REPRESENTATION_CONTEXT() REPRESENTATION_CONTEXT('2D SPACE',''
  ) );
#8654 = ORIENTED_EDGE('',*,*,#8655,.T.);
#8655 = EDGE_CURVE('',#8623,#8656,#8658,.T.);
#8656 = VERTEX_POINT('',#8657);
#8657 = CARTESIAN_POINT('',(23.517033963659,-10.51746038474,7.6));
#8658 = SURFACE_CURVE('',#8659,(#8663,#8670),.PCURVE_S1.);
#8659 = LINE('',#8660,#8661);
#8660 = CARTESIAN_POINT('',(-24.9,-10.51746038474,7.6));
#8661 = VECTOR('',#8662,1.);
#8662 = DIRECTION('',(-1.,0.,0.));
#8663 = PCURVE('',#2890,#8664);
#8664 = DEFINITIONAL_REPRESENTATION('',(#8665),#8669);
#8665 = LINE('',#8666,#8667);
#8666 = CARTESIAN_POINT('',(28.517460384746,-50.1));
#8667 = VECTOR('',#8668,1.);
#8668 = DIRECTION('',(0.,1.));
#8669 = ( GEOMETRIC_REPRESENTATION_CONTEXT(2) 
PARAMETRIC_REPRESENTATION_CONTEXT() REPRESENTATION_CONTEXT('2D SPACE',''
  ) );
#8670 = PCURVE('',#8671,#8676);
#8671 = PLANE('',#8672);
#8672 = AXIS2_PLACEMENT_3D('',#8673,#8674,#8675);
#8673 = CARTESIAN_POINT('',(25.2,-10.5,7.1));
#8674 = DIRECTION('',(-0.,-0.999390827019,-3.48994967025E-02));
#8675 = DIRECTION('',(0.,-3.48994967025E-02,0.999390827019));
#8676 = DEFINITIONAL_REPRESENTATION('',(#8677),#8680);
#8677 = B_SPLINE_CURVE_WITH_KNOTS('',1,(#8678,#8679),.UNSPECIFIED.,.F.,
  .F.,(2,2),(-49.40042642108,-48.39957357891),.PIECEWISE_BEZIER_KNOTS.);
#8678 = CARTESIAN_POINT('',(0.500304772149,0.699573578913));
#8679 = CARTESIAN_POINT('',(0.500304772149,1.700426421087));
#8680 = ( GEOMETRIC_REPRESENTATION_CONTEXT(2) 
PARAMETRIC_REPRESENTATION_CONTEXT() REPRESENTATION_CONTEXT('2D SPACE',''
  ) );
#8681 = ORIENTED_EDGE('',*,*,#8682,.F.);
#8682 = EDGE_CURVE('',#8683,#8656,#8685,.T.);
#8683 = VERTEX_POINT('',#8684);
#8684 = CARTESIAN_POINT('',(22.817460384746,-11.21703396365,7.6));
#8685 = SURFACE_CURVE('',#8686,(#8691,#8698),.PCURVE_S1.);
#8686 = ELLIPSE('',#8687,0.700853102254,0.7);
#8687 = AXIS2_PLACEMENT_3D('',#8688,#8689,#8690);
#8688 = CARTESIAN_POINT('',(23.517887065755,-11.21788706575,7.6));
#8689 = DIRECTION('',(0.,0.,-1.));
#8690 = DIRECTION('',(0.707106781187,-0.707106781187,0.));
#8691 = PCURVE('',#2890,#8692);
#8692 = DEFINITIONAL_REPRESENTATION('',(#8693),#8697);
#8693 = ELLIPSE('',#8694,0.700853102254,0.7);
#8694 = AXIS2_PLACEMENT_2D('',#8695,#8696);
#8695 = CARTESIAN_POINT('',(29.217887065755,-98.51788706575));
#8696 = DIRECTION('',(0.707106781187,-0.707106781187));
#8697 = ( GEOMETRIC_REPRESENTATION_CONTEXT(2) 
PARAMETRIC_REPRESENTATION_CONTEXT() REPRESENTATION_CONTEXT('2D SPACE',''
  ) );
#8698 = PCURVE('',#8699,#8704);
#8699 = CYLINDRICAL_SURFACE('',#8700,0.7);
#8700 = AXIS2_PLACEMENT_3D('',#8701,#8702,#8703);
#8701 = CARTESIAN_POINT('',(23.498722552403,-11.1987225524,
    7.051200141618));
#8702 = DIRECTION('',(3.487826274237E-02,-3.487826274237E-02,
    0.998782765959));
#8703 = DIRECTION('',(0.,0.999390827019,3.48994967025E-02));
#8704 = DEFINITIONAL_REPRESENTATION('',(#8705),#8713);
#8705 = B_SPLINE_CURVE_WITH_KNOTS('',6,(#8706,#8707,#8708,#8709,#8710,
    #8711,#8712),.UNSPECIFIED.,.F.,.F.,(7,7),(2.356803477778,
    3.9263819889),.PIECEWISE_BEZIER_KNOTS.);
#8706 = CARTESIAN_POINT('',(1.569578351624,0.525009269846));
#8707 = CARTESIAN_POINT('',(1.307981933103,0.518618561504));
#8708 = CARTESIAN_POINT('',(1.046385514583,0.514236506791));
#8709 = CARTESIAN_POINT('',(0.784789096062,0.512649639653));
#8710 = CARTESIAN_POINT('',(0.523192677542,0.514236508327));
#8711 = CARTESIAN_POINT('',(0.261596259022,0.51861856438));
#8712 = CARTESIAN_POINT('',(-1.594986445141E-07,0.525009273742));
#8713 = ( GEOMETRIC_REPRESENTATION_CONTEXT(2) 
PARAMETRIC_REPRESENTATION_CONTEXT() REPRESENTATION_CONTEXT('2D SPACE',''
  ) );
#8714 = ORIENTED_EDGE('',*,*,#8715,.T.);
#8715 = EDGE_CURVE('',#8683,#8716,#8718,.T.);
#8716 = VERTEX_POINT('',#8717);
#8717 = CARTESIAN_POINT('',(22.817460384746,-14.,7.6));
#8718 = SURFACE_CURVE('',#8719,(#8723,#8730),.PCURVE_S1.);
#8719 = LINE('',#8720,#8721);
#8720 = CARTESIAN_POINT('',(22.817460384746,3.75,7.6));
#8721 = VECTOR('',#8722,1.);
#8722 = DIRECTION('',(0.,-1.,0.));
#8723 = PCURVE('',#2890,#8724);
#8724 = DEFINITIONAL_REPRESENTATION('',(#8725),#8729);
#8725 = LINE('',#8726,#8727);
#8726 = CARTESIAN_POINT('',(14.25,-97.81746038474));
#8727 = VECTOR('',#8728,1.);
#8728 = DIRECTION('',(1.,0.));
#8729 = ( GEOMETRIC_REPRESENTATION_CONTEXT(2) 
PARAMETRIC_REPRESENTATION_CONTEXT() REPRESENTATION_CONTEXT('2D SPACE',''
  ) );
#8730 = PCURVE('',#5153,#8731);
#8731 = DEFINITIONAL_REPRESENTATION('',(#8732),#8735);
#8732 = B_SPLINE_CURVE_WITH_KNOTS('',1,(#8733,#8734),.UNSPECIFIED.,.F.,
  .F.,(2,2),(14.949573578913,17.75),.PIECEWISE_BEZIER_KNOTS.);
#8733 = CARTESIAN_POINT('',(0.500304772149,0.699573578913));
#8734 = CARTESIAN_POINT('',(0.500304772149,3.5));
#8735 = ( GEOMETRIC_REPRESENTATION_CONTEXT(2) 
PARAMETRIC_REPRESENTATION_CONTEXT() REPRESENTATION_CONTEXT('2D SPACE',''
  ) );
#8736 = ORIENTED_EDGE('',*,*,#8737,.F.);
#8737 = EDGE_CURVE('',#8738,#8716,#8740,.T.);
#8738 = VERTEX_POINT('',#8739);
#8739 = CARTESIAN_POINT('',(1.182539615254,-14.,7.6));
#8740 = SURFACE_CURVE('',#8741,(#8745,#8752),.PCURVE_S1.);
#8741 = LINE('',#8742,#8743);
#8742 = CARTESIAN_POINT('',(-75.,-14.,7.6));
#8743 = VECTOR('',#8744,1.);
#8744 = DIRECTION('',(1.,0.,0.));
#8745 = PCURVE('',#2890,#8746);
#8746 = DEFINITIONAL_REPRESENTATION('',(#8747),#8751);
#8747 = LINE('',#8748,#8749);
#8748 = CARTESIAN_POINT('',(32.,0.));
#8749 = VECTOR('',#8750,1.);
#8750 = DIRECTION('',(0.,-1.));
#8751 = ( GEOMETRIC_REPRESENTATION_CONTEXT(2) 
PARAMETRIC_REPRESENTATION_CONTEXT() REPRESENTATION_CONTEXT('2D SPACE',''
  ) );
#8752 = PCURVE('',#8753,#8758);
#8753 = CYLINDRICAL_SURFACE('',#8754,2.);
#8754 = AXIS2_PLACEMENT_3D('',#8755,#8756,#8757);
#8755 = CARTESIAN_POINT('',(-75.,-14.,9.6));
#8756 = DIRECTION('',(-1.,0.,0.));
#8757 = DIRECTION('',(0.,1.7763568394E-15,-1.));
#8758 = DEFINITIONAL_REPRESENTATION('',(#8759),#8763);
#8759 = LINE('',#8760,#8761);
#8760 = CARTESIAN_POINT('',(0.,0.));
#8761 = VECTOR('',#8762,1.);
#8762 = DIRECTION('',(0.,-1.));
#8763 = ( GEOMETRIC_REPRESENTATION_CONTEXT(2) 
PARAMETRIC_REPRESENTATION_CONTEXT() REPRESENTATION_CONTEXT('2D SPACE',''
  ) );
#8764 = ORIENTED_EDGE('',*,*,#8765,.T.);
#8765 = EDGE_CURVE('',#8738,#8766,#8768,.T.);
#8766 = VERTEX_POINT('',#8767);
#8767 = CARTESIAN_POINT('',(1.182539615254,-11.21703396365,7.6));
#8768 = SURFACE_CURVE('',#8769,(#8773,#8780),.PCURVE_S1.);
#8769 = LINE('',#8770,#8771);
#8770 = CARTESIAN_POINT('',(1.182539615254,0.75,7.6));
#8771 = VECTOR('',#8772,1.);
#8772 = DIRECTION('',(0.,1.,0.));
#8773 = PCURVE('',#2890,#8774);
#8774 = DEFINITIONAL_REPRESENTATION('',(#8775),#8779);
#8775 = LINE('',#8776,#8777);
#8776 = CARTESIAN_POINT('',(17.25,-76.18253961525));
#8777 = VECTOR('',#8778,1.);
#8778 = DIRECTION('',(-1.,-0.));
#8779 = ( GEOMETRIC_REPRESENTATION_CONTEXT(2) 
PARAMETRIC_REPRESENTATION_CONTEXT() REPRESENTATION_CONTEXT('2D SPACE',''
  ) );
#8780 = PCURVE('',#5092,#8781);
#8781 = DEFINITIONAL_REPRESENTATION('',(#8782),#8785);
#8782 = B_SPLINE_CURVE_WITH_KNOTS('',1,(#8783,#8784),.UNSPECIFIED.,.F.,
  .F.,(2,2),(-14.75,-11.94957357891),.PIECEWISE_BEZIER_KNOTS.);
#8783 = CARTESIAN_POINT('',(0.500304772149,2.5));
#8784 = CARTESIAN_POINT('',(0.500304772149,5.300426421087));
#8785 = ( GEOMETRIC_REPRESENTATION_CONTEXT(2) 
PARAMETRIC_REPRESENTATION_CONTEXT() REPRESENTATION_CONTEXT('2D SPACE',''
  ) );
#8786 = ORIENTED_EDGE('',*,*,#8787,.F.);
#8787 = EDGE_CURVE('',#8788,#8766,#8790,.T.);
#8788 = VERTEX_POINT('',#8789);
#8789 = CARTESIAN_POINT('',(0.482966036341,-10.51746038474,7.6));
#8790 = SURFACE_CURVE('',#8791,(#8796,#8803),.PCURVE_S1.);
#8791 = ELLIPSE('',#8792,0.700853102254,0.7);
#8792 = AXIS2_PLACEMENT_3D('',#8793,#8794,#8795);
#8793 = CARTESIAN_POINT('',(0.482112934245,-11.21788706575,7.6));
#8794 = DIRECTION('',(0.,0.,-1.));
#8795 = DIRECTION('',(-0.707106781187,-0.707106781187,-0.));
#8796 = PCURVE('',#2890,#8797);
#8797 = DEFINITIONAL_REPRESENTATION('',(#8798),#8802);
#8798 = ELLIPSE('',#8799,0.700853102254,0.7);
#8799 = AXIS2_PLACEMENT_2D('',#8800,#8801);
#8800 = CARTESIAN_POINT('',(29.217887065755,-75.48211293424));
#8801 = DIRECTION('',(0.707106781187,0.707106781187));
#8802 = ( GEOMETRIC_REPRESENTATION_CONTEXT(2) 
PARAMETRIC_REPRESENTATION_CONTEXT() REPRESENTATION_CONTEXT('2D SPACE',''
  ) );
#8803 = PCURVE('',#8804,#8809);
#8804 = CYLINDRICAL_SURFACE('',#8805,0.7);
#8805 = AXIS2_PLACEMENT_3D('',#8806,#8807,#8808);
#8806 = CARTESIAN_POINT('',(0.501277447597,-11.1987225524,7.051200141618
    ));
#8807 = DIRECTION('',(-3.487826274237E-02,-3.487826274237E-02,
    0.998782765959));
#8808 = DIRECTION('',(0.999390827019,0.,3.48994967025E-02));
#8809 = DEFINITIONAL_REPRESENTATION('',(#8810),#8818);
#8810 = B_SPLINE_CURVE_WITH_KNOTS('',6,(#8811,#8812,#8813,#8814,#8815,
    #8816,#8817),.UNSPECIFIED.,.F.,.F.,(7,7),(2.356803477778,
    3.926381829402),.PIECEWISE_BEZIER_KNOTS.);
#8811 = CARTESIAN_POINT('',(1.569578351624,0.525009269846));
#8812 = CARTESIAN_POINT('',(1.307981959686,0.518618562153));
#8813 = CARTESIAN_POINT('',(1.046385567749,0.514236507682));
#8814 = CARTESIAN_POINT('',(0.784789175812,0.512649640136));
#8815 = CARTESIAN_POINT('',(0.523192783875,0.514236507682));
#8816 = CARTESIAN_POINT('',(0.261596391937,0.518618562153));
#8817 = CARTESIAN_POINT('',(0.,0.525009269846));
#8818 = ( GEOMETRIC_REPRESENTATION_CONTEXT(2) 
PARAMETRIC_REPRESENTATION_CONTEXT() REPRESENTATION_CONTEXT('2D SPACE',''
  ) );
#8819 = ORIENTED_EDGE('',*,*,#8820,.T.);
#8820 = EDGE_CURVE('',#8788,#8821,#8823,.T.);
#8821 = VERTEX_POINT('',#8822);
#8822 = CARTESIAN_POINT('',(-0.482966036341,-10.51746038474,7.6));
#8823 = SURFACE_CURVE('',#8824,(#8828,#8835),.PCURVE_S1.);
#8824 = LINE('',#8825,#8826);
#8825 = CARTESIAN_POINT('',(-36.9,-10.51746038474,7.6));
#8826 = VECTOR('',#8827,1.);
#8827 = DIRECTION('',(-1.,0.,0.));
#8828 = PCURVE('',#2890,#8829);
#8829 = DEFINITIONAL_REPRESENTATION('',(#8830),#8834);
#8830 = LINE('',#8831,#8832);
#8831 = CARTESIAN_POINT('',(28.517460384746,-38.1));
#8832 = VECTOR('',#8833,1.);
#8833 = DIRECTION('',(0.,1.));
#8834 = ( GEOMETRIC_REPRESENTATION_CONTEXT(2) 
PARAMETRIC_REPRESENTATION_CONTEXT() REPRESENTATION_CONTEXT('2D SPACE',''
  ) );
#8835 = PCURVE('',#8836,#8841);
#8836 = PLANE('',#8837);
#8837 = AXIS2_PLACEMENT_3D('',#8838,#8839,#8840);
#8838 = CARTESIAN_POINT('',(1.2,-10.5,7.1));
#8839 = DIRECTION('',(-0.,-0.999390827019,-3.48994967025E-02));
#8840 = DIRECTION('',(0.,-3.48994967025E-02,0.999390827019));
#8841 = DEFINITIONAL_REPRESENTATION('',(#8842),#8845);
#8842 = B_SPLINE_CURVE_WITH_KNOTS('',1,(#8843,#8844),.UNSPECIFIED.,.F.,
  .F.,(2,2),(-37.40042642108,-36.39957357891),.PIECEWISE_BEZIER_KNOTS.);
#8843 = CARTESIAN_POINT('',(0.500304772149,0.699573578913));
#8844 = CARTESIAN_POINT('',(0.500304772149,1.700426421087));
#8845 = ( GEOMETRIC_REPRESENTATION_CONTEXT(2) 
PARAMETRIC_REPRESENTATION_CONTEXT() REPRESENTATION_CONTEXT('2D SPACE',''
  ) );
#8846 = ORIENTED_EDGE('',*,*,#8847,.F.);
#8847 = EDGE_CURVE('',#8848,#8821,#8850,.T.);
#8848 = VERTEX_POINT('',#8849);
#8849 = CARTESIAN_POINT('',(-1.182539615254,-11.21703396365,7.6));
#8850 = SURFACE_CURVE('',#8851,(#8856,#8863),.PCURVE_S1.);
#8851 = ELLIPSE('',#8852,0.700853102254,0.7);
#8852 = AXIS2_PLACEMENT_3D('',#8853,#8854,#8855);
#8853 = CARTESIAN_POINT('',(-0.482112934245,-11.21788706575,7.6));
#8854 = DIRECTION('',(0.,0.,-1.));
#8855 = DIRECTION('',(0.707106781187,-0.707106781187,0.));
#8856 = PCURVE('',#2890,#8857);
#8857 = DEFINITIONAL_REPRESENTATION('',(#8858),#8862);
#8858 = ELLIPSE('',#8859,0.700853102254,0.7);
#8859 = AXIS2_PLACEMENT_2D('',#8860,#8861);
#8860 = CARTESIAN_POINT('',(29.217887065755,-74.51788706575));
#8861 = DIRECTION('',(0.707106781187,-0.707106781187));
#8862 = ( GEOMETRIC_REPRESENTATION_CONTEXT(2) 
PARAMETRIC_REPRESENTATION_CONTEXT() REPRESENTATION_CONTEXT('2D SPACE',''
  ) );
#8863 = PCURVE('',#8864,#8869);
#8864 = CYLINDRICAL_SURFACE('',#8865,0.7);
#8865 = AXIS2_PLACEMENT_3D('',#8866,#8867,#8868);
#8866 = CARTESIAN_POINT('',(-0.501277447597,-11.1987225524,
    7.051200141618));
#8867 = DIRECTION('',(3.487826274237E-02,-3.487826274237E-02,
    0.998782765959));
#8868 = DIRECTION('',(0.,0.999390827019,3.48994967025E-02));
#8869 = DEFINITIONAL_REPRESENTATION('',(#8870),#8878);
#8870 = B_SPLINE_CURVE_WITH_KNOTS('',6,(#8871,#8872,#8873,#8874,#8875,
    #8876,#8877),.UNSPECIFIED.,.F.,.F.,(7,7),(2.356803477778,
    3.926381976975),.PIECEWISE_BEZIER_KNOTS.);
#8871 = CARTESIAN_POINT('',(1.569578351624,0.525009269846));
#8872 = CARTESIAN_POINT('',(1.307981935091,0.518618561553));
#8873 = CARTESIAN_POINT('',(1.046385518558,0.514236506858));
#8874 = CARTESIAN_POINT('',(0.784789102025,0.512649639689));
#8875 = CARTESIAN_POINT('',(0.523192685493,0.514236508279));
#8876 = CARTESIAN_POINT('',(0.26159626896,0.518618564213));
#8877 = CARTESIAN_POINT('',(-1.475730355693E-07,0.525009273451));
#8878 = ( GEOMETRIC_REPRESENTATION_CONTEXT(2) 
PARAMETRIC_REPRESENTATION_CONTEXT() REPRESENTATION_CONTEXT('2D SPACE',''
  ) );
#8879 = ORIENTED_EDGE('',*,*,#8880,.T.);
#8880 = EDGE_CURVE('',#8848,#8881,#8883,.T.);
#8881 = VERTEX_POINT('',#8882);
#8882 = CARTESIAN_POINT('',(-1.182539615254,-14.,7.6));
#8883 = SURFACE_CURVE('',#8884,(#8888,#8895),.PCURVE_S1.);
#8884 = LINE('',#8885,#8886);
#8885 = CARTESIAN_POINT('',(-1.182539615254,3.75,7.6));
#8886 = VECTOR('',#8887,1.);
#8887 = DIRECTION('',(0.,-1.,0.));
#8888 = PCURVE('',#2890,#8889);
#8889 = DEFINITIONAL_REPRESENTATION('',(#8890),#8894);
#8890 = LINE('',#8891,#8892);
#8891 = CARTESIAN_POINT('',(14.25,-73.81746038474));
#8892 = VECTOR('',#8893,1.);
#8893 = DIRECTION('',(1.,0.));
#8894 = ( GEOMETRIC_REPRESENTATION_CONTEXT(2) 
PARAMETRIC_REPRESENTATION_CONTEXT() REPRESENTATION_CONTEXT('2D SPACE',''
  ) );
#8895 = PCURVE('',#5033,#8896);
#8896 = DEFINITIONAL_REPRESENTATION('',(#8897),#8900);
#8897 = B_SPLINE_CURVE_WITH_KNOTS('',1,(#8898,#8899),.UNSPECIFIED.,.F.,
  .F.,(2,2),(14.949573578913,17.75),.PIECEWISE_BEZIER_KNOTS.);
#8898 = CARTESIAN_POINT('',(0.500304772149,0.699573578913));
#8899 = CARTESIAN_POINT('',(0.500304772149,3.5));
#8900 = ( GEOMETRIC_REPRESENTATION_CONTEXT(2) 
PARAMETRIC_REPRESENTATION_CONTEXT() REPRESENTATION_CONTEXT('2D SPACE',''
  ) );
#8901 = ORIENTED_EDGE('',*,*,#8902,.F.);
#8902 = EDGE_CURVE('',#8903,#8881,#8905,.T.);
#8903 = VERTEX_POINT('',#8904);
#8904 = CARTESIAN_POINT('',(-22.81746038474,-14.,7.6));
#8905 = SURFACE_CURVE('',#8906,(#8910,#8917),.PCURVE_S1.);
#8906 = LINE('',#8907,#8908);
#8907 = CARTESIAN_POINT('',(-75.,-14.,7.6));
#8908 = VECTOR('',#8909,1.);
#8909 = DIRECTION('',(1.,0.,0.));
#8910 = PCURVE('',#2890,#8911);
#8911 = DEFINITIONAL_REPRESENTATION('',(#8912),#8916);
#8912 = LINE('',#8913,#8914);
#8913 = CARTESIAN_POINT('',(32.,0.));
#8914 = VECTOR('',#8915,1.);
#8915 = DIRECTION('',(0.,-1.));
#8916 = ( GEOMETRIC_REPRESENTATION_CONTEXT(2) 
PARAMETRIC_REPRESENTATION_CONTEXT() REPRESENTATION_CONTEXT('2D SPACE',''
  ) );
#8917 = PCURVE('',#8918,#8923);
#8918 = CYLINDRICAL_SURFACE('',#8919,2.);
#8919 = AXIS2_PLACEMENT_3D('',#8920,#8921,#8922);
#8920 = CARTESIAN_POINT('',(-75.,-14.,9.6));
#8921 = DIRECTION('',(-1.,0.,0.));
#8922 = DIRECTION('',(0.,1.7763568394E-15,-1.));
#8923 = DEFINITIONAL_REPRESENTATION('',(#8924),#8928);
#8924 = LINE('',#8925,#8926);
#8925 = CARTESIAN_POINT('',(0.,0.));
#8926 = VECTOR('',#8927,1.);
#8927 = DIRECTION('',(0.,-1.));
#8928 = ( GEOMETRIC_REPRESENTATION_CONTEXT(2) 
PARAMETRIC_REPRESENTATION_CONTEXT() REPRESENTATION_CONTEXT('2D SPACE',''
  ) );
#8929 = ORIENTED_EDGE('',*,*,#8930,.T.);
#8930 = EDGE_CURVE('',#8903,#8931,#8933,.T.);
#8931 = VERTEX_POINT('',#8932);
#8932 = CARTESIAN_POINT('',(-22.81746038474,-11.21703396365,7.6));
#8933 = SURFACE_CURVE('',#8934,(#8938,#8945),.PCURVE_S1.);
#8934 = LINE('',#8935,#8936);
#8935 = CARTESIAN_POINT('',(-22.81746038474,0.75,7.6));
#8936 = VECTOR('',#8937,1.);
#8937 = DIRECTION('',(0.,1.,0.));
#8938 = PCURVE('',#2890,#8939);
#8939 = DEFINITIONAL_REPRESENTATION('',(#8940),#8944);
#8940 = LINE('',#8941,#8942);
#8941 = CARTESIAN_POINT('',(17.25,-52.18253961525));
#8942 = VECTOR('',#8943,1.);
#8943 = DIRECTION('',(-1.,-0.));
#8944 = ( GEOMETRIC_REPRESENTATION_CONTEXT(2) 
PARAMETRIC_REPRESENTATION_CONTEXT() REPRESENTATION_CONTEXT('2D SPACE',''
  ) );
#8945 = PCURVE('',#4972,#8946);
#8946 = DEFINITIONAL_REPRESENTATION('',(#8947),#8950);
#8947 = B_SPLINE_CURVE_WITH_KNOTS('',1,(#8948,#8949),.UNSPECIFIED.,.F.,
  .F.,(2,2),(-14.75,-11.94957357891),.PIECEWISE_BEZIER_KNOTS.);
#8948 = CARTESIAN_POINT('',(0.500304772149,2.5));
#8949 = CARTESIAN_POINT('',(0.500304772149,5.300426421087));
#8950 = ( GEOMETRIC_REPRESENTATION_CONTEXT(2) 
PARAMETRIC_REPRESENTATION_CONTEXT() REPRESENTATION_CONTEXT('2D SPACE',''
  ) );
#8951 = ORIENTED_EDGE('',*,*,#8952,.F.);
#8952 = EDGE_CURVE('',#8953,#8931,#8955,.T.);
#8953 = VERTEX_POINT('',#8954);
#8954 = CARTESIAN_POINT('',(-23.51703396365,-10.51746038474,7.6));
#8955 = SURFACE_CURVE('',#8956,(#8961,#8968),.PCURVE_S1.);
#8956 = ELLIPSE('',#8957,0.700853102254,0.7);
#8957 = AXIS2_PLACEMENT_3D('',#8958,#8959,#8960);
#8958 = CARTESIAN_POINT('',(-23.51788706575,-11.21788706575,7.6));
#8959 = DIRECTION('',(0.,0.,-1.));
#8960 = DIRECTION('',(-0.707106781187,-0.707106781187,-0.));
#8961 = PCURVE('',#2890,#8962);
#8962 = DEFINITIONAL_REPRESENTATION('',(#8963),#8967);
#8963 = ELLIPSE('',#8964,0.700853102254,0.7);
#8964 = AXIS2_PLACEMENT_2D('',#8965,#8966);
#8965 = CARTESIAN_POINT('',(29.217887065755,-51.48211293424));
#8966 = DIRECTION('',(0.707106781187,0.707106781187));
#8967 = ( GEOMETRIC_REPRESENTATION_CONTEXT(2) 
PARAMETRIC_REPRESENTATION_CONTEXT() REPRESENTATION_CONTEXT('2D SPACE',''
  ) );
#8968 = PCURVE('',#8969,#8974);
#8969 = CYLINDRICAL_SURFACE('',#8970,0.7);
#8970 = AXIS2_PLACEMENT_3D('',#8971,#8972,#8973);
#8971 = CARTESIAN_POINT('',(-23.4987225524,-11.1987225524,7.051200141618
    ));
#8972 = DIRECTION('',(-3.487826274237E-02,-3.487826274237E-02,
    0.998782765959));
#8973 = DIRECTION('',(0.999390827019,0.,3.48994967025E-02));
#8974 = DEFINITIONAL_REPRESENTATION('',(#8975),#8983);
#8975 = B_SPLINE_CURVE_WITH_KNOTS('',6,(#8976,#8977,#8978,#8979,#8980,
    #8981,#8982),.UNSPECIFIED.,.F.,.F.,(7,7),(2.356803477778,
    3.926381829402),.PIECEWISE_BEZIER_KNOTS.);
#8976 = CARTESIAN_POINT('',(1.569578351624,0.525009269846));
#8977 = CARTESIAN_POINT('',(1.307981959686,0.518618562153));
#8978 = CARTESIAN_POINT('',(1.046385567749,0.514236507682));
#8979 = CARTESIAN_POINT('',(0.784789175812,0.512649640136));
#8980 = CARTESIAN_POINT('',(0.523192783875,0.514236507682));
#8981 = CARTESIAN_POINT('',(0.261596391937,0.518618562153));
#8982 = CARTESIAN_POINT('',(-2.6645352591E-15,0.525009269846));
#8983 = ( GEOMETRIC_REPRESENTATION_CONTEXT(2) 
PARAMETRIC_REPRESENTATION_CONTEXT() REPRESENTATION_CONTEXT('2D SPACE',''
  ) );
#8984 = ORIENTED_EDGE('',*,*,#8985,.T.);
#8985 = EDGE_CURVE('',#8953,#8986,#8988,.T.);
#8986 = VERTEX_POINT('',#8987);
#8987 = CARTESIAN_POINT('',(-24.48296603634,-10.51746038474,7.6));
#8988 = SURFACE_CURVE('',#8989,(#8993,#9000),.PCURVE_S1.);
#8989 = LINE('',#8990,#8991);
#8990 = CARTESIAN_POINT('',(-48.9,-10.51746038474,7.6));
#8991 = VECTOR('',#8992,1.);
#8992 = DIRECTION('',(-1.,0.,0.));
#8993 = PCURVE('',#2890,#8994);
#8994 = DEFINITIONAL_REPRESENTATION('',(#8995),#8999);
#8995 = LINE('',#8996,#8997);
#8996 = CARTESIAN_POINT('',(28.517460384746,-26.1));
#8997 = VECTOR('',#8998,1.);
#8998 = DIRECTION('',(0.,1.));
#8999 = ( GEOMETRIC_REPRESENTATION_CONTEXT(2) 
PARAMETRIC_REPRESENTATION_CONTEXT() REPRESENTATION_CONTEXT('2D SPACE',''
  ) );
#9000 = PCURVE('',#9001,#9006);
#9001 = PLANE('',#9002);
#9002 = AXIS2_PLACEMENT_3D('',#9003,#9004,#9005);
#9003 = CARTESIAN_POINT('',(-22.8,-10.5,7.1));
#9004 = DIRECTION('',(-0.,-0.999390827019,-3.48994967025E-02));
#9005 = DIRECTION('',(0.,-3.48994967025E-02,0.999390827019));
#9006 = DEFINITIONAL_REPRESENTATION('',(#9007),#9010);
#9007 = B_SPLINE_CURVE_WITH_KNOTS('',1,(#9008,#9009),.UNSPECIFIED.,.F.,
  .F.,(2,2),(-25.40042642108,-24.39957357891),.PIECEWISE_BEZIER_KNOTS.);
#9008 = CARTESIAN_POINT('',(0.500304772149,0.699573578913));
#9009 = CARTESIAN_POINT('',(0.500304772149,1.700426421087));
#9010 = ( GEOMETRIC_REPRESENTATION_CONTEXT(2) 
PARAMETRIC_REPRESENTATION_CONTEXT() REPRESENTATION_CONTEXT('2D SPACE',''
  ) );
#9011 = ORIENTED_EDGE('',*,*,#9012,.F.);
#9012 = EDGE_CURVE('',#9013,#8986,#9015,.T.);
#9013 = VERTEX_POINT('',#9014);
#9014 = CARTESIAN_POINT('',(-25.18253961525,-11.21703396365,7.6));
#9015 = SURFACE_CURVE('',#9016,(#9021,#9028),.PCURVE_S1.);
#9016 = ELLIPSE('',#9017,0.700853102254,0.7);
#9017 = AXIS2_PLACEMENT_3D('',#9018,#9019,#9020);
#9018 = CARTESIAN_POINT('',(-24.48211293424,-11.21788706575,7.6));
#9019 = DIRECTION('',(0.,0.,-1.));
#9020 = DIRECTION('',(0.707106781187,-0.707106781187,0.));
#9021 = PCURVE('',#2890,#9022);
#9022 = DEFINITIONAL_REPRESENTATION('',(#9023),#9027);
#9023 = ELLIPSE('',#9024,0.700853102254,0.7);
#9024 = AXIS2_PLACEMENT_2D('',#9025,#9026);
#9025 = CARTESIAN_POINT('',(29.217887065755,-50.51788706575));
#9026 = DIRECTION('',(0.707106781187,-0.707106781187));
#9027 = ( GEOMETRIC_REPRESENTATION_CONTEXT(2) 
PARAMETRIC_REPRESENTATION_CONTEXT() REPRESENTATION_CONTEXT('2D SPACE',''
  ) );
#9028 = PCURVE('',#9029,#9034);
#9029 = CYLINDRICAL_SURFACE('',#9030,0.7);
#9030 = AXIS2_PLACEMENT_3D('',#9031,#9032,#9033);
#9031 = CARTESIAN_POINT('',(-24.50127744759,-11.1987225524,
    7.051200141618));
#9032 = DIRECTION('',(3.487826274237E-02,-3.487826274237E-02,
    0.998782765959));
#9033 = DIRECTION('',(0.,0.999390827019,3.48994967025E-02));
#9034 = DEFINITIONAL_REPRESENTATION('',(#9035),#9043);
#9035 = B_SPLINE_CURVE_WITH_KNOTS('',6,(#9036,#9037,#9038,#9039,#9040,
    #9041,#9042),.UNSPECIFIED.,.F.,.F.,(7,7),(2.356803477778,
    3.9263819889),.PIECEWISE_BEZIER_KNOTS.);
#9036 = CARTESIAN_POINT('',(1.569578351624,0.525009269846));
#9037 = CARTESIAN_POINT('',(1.307981933103,0.518618561504));
#9038 = CARTESIAN_POINT('',(1.046385514583,0.514236506791));
#9039 = CARTESIAN_POINT('',(0.784789096062,0.512649639653));
#9040 = CARTESIAN_POINT('',(0.523192677542,0.514236508327));
#9041 = CARTESIAN_POINT('',(0.261596259022,0.51861856438));
#9042 = CARTESIAN_POINT('',(-1.594986391851E-07,0.525009273742));
#9043 = ( GEOMETRIC_REPRESENTATION_CONTEXT(2) 
PARAMETRIC_REPRESENTATION_CONTEXT() REPRESENTATION_CONTEXT('2D SPACE',''
  ) );
#9044 = ORIENTED_EDGE('',*,*,#9045,.T.);
#9045 = EDGE_CURVE('',#9013,#9046,#9048,.T.);
#9046 = VERTEX_POINT('',#9047);
#9047 = CARTESIAN_POINT('',(-25.18253961525,-14.,7.6));
#9048 = SURFACE_CURVE('',#9049,(#9053,#9060),.PCURVE_S1.);
#9049 = LINE('',#9050,#9051);
#9050 = CARTESIAN_POINT('',(-25.18253961525,3.75,7.6));
#9051 = VECTOR('',#9052,1.);
#9052 = DIRECTION('',(0.,-1.,0.));
#9053 = PCURVE('',#2890,#9054);
#9054 = DEFINITIONAL_REPRESENTATION('',(#9055),#9059);
#9055 = LINE('',#9056,#9057);
#9056 = CARTESIAN_POINT('',(14.25,-49.81746038474));
#9057 = VECTOR('',#9058,1.);
#9058 = DIRECTION('',(1.,0.));
#9059 = ( GEOMETRIC_REPRESENTATION_CONTEXT(2) 
PARAMETRIC_REPRESENTATION_CONTEXT() REPRESENTATION_CONTEXT('2D SPACE',''
  ) );
#9060 = PCURVE('',#4913,#9061);
#9061 = DEFINITIONAL_REPRESENTATION('',(#9062),#9065);
#9062 = B_SPLINE_CURVE_WITH_KNOTS('',1,(#9063,#9064),.UNSPECIFIED.,.F.,
  .F.,(2,2),(14.949573578913,17.75),.PIECEWISE_BEZIER_KNOTS.);
#9063 = CARTESIAN_POINT('',(0.500304772149,0.699573578913));
#9064 = CARTESIAN_POINT('',(0.500304772149,3.5));
#9065 = ( GEOMETRIC_REPRESENTATION_CONTEXT(2) 
PARAMETRIC_REPRESENTATION_CONTEXT() REPRESENTATION_CONTEXT('2D SPACE',''
  ) );
#9066 = ORIENTED_EDGE('',*,*,#9067,.F.);
#9067 = EDGE_CURVE('',#9068,#9046,#9070,.T.);
#9068 = VERTEX_POINT('',#9069);
#9069 = CARTESIAN_POINT('',(-46.81746038474,-14.,7.6));
#9070 = SURFACE_CURVE('',#9071,(#9075,#9082),.PCURVE_S1.);
#9071 = LINE('',#9072,#9073);
#9072 = CARTESIAN_POINT('',(-75.,-14.,7.6));
#9073 = VECTOR('',#9074,1.);
#9074 = DIRECTION('',(1.,0.,0.));
#9075 = PCURVE('',#2890,#9076);
#9076 = DEFINITIONAL_REPRESENTATION('',(#9077),#9081);
#9077 = LINE('',#9078,#9079);
#9078 = CARTESIAN_POINT('',(32.,0.));
#9079 = VECTOR('',#9080,1.);
#9080 = DIRECTION('',(0.,-1.));
#9081 = ( GEOMETRIC_REPRESENTATION_CONTEXT(2) 
PARAMETRIC_REPRESENTATION_CONTEXT() REPRESENTATION_CONTEXT('2D SPACE',''
  ) );
#9082 = PCURVE('',#9083,#9088);
#9083 = CYLINDRICAL_SURFACE('',#9084,2.);
#9084 = AXIS2_PLACEMENT_3D('',#9085,#9086,#9087);
#9085 = CARTESIAN_POINT('',(-75.,-14.,9.6));
#9086 = DIRECTION('',(-1.,0.,0.));
#9087 = DIRECTION('',(0.,1.7763568394E-15,-1.));
#9088 = DEFINITIONAL_REPRESENTATION('',(#9089),#9093);
#9089 = LINE('',#9090,#9091);
#9090 = CARTESIAN_POINT('',(0.,0.));
#9091 = VECTOR('',#9092,1.);
#9092 = DIRECTION('',(0.,-1.));
#9093 = ( GEOMETRIC_REPRESENTATION_CONTEXT(2) 
PARAMETRIC_REPRESENTATION_CONTEXT() REPRESENTATION_CONTEXT('2D SPACE',''
  ) );
#9094 = ORIENTED_EDGE('',*,*,#9095,.T.);
#9095 = EDGE_CURVE('',#9068,#9096,#9098,.T.);
#9096 = VERTEX_POINT('',#9097);
#9097 = CARTESIAN_POINT('',(-46.81746038474,-11.21703396365,7.6));
#9098 = SURFACE_CURVE('',#9099,(#9103,#9110),.PCURVE_S1.);
#9099 = LINE('',#9100,#9101);
#9100 = CARTESIAN_POINT('',(-46.81746038474,0.75,7.6));
#9101 = VECTOR('',#9102,1.);
#9102 = DIRECTION('',(0.,1.,0.));
#9103 = PCURVE('',#2890,#9104);
#9104 = DEFINITIONAL_REPRESENTATION('',(#9105),#9109);
#9105 = LINE('',#9106,#9107);
#9106 = CARTESIAN_POINT('',(17.25,-28.18253961525));
#9107 = VECTOR('',#9108,1.);
#9108 = DIRECTION('',(-1.,-0.));
#9109 = ( GEOMETRIC_REPRESENTATION_CONTEXT(2) 
PARAMETRIC_REPRESENTATION_CONTEXT() REPRESENTATION_CONTEXT('2D SPACE',''
  ) );
#9110 = PCURVE('',#4852,#9111);
#9111 = DEFINITIONAL_REPRESENTATION('',(#9112),#9115);
#9112 = B_SPLINE_CURVE_WITH_KNOTS('',1,(#9113,#9114),.UNSPECIFIED.,.F.,
  .F.,(2,2),(-14.75,-11.94957357891),.PIECEWISE_BEZIER_KNOTS.);
#9113 = CARTESIAN_POINT('',(0.500304772149,2.5));
#9114 = CARTESIAN_POINT('',(0.500304772149,5.300426421087));
#9115 = ( GEOMETRIC_REPRESENTATION_CONTEXT(2) 
PARAMETRIC_REPRESENTATION_CONTEXT() REPRESENTATION_CONTEXT('2D SPACE',''
  ) );
#9116 = ORIENTED_EDGE('',*,*,#9117,.F.);
#9117 = EDGE_CURVE('',#9118,#9096,#9120,.T.);
#9118 = VERTEX_POINT('',#9119);
#9119 = CARTESIAN_POINT('',(-47.51703396365,-10.51746038474,7.6));
#9120 = SURFACE_CURVE('',#9121,(#9126,#9133),.PCURVE_S1.);
#9121 = ELLIPSE('',#9122,0.700853102254,0.7);
#9122 = AXIS2_PLACEMENT_3D('',#9123,#9124,#9125);
#9123 = CARTESIAN_POINT('',(-47.51788706575,-11.21788706575,7.6));
#9124 = DIRECTION('',(0.,0.,-1.));
#9125 = DIRECTION('',(-0.707106781187,-0.707106781187,-0.));
#9126 = PCURVE('',#2890,#9127);
#9127 = DEFINITIONAL_REPRESENTATION('',(#9128),#9132);
#9128 = ELLIPSE('',#9129,0.700853102254,0.7);
#9129 = AXIS2_PLACEMENT_2D('',#9130,#9131);
#9130 = CARTESIAN_POINT('',(29.217887065755,-27.48211293424));
#9131 = DIRECTION('',(0.707106781187,0.707106781187));
#9132 = ( GEOMETRIC_REPRESENTATION_CONTEXT(2) 
PARAMETRIC_REPRESENTATION_CONTEXT() REPRESENTATION_CONTEXT('2D SPACE',''
  ) );
#9133 = PCURVE('',#9134,#9139);
#9134 = CYLINDRICAL_SURFACE('',#9135,0.7);
#9135 = AXIS2_PLACEMENT_3D('',#9136,#9137,#9138);
#9136 = CARTESIAN_POINT('',(-47.4987225524,-11.1987225524,7.051200141618
    ));
#9137 = DIRECTION('',(-3.487826274237E-02,-3.487826274237E-02,
    0.998782765959));
#9138 = DIRECTION('',(0.999390827019,0.,3.48994967025E-02));
#9139 = DEFINITIONAL_REPRESENTATION('',(#9140),#9148);
#9140 = B_SPLINE_CURVE_WITH_KNOTS('',6,(#9141,#9142,#9143,#9144,#9145,
    #9146,#9147),.UNSPECIFIED.,.F.,.F.,(7,7),(2.356803477778,
    3.926381829402),.PIECEWISE_BEZIER_KNOTS.);
#9141 = CARTESIAN_POINT('',(1.569578351624,0.525009269846));
#9142 = CARTESIAN_POINT('',(1.307981959686,0.518618562153));
#9143 = CARTESIAN_POINT('',(1.046385567749,0.514236507682));
#9144 = CARTESIAN_POINT('',(0.784789175812,0.512649640136));
#9145 = CARTESIAN_POINT('',(0.523192783875,0.514236507682));
#9146 = CARTESIAN_POINT('',(0.261596391937,0.518618562153));
#9147 = CARTESIAN_POINT('',(2.537652627715E-15,0.525009269846));
#9148 = ( GEOMETRIC_REPRESENTATION_CONTEXT(2) 
PARAMETRIC_REPRESENTATION_CONTEXT() REPRESENTATION_CONTEXT('2D SPACE',''
  ) );
#9149 = ORIENTED_EDGE('',*,*,#9150,.T.);
#9150 = EDGE_CURVE('',#9118,#9151,#9153,.T.);
#9151 = VERTEX_POINT('',#9152);
#9152 = CARTESIAN_POINT('',(-48.48296603634,-10.51746038474,7.6));
#9153 = SURFACE_CURVE('',#9154,(#9158,#9165),.PCURVE_S1.);
#9154 = LINE('',#9155,#9156);
#9155 = CARTESIAN_POINT('',(-60.9,-10.51746038474,7.6));
#9156 = VECTOR('',#9157,1.);
#9157 = DIRECTION('',(-1.,0.,0.));
#9158 = PCURVE('',#2890,#9159);
#9159 = DEFINITIONAL_REPRESENTATION('',(#9160),#9164);
#9160 = LINE('',#9161,#9162);
#9161 = CARTESIAN_POINT('',(28.517460384746,-14.1));
#9162 = VECTOR('',#9163,1.);
#9163 = DIRECTION('',(0.,1.));
#9164 = ( GEOMETRIC_REPRESENTATION_CONTEXT(2) 
PARAMETRIC_REPRESENTATION_CONTEXT() REPRESENTATION_CONTEXT('2D SPACE',''
  ) );
#9165 = PCURVE('',#9166,#9171);
#9166 = PLANE('',#9167);
#9167 = AXIS2_PLACEMENT_3D('',#9168,#9169,#9170);
#9168 = CARTESIAN_POINT('',(-46.8,-10.5,7.1));
#9169 = DIRECTION('',(-0.,-0.999390827019,-3.48994967025E-02));
#9170 = DIRECTION('',(0.,-3.48994967025E-02,0.999390827019));
#9171 = DEFINITIONAL_REPRESENTATION('',(#9172),#9175);
#9172 = B_SPLINE_CURVE_WITH_KNOTS('',1,(#9173,#9174),.UNSPECIFIED.,.F.,
  .F.,(2,2),(-13.40042642108,-12.39957357891),.PIECEWISE_BEZIER_KNOTS.);
#9173 = CARTESIAN_POINT('',(0.500304772149,0.699573578913));
#9174 = CARTESIAN_POINT('',(0.500304772149,1.700426421087));
#9175 = ( GEOMETRIC_REPRESENTATION_CONTEXT(2) 
PARAMETRIC_REPRESENTATION_CONTEXT() REPRESENTATION_CONTEXT('2D SPACE',''
  ) );
#9176 = ORIENTED_EDGE('',*,*,#9177,.F.);
#9177 = EDGE_CURVE('',#9178,#9151,#9180,.T.);
#9178 = VERTEX_POINT('',#9179);
#9179 = CARTESIAN_POINT('',(-49.18253961525,-11.21703396365,7.6));
#9180 = SURFACE_CURVE('',#9181,(#9186,#9193),.PCURVE_S1.);
#9181 = ELLIPSE('',#9182,0.700853102254,0.7);
#9182 = AXIS2_PLACEMENT_3D('',#9183,#9184,#9185);
#9183 = CARTESIAN_POINT('',(-48.48211293424,-11.21788706575,7.6));
#9184 = DIRECTION('',(0.,0.,-1.));
#9185 = DIRECTION('',(0.707106781187,-0.707106781187,0.));
#9186 = PCURVE('',#2890,#9187);
#9187 = DEFINITIONAL_REPRESENTATION('',(#9188),#9192);
#9188 = ELLIPSE('',#9189,0.700853102254,0.7);
#9189 = AXIS2_PLACEMENT_2D('',#9190,#9191);
#9190 = CARTESIAN_POINT('',(29.217887065755,-26.51788706575));
#9191 = DIRECTION('',(0.707106781187,-0.707106781187));
#9192 = ( GEOMETRIC_REPRESENTATION_CONTEXT(2) 
PARAMETRIC_REPRESENTATION_CONTEXT() REPRESENTATION_CONTEXT('2D SPACE',''
  ) );
#9193 = PCURVE('',#9194,#9199);
#9194 = CYLINDRICAL_SURFACE('',#9195,0.7);
#9195 = AXIS2_PLACEMENT_3D('',#9196,#9197,#9198);
#9196 = CARTESIAN_POINT('',(-48.50127652371,-11.19872347628,
    7.051226598066));
#9197 = DIRECTION('',(3.487826274237E-02,-3.487826274237E-02,
    0.998782765959));
#9198 = DIRECTION('',(0.,0.999390827019,3.48994967025E-02));
#9199 = DEFINITIONAL_REPRESENTATION('',(#9200),#9208);
#9200 = B_SPLINE_CURVE_WITH_KNOTS('',6,(#9201,#9202,#9203,#9204,#9205,
    #9206,#9207),.UNSPECIFIED.,.F.,.F.,(7,7),(2.356803477778,
    3.926381829402),.PIECEWISE_BEZIER_KNOTS.);
#9201 = CARTESIAN_POINT('',(1.569578351624,0.524982781155));
#9202 = CARTESIAN_POINT('',(1.307981959686,0.518592073462));
#9203 = CARTESIAN_POINT('',(1.046385567749,0.514210018991));
#9204 = CARTESIAN_POINT('',(0.784789175812,0.512623151445));
#9205 = CARTESIAN_POINT('',(0.523192783875,0.514210018991));
#9206 = CARTESIAN_POINT('',(0.261596391937,0.518592073462));
#9207 = CARTESIAN_POINT('',(-2.04281036531E-14,0.524982781155));
#9208 = ( GEOMETRIC_REPRESENTATION_CONTEXT(2) 
PARAMETRIC_REPRESENTATION_CONTEXT() REPRESENTATION_CONTEXT('2D SPACE',''
  ) );
#9209 = ORIENTED_EDGE('',*,*,#9210,.T.);
#9210 = EDGE_CURVE('',#9178,#8285,#9211,.T.);
#9211 = SURFACE_CURVE('',#9212,(#9216,#9223),.PCURVE_S1.);
#9212 = LINE('',#9213,#9214);
#9213 = CARTESIAN_POINT('',(-49.18253961525,3.75,7.6));
#9214 = VECTOR('',#9215,1.);
#9215 = DIRECTION('',(0.,-1.,0.));
#9216 = PCURVE('',#2890,#9217);
#9217 = DEFINITIONAL_REPRESENTATION('',(#9218),#9222);
#9218 = LINE('',#9219,#9220);
#9219 = CARTESIAN_POINT('',(14.25,-25.81746038474));
#9220 = VECTOR('',#9221,1.);
#9221 = DIRECTION('',(1.,0.));
#9222 = ( GEOMETRIC_REPRESENTATION_CONTEXT(2) 
PARAMETRIC_REPRESENTATION_CONTEXT() REPRESENTATION_CONTEXT('2D SPACE',''
  ) );
#9223 = PCURVE('',#4793,#9224);
#9224 = DEFINITIONAL_REPRESENTATION('',(#9225),#9228);
#9225 = B_SPLINE_CURVE_WITH_KNOTS('',1,(#9226,#9227),.UNSPECIFIED.,.F.,
  .F.,(2,2),(14.949573578913,17.75),.PIECEWISE_BEZIER_KNOTS.);
#9226 = CARTESIAN_POINT('',(0.500304772149,0.699573578913));
#9227 = CARTESIAN_POINT('',(0.500304772149,3.5));
#9228 = ( GEOMETRIC_REPRESENTATION_CONTEXT(2) 
PARAMETRIC_REPRESENTATION_CONTEXT() REPRESENTATION_CONTEXT('2D SPACE',''
  ) );
#9229 = ORIENTED_EDGE('',*,*,#8284,.F.);
#9230 = FACE_BOUND('',#9231,.F.);
#9231 = EDGE_LOOP('',(#9232));
#9232 = ORIENTED_EDGE('',*,*,#9233,.T.);
#9233 = EDGE_CURVE('',#9234,#9234,#9236,.T.);
#9234 = VERTEX_POINT('',#9235);
#9235 = CARTESIAN_POINT('',(70.,0.,7.6));
#9236 = SURFACE_CURVE('',#9237,(#9242,#9253),.PCURVE_S1.);
#9237 = CIRCLE('',#9238,10.);
#9238 = AXIS2_PLACEMENT_3D('',#9239,#9240,#9241);
#9239 = CARTESIAN_POINT('',(60.,0.,7.6));
#9240 = DIRECTION('',(0.,0.,1.));
#9241 = DIRECTION('',(1.,0.,-0.));
#9242 = PCURVE('',#2890,#9243);
#9243 = DEFINITIONAL_REPRESENTATION('',(#9244),#9252);
#9244 = ( BOUNDED_CURVE() B_SPLINE_CURVE(2,(#9245,#9246,#9247,#9248,
#9249,#9250,#9251),.UNSPECIFIED.,.T.,.F.) B_SPLINE_CURVE_WITH_KNOTS((1,2
    ,2,2,2,1),(-2.094395102393,0.,2.094395102393,4.188790204786,
6.28318530718,8.377580409573),.UNSPECIFIED.) CURVE() 
GEOMETRIC_REPRESENTATION_ITEM() RATIONAL_B_SPLINE_CURVE((1.,0.5,1.,0.5,
1.,0.5,1.)) REPRESENTATION_ITEM('') );
#9245 = CARTESIAN_POINT('',(18.,-145.));
#9246 = CARTESIAN_POINT('',(0.679491924311,-145.));
#9247 = CARTESIAN_POINT('',(9.339745962156,-130.));
#9248 = CARTESIAN_POINT('',(18.,-115.));
#9249 = CARTESIAN_POINT('',(26.660254037844,-130.));
#9250 = CARTESIAN_POINT('',(35.320508075689,-145.));
#9251 = CARTESIAN_POINT('',(18.,-145.));
#9252 = ( GEOMETRIC_REPRESENTATION_CONTEXT(2) 
PARAMETRIC_REPRESENTATION_CONTEXT() REPRESENTATION_CONTEXT('2D SPACE',''
  ) );
#9253 = PCURVE('',#9254,#9259);
#9254 = TOROIDAL_SURFACE('',#9255,10.,2.);
#9255 = AXIS2_PLACEMENT_3D('',#9256,#9257,#9258);
#9256 = CARTESIAN_POINT('',(60.,0.,9.6));
#9257 = DIRECTION('',(-0.,-0.,-1.));
#9258 = DIRECTION('',(1.,0.,-0.));
#9259 = DEFINITIONAL_REPRESENTATION('',(#9260),#9264);
#9260 = LINE('',#9261,#9262);
#9261 = CARTESIAN_POINT('',(-0.,1.570796326795));
#9262 = VECTOR('',#9263,1.);
#9263 = DIRECTION('',(-1.,0.));
#9264 = ( GEOMETRIC_REPRESENTATION_CONTEXT(2) 
PARAMETRIC_REPRESENTATION_CONTEXT() REPRESENTATION_CONTEXT('2D SPACE',''
  ) );
#9265 = FACE_BOUND('',#9266,.F.);
#9266 = EDGE_LOOP('',(#9267));
#9267 = ORIENTED_EDGE('',*,*,#9268,.T.);
#9268 = EDGE_CURVE('',#9269,#9269,#9271,.T.);
#9269 = VERTEX_POINT('',#9270);
#9270 = CARTESIAN_POINT('',(46.,0.,7.6));
#9271 = SURFACE_CURVE('',#9272,(#9277,#9288),.PCURVE_S1.);
#9272 = CIRCLE('',#9273,10.);
#9273 = AXIS2_PLACEMENT_3D('',#9274,#9275,#9276);
#9274 = CARTESIAN_POINT('',(36.,0.,7.6));
#9275 = DIRECTION('',(0.,0.,1.));
#9276 = DIRECTION('',(1.,0.,-0.));
#9277 = PCURVE('',#2890,#9278);
#9278 = DEFINITIONAL_REPRESENTATION('',(#9279),#9287);
#9279 = ( BOUNDED_CURVE() B_SPLINE_CURVE(2,(#9280,#9281,#9282,#9283,
#9284,#9285,#9286),.UNSPECIFIED.,.T.,.F.) B_SPLINE_CURVE_WITH_KNOTS((1,2
    ,2,2,2,1),(-2.094395102393,0.,2.094395102393,4.188790204786,
6.28318530718,8.377580409573),.UNSPECIFIED.) CURVE() 
GEOMETRIC_REPRESENTATION_ITEM() RATIONAL_B_SPLINE_CURVE((1.,0.5,1.,0.5,
1.,0.5,1.)) REPRESENTATION_ITEM('') );
#9280 = CARTESIAN_POINT('',(18.,-121.));
#9281 = CARTESIAN_POINT('',(0.679491924311,-121.));
#9282 = CARTESIAN_POINT('',(9.339745962156,-106.));
#9283 = CARTESIAN_POINT('',(18.,-91.));
#9284 = CARTESIAN_POINT('',(26.660254037844,-106.));
#9285 = CARTESIAN_POINT('',(35.320508075689,-121.));
#9286 = CARTESIAN_POINT('',(18.,-121.));
#9287 = ( GEOMETRIC_REPRESENTATION_CONTEXT(2) 
PARAMETRIC_REPRESENTATION_CONTEXT() REPRESENTATION_CONTEXT('2D SPACE',''
  ) );
#9288 = PCURVE('',#9289,#9294);
#9289 = TOROIDAL_SURFACE('',#9290,10.,2.);
#9290 = AXIS2_PLACEMENT_3D('',#9291,#9292,#9293);
#9291 = CARTESIAN_POINT('',(36.,0.,9.6));
#9292 = DIRECTION('',(-0.,-0.,-1.));
#9293 = DIRECTION('',(1.,0.,-0.));
#9294 = DEFINITIONAL_REPRESENTATION('',(#9295),#9299);
#9295 = LINE('',#9296,#9297);
#9296 = CARTESIAN_POINT('',(-0.,1.570796326795));
#9297 = VECTOR('',#9298,1.);
#9298 = DIRECTION('',(-1.,0.));
#9299 = ( GEOMETRIC_REPRESENTATION_CONTEXT(2) 
PARAMETRIC_REPRESENTATION_CONTEXT() REPRESENTATION_CONTEXT('2D SPACE',''
  ) );
#9300 = FACE_BOUND('',#9301,.F.);
#9301 = EDGE_LOOP('',(#9302));
#9302 = ORIENTED_EDGE('',*,*,#9303,.T.);
#9303 = EDGE_CURVE('',#9304,#9304,#9306,.T.);
#9304 = VERTEX_POINT('',#9305);
#9305 = CARTESIAN_POINT('',(22.,0.,7.6));
#9306 = SURFACE_CURVE('',#9307,(#9312,#9323),.PCURVE_S1.);
#9307 = CIRCLE('',#9308,10.);
#9308 = AXIS2_PLACEMENT_3D('',#9309,#9310,#9311);
#9309 = CARTESIAN_POINT('',(12.,0.,7.6));
#9310 = DIRECTION('',(0.,0.,1.));
#9311 = DIRECTION('',(1.,0.,-0.));
#9312 = PCURVE('',#2890,#9313);
#9313 = DEFINITIONAL_REPRESENTATION('',(#9314),#9322);
#9314 = ( BOUNDED_CURVE() B_SPLINE_CURVE(2,(#9315,#9316,#9317,#9318,
#9319,#9320,#9321),.UNSPECIFIED.,.T.,.F.) B_SPLINE_CURVE_WITH_KNOTS((1,2
    ,2,2,2,1),(-2.094395102393,0.,2.094395102393,4.188790204786,
6.28318530718,8.377580409573),.UNSPECIFIED.) CURVE() 
GEOMETRIC_REPRESENTATION_ITEM() RATIONAL_B_SPLINE_CURVE((1.,0.5,1.,0.5,
1.,0.5,1.)) REPRESENTATION_ITEM('') );
#9315 = CARTESIAN_POINT('',(18.,-97.));
#9316 = CARTESIAN_POINT('',(0.679491924311,-97.));
#9317 = CARTESIAN_POINT('',(9.339745962156,-82.));
#9318 = CARTESIAN_POINT('',(18.,-67.));
#9319 = CARTESIAN_POINT('',(26.660254037844,-82.));
#9320 = CARTESIAN_POINT('',(35.320508075689,-97.));
#9321 = CARTESIAN_POINT('',(18.,-97.));
#9322 = ( GEOMETRIC_REPRESENTATION_CONTEXT(2) 
PARAMETRIC_REPRESENTATION_CONTEXT() REPRESENTATION_CONTEXT('2D SPACE',''
  ) );
#9323 = PCURVE('',#9324,#9329);
#9324 = TOROIDAL_SURFACE('',#9325,10.,2.);
#9325 = AXIS2_PLACEMENT_3D('',#9326,#9327,#9328);
#9326 = CARTESIAN_POINT('',(12.,0.,9.6));
#9327 = DIRECTION('',(-0.,-0.,-1.));
#9328 = DIRECTION('',(1.,0.,-0.));
#9329 = DEFINITIONAL_REPRESENTATION('',(#9330),#9334);
#9330 = LINE('',#9331,#9332);
#9331 = CARTESIAN_POINT('',(-0.,1.570796326795));
#9332 = VECTOR('',#9333,1.);
#9333 = DIRECTION('',(-1.,0.));
#9334 = ( GEOMETRIC_REPRESENTATION_CONTEXT(2) 
PARAMETRIC_REPRESENTATION_CONTEXT() REPRESENTATION_CONTEXT('2D SPACE',''
  ) );
#9335 = FACE_BOUND('',#9336,.F.);
#9336 = EDGE_LOOP('',(#9337));
#9337 = ORIENTED_EDGE('',*,*,#9338,.T.);
#9338 = EDGE_CURVE('',#9339,#9339,#9341,.T.);
#9339 = VERTEX_POINT('',#9340);
#9340 = CARTESIAN_POINT('',(-2.,0.,7.6));
#9341 = SURFACE_CURVE('',#9342,(#9347,#9358),.PCURVE_S1.);
#9342 = CIRCLE('',#9343,10.);
#9343 = AXIS2_PLACEMENT_3D('',#9344,#9345,#9346);
#9344 = CARTESIAN_POINT('',(-12.,0.,7.6));
#9345 = DIRECTION('',(0.,0.,1.));
#9346 = DIRECTION('',(1.,0.,-0.));
#9347 = PCURVE('',#2890,#9348);
#9348 = DEFINITIONAL_REPRESENTATION('',(#9349),#9357);
#9349 = ( BOUNDED_CURVE() B_SPLINE_CURVE(2,(#9350,#9351,#9352,#9353,
#9354,#9355,#9356),.UNSPECIFIED.,.T.,.F.) B_SPLINE_CURVE_WITH_KNOTS((1,2
    ,2,2,2,1),(-2.094395102393,0.,2.094395102393,4.188790204786,
6.28318530718,8.377580409573),.UNSPECIFIED.) CURVE() 
GEOMETRIC_REPRESENTATION_ITEM() RATIONAL_B_SPLINE_CURVE((1.,0.5,1.,0.5,
1.,0.5,1.)) REPRESENTATION_ITEM('') );
#9350 = CARTESIAN_POINT('',(18.,-73.));
#9351 = CARTESIAN_POINT('',(0.679491924311,-73.));
#9352 = CARTESIAN_POINT('',(9.339745962156,-58.));
#9353 = CARTESIAN_POINT('',(18.,-43.));
#9354 = CARTESIAN_POINT('',(26.660254037844,-58.));
#9355 = CARTESIAN_POINT('',(35.320508075689,-73.));
#9356 = CARTESIAN_POINT('',(18.,-73.));
#9357 = ( GEOMETRIC_REPRESENTATION_CONTEXT(2) 
PARAMETRIC_REPRESENTATION_CONTEXT() REPRESENTATION_CONTEXT('2D SPACE',''
  ) );
#9358 = PCURVE('',#9359,#9364);
#9359 = TOROIDAL_SURFACE('',#9360,10.,2.);
#9360 = AXIS2_PLACEMENT_3D('',#9361,#9362,#9363);
#9361 = CARTESIAN_POINT('',(-12.,0.,9.6));
#9362 = DIRECTION('',(-0.,-0.,-1.));
#9363 = DIRECTION('',(1.,0.,-0.));
#9364 = DEFINITIONAL_REPRESENTATION('',(#9365),#9369);
#9365 = LINE('',#9366,#9367);
#9366 = CARTESIAN_POINT('',(-0.,1.570796326795));
#9367 = VECTOR('',#9368,1.);
#9368 = DIRECTION('',(-1.,0.));
#9369 = ( GEOMETRIC_REPRESENTATION_CONTEXT(2) 
PARAMETRIC_REPRESENTATION_CONTEXT() REPRESENTATION_CONTEXT('2D SPACE',''
  ) );
#9370 = FACE_BOUND('',#9371,.F.);
#9371 = EDGE_LOOP('',(#9372));
#9372 = ORIENTED_EDGE('',*,*,#9373,.T.);
#9373 = EDGE_CURVE('',#9374,#9374,#9376,.T.);
#9374 = VERTEX_POINT('',#9375);
#9375 = CARTESIAN_POINT('',(-26.,0.,7.6));
#9376 = SURFACE_CURVE('',#9377,(#9382,#9393),.PCURVE_S1.);
#9377 = CIRCLE('',#9378,10.);
#9378 = AXIS2_PLACEMENT_3D('',#9379,#9380,#9381);
#9379 = CARTESIAN_POINT('',(-36.,0.,7.6));
#9380 = DIRECTION('',(0.,0.,1.));
#9381 = DIRECTION('',(1.,0.,-0.));
#9382 = PCURVE('',#2890,#9383);
#9383 = DEFINITIONAL_REPRESENTATION('',(#9384),#9392);
#9384 = ( BOUNDED_CURVE() B_SPLINE_CURVE(2,(#9385,#9386,#9387,#9388,
#9389,#9390,#9391),.UNSPECIFIED.,.T.,.F.) B_SPLINE_CURVE_WITH_KNOTS((1,2
    ,2,2,2,1),(-2.094395102393,0.,2.094395102393,4.188790204786,
6.28318530718,8.377580409573),.UNSPECIFIED.) CURVE() 
GEOMETRIC_REPRESENTATION_ITEM() RATIONAL_B_SPLINE_CURVE((1.,0.5,1.,0.5,
1.,0.5,1.)) REPRESENTATION_ITEM('') );
#9385 = CARTESIAN_POINT('',(18.,-49.));
#9386 = CARTESIAN_POINT('',(0.679491924311,-49.));
#9387 = CARTESIAN_POINT('',(9.339745962156,-34.));
#9388 = CARTESIAN_POINT('',(18.,-19.));
#9389 = CARTESIAN_POINT('',(26.660254037844,-34.));
#9390 = CARTESIAN_POINT('',(35.320508075689,-49.));
#9391 = CARTESIAN_POINT('',(18.,-49.));
#9392 = ( GEOMETRIC_REPRESENTATION_CONTEXT(2) 
PARAMETRIC_REPRESENTATION_CONTEXT() REPRESENTATION_CONTEXT('2D SPACE',''
  ) );
#9393 = PCURVE('',#9394,#9399);
#9394 = TOROIDAL_SURFACE('',#9395,10.,2.);
#9395 = AXIS2_PLACEMENT_3D('',#9396,#9397,#9398);
#9396 = CARTESIAN_POINT('',(-36.,0.,9.6));
#9397 = DIRECTION('',(-0.,-0.,-1.));
#9398 = DIRECTION('',(1.,0.,-0.));
#9399 = DEFINITIONAL_REPRESENTATION('',(#9400),#9404);
#9400 = LINE('',#9401,#9402);
#9401 = CARTESIAN_POINT('',(-0.,1.570796326795));
#9402 = VECTOR('',#9403,1.);
#9403 = DIRECTION('',(-1.,0.));
#9404 = ( GEOMETRIC_REPRESENTATION_CONTEXT(2) 
PARAMETRIC_REPRESENTATION_CONTEXT() REPRESENTATION_CONTEXT('2D SPACE',''
  ) );
#9405 = FACE_BOUND('',#9406,.F.);
#9406 = EDGE_LOOP('',(#9407));
#9407 = ORIENTED_EDGE('',*,*,#9408,.T.);
#9408 = EDGE_CURVE('',#9409,#9409,#9411,.T.);
#9409 = VERTEX_POINT('',#9410);
#9410 = CARTESIAN_POINT('',(-50.,0.,7.6));
#9411 = SURFACE_CURVE('',#9412,(#9417,#9428),.PCURVE_S1.);
#9412 = CIRCLE('',#9413,10.);
#9413 = AXIS2_PLACEMENT_3D('',#9414,#9415,#9416);
#9414 = CARTESIAN_POINT('',(-60.,0.,7.6));
#9415 = DIRECTION('',(0.,0.,1.));
#9416 = DIRECTION('',(1.,0.,-0.));
#9417 = PCURVE('',#2890,#9418);
#9418 = DEFINITIONAL_REPRESENTATION('',(#9419),#9427);
#9419 = ( BOUNDED_CURVE() B_SPLINE_CURVE(2,(#9420,#9421,#9422,#9423,
#9424,#9425,#9426),.UNSPECIFIED.,.T.,.F.) B_SPLINE_CURVE_WITH_KNOTS((1,2
    ,2,2,2,1),(-2.094395102393,0.,2.094395102393,4.188790204786,
6.28318530718,8.377580409573),.UNSPECIFIED.) CURVE() 
GEOMETRIC_REPRESENTATION_ITEM() RATIONAL_B_SPLINE_CURVE((1.,0.5,1.,0.5,
1.,0.5,1.)) REPRESENTATION_ITEM('') );
#9420 = CARTESIAN_POINT('',(18.,-25.));
#9421 = CARTESIAN_POINT('',(0.679491924311,-25.));
#9422 = CARTESIAN_POINT('',(9.339745962156,-10.));
#9423 = CARTESIAN_POINT('',(18.,5.));
#9424 = CARTESIAN_POINT('',(26.660254037844,-10.));
#9425 = CARTESIAN_POINT('',(35.320508075689,-25.));
#9426 = CARTESIAN_POINT('',(18.,-25.));
#9427 = ( GEOMETRIC_REPRESENTATION_CONTEXT(2) 
PARAMETRIC_REPRESENTATION_CONTEXT() REPRESENTATION_CONTEXT('2D SPACE',''
  ) );
#9428 = PCURVE('',#9429,#9434);
#9429 = TOROIDAL_SURFACE('',#9430,10.,2.);
#9430 = AXIS2_PLACEMENT_3D('',#9431,#9432,#9433);
#9431 = CARTESIAN_POINT('',(-60.,0.,9.6));
#9432 = DIRECTION('',(-0.,-0.,-1.));
#9433 = DIRECTION('',(1.,0.,-0.));
#9434 = DEFINITIONAL_REPRESENTATION('',(#9435),#9439);
#9435 = LINE('',#9436,#9437);
#9436 = CARTESIAN_POINT('',(-0.,1.570796326795));
#9437 = VECTOR('',#9438,1.);
#9438 = DIRECTION('',(-1.,0.));
#9439 = ( GEOMETRIC_REPRESENTATION_CONTEXT(2) 
PARAMETRIC_REPRESENTATION_CONTEXT() REPRESENTATION_CONTEXT('2D SPACE',''
  ) );
#9440 = ADVANCED_FACE('',(#9441),#2976,.F.);
#9441 = FACE_BOUND('',#9442,.F.);
#9442 = EDGE_LOOP('',(#9443,#9444,#9465,#9486));
#9443 = ORIENTED_EDGE('',*,*,#5344,.F.);
#9444 = ORIENTED_EDGE('',*,*,#9445,.T.);
#9445 = EDGE_CURVE('',#5312,#9446,#9448,.T.);
#9446 = VERTEX_POINT('',#9447);
#9447 = CARTESIAN_POINT('',(49.112698076271,-16.,9.6));
#9448 = SURFACE_CURVE('',#9449,(#9453,#9459),.PCURVE_S1.);
#9449 = LINE('',#9450,#9451);
#9450 = CARTESIAN_POINT('',(49.080765964477,-16.,10.514416041167));
#9451 = VECTOR('',#9452,1.);
#9452 = DIRECTION('',(3.48994967025E-02,0.,-0.999390827019));
#9453 = PCURVE('',#2976,#9454);
#9454 = DEFINITIONAL_REPRESENTATION('',(#9455),#9458);
#9455 = B_SPLINE_CURVE_WITH_KNOTS('',1,(#9456,#9457),.UNSPECIFIED.,.F.,
  .F.,(2,2),(-4.588379075391,0.914973418252),.PIECEWISE_BEZIER_KNOTS.);
#9456 = CARTESIAN_POINT('',(5.5,-123.920633844));
#9457 = CARTESIAN_POINT('',(-3.330669073875E-16,-124.1126980762));
#9458 = ( GEOMETRIC_REPRESENTATION_CONTEXT(2) 
PARAMETRIC_REPRESENTATION_CONTEXT() REPRESENTATION_CONTEXT('2D SPACE',''
  ) );
#9459 = PCURVE('',#5332,#9460);
#9460 = DEFINITIONAL_REPRESENTATION('',(#9461),#9464);
#9461 = B_SPLINE_CURVE_WITH_KNOTS('',1,(#9462,#9463),.UNSPECIFIED.,.F.,
  .F.,(2,2),(-4.588379075391,0.914973418252),.PIECEWISE_BEZIER_KNOTS.);
#9462 = CARTESIAN_POINT('',(8.004876354391,0.5));
#9463 = CARTESIAN_POINT('',(2.501523860747,0.5));
#9464 = ( GEOMETRIC_REPRESENTATION_CONTEXT(2) 
PARAMETRIC_REPRESENTATION_CONTEXT() REPRESENTATION_CONTEXT('2D SPACE',''
  ) );
#9465 = ORIENTED_EDGE('',*,*,#9466,.T.);
#9466 = EDGE_CURVE('',#9446,#2939,#9467,.T.);
#9467 = SURFACE_CURVE('',#9468,(#9472,#9479),.PCURVE_S1.);
#9468 = LINE('',#9469,#9470);
#9469 = CARTESIAN_POINT('',(-75.,-16.,9.6));
#9470 = VECTOR('',#9471,1.);
#9471 = DIRECTION('',(1.,0.,0.));
#9472 = PCURVE('',#2976,#9473);
#9473 = DEFINITIONAL_REPRESENTATION('',(#9474),#9478);
#9474 = LINE('',#9475,#9476);
#9475 = CARTESIAN_POINT('',(0.,0.));
#9476 = VECTOR('',#9477,1.);
#9477 = DIRECTION('',(0.,-1.));
#9478 = ( GEOMETRIC_REPRESENTATION_CONTEXT(2) 
PARAMETRIC_REPRESENTATION_CONTEXT() REPRESENTATION_CONTEXT('2D SPACE',''
  ) );
#9479 = PCURVE('',#3277,#9480);
#9480 = DEFINITIONAL_REPRESENTATION('',(#9481),#9485);
#9481 = LINE('',#9482,#9483);
#9482 = CARTESIAN_POINT('',(1.570796326795,0.));
#9483 = VECTOR('',#9484,1.);
#9484 = DIRECTION('',(0.,-1.));
#9485 = ( GEOMETRIC_REPRESENTATION_CONTEXT(2) 
PARAMETRIC_REPRESENTATION_CONTEXT() REPRESENTATION_CONTEXT('2D SPACE',''
  ) );
#9486 = ORIENTED_EDGE('',*,*,#2961,.T.);
#9487 = ADVANCED_FACE('',(#9488),#3277,.F.);
#9488 = FACE_BOUND('',#9489,.F.);
#9489 = EDGE_LOOP('',(#9490,#9516,#9517,#9518));
#9490 = ORIENTED_EDGE('',*,*,#9491,.F.);
#9491 = EDGE_CURVE('',#8413,#9446,#9492,.T.);
#9492 = SURFACE_CURVE('',#9493,(#9498,#9509),.PCURVE_S1.);
#9493 = ELLIPSE('',#9494,2.001219088598,2.);
#9494 = AXIS2_PLACEMENT_3D('',#9495,#9496,#9497);
#9495 = CARTESIAN_POINT('',(49.112698076271,-14.,9.6));
#9496 = DIRECTION('',(-0.999390827019,0.,-3.48994967025E-02));
#9497 = DIRECTION('',(-3.48994967025E-02,0.,0.999390827019));
#9498 = PCURVE('',#3277,#9499);
#9499 = DEFINITIONAL_REPRESENTATION('',(#9500),#9508);
#9500 = B_SPLINE_CURVE_WITH_KNOTS('',6,(#9501,#9502,#9503,#9504,#9505,
    #9506,#9507),.UNSPECIFIED.,.F.,.F.,(7,7),(3.14159265359,
    4.712388980385),.PIECEWISE_BEZIER_KNOTS.);
#9501 = CARTESIAN_POINT('',(0.,-124.1825396152));
#9502 = CARTESIAN_POINT('',(0.261799387799,-124.1825396152));
#9503 = CARTESIAN_POINT('',(0.523598775598,-124.1767965886));
#9504 = CARTESIAN_POINT('',(0.785398163397,-124.1653019983));
#9505 = CARTESIAN_POINT('',(1.047197551197,-124.1492656239));
#9506 = CARTESIAN_POINT('',(1.308996938996,-124.1309825484));
#9507 = CARTESIAN_POINT('',(1.570796326795,-124.1126980762));
#9508 = ( GEOMETRIC_REPRESENTATION_CONTEXT(2) 
PARAMETRIC_REPRESENTATION_CONTEXT() REPRESENTATION_CONTEXT('2D SPACE',''
  ) );
#9509 = PCURVE('',#5332,#9510);
#9510 = DEFINITIONAL_REPRESENTATION('',(#9511),#9515);
#9511 = ELLIPSE('',#9512,2.001219088598,2.);
#9512 = AXIS2_PLACEMENT_2D('',#9513,#9514);
#9513 = CARTESIAN_POINT('',(2.501523860747,2.5));
#9514 = DIRECTION('',(1.,0.));
#9515 = ( GEOMETRIC_REPRESENTATION_CONTEXT(2) 
PARAMETRIC_REPRESENTATION_CONTEXT() REPRESENTATION_CONTEXT('2D SPACE',''
  ) );
#9516 = ORIENTED_EDGE('',*,*,#8412,.T.);
#9517 = ORIENTED_EDGE('',*,*,#3258,.T.);
#9518 = ORIENTED_EDGE('',*,*,#9466,.F.);
#9519 = ADVANCED_FACE('',(#9520),#3223,.T.);
#9520 = FACE_BOUND('',#9521,.F.);
#9521 = EDGE_LOOP('',(#9522,#9794,#9795,#9796,#9797,#9798));
#9522 = ORIENTED_EDGE('',*,*,#9523,.F.);
#9523 = EDGE_CURVE('',#3559,#9524,#9526,.T.);
#9524 = VERTEX_POINT('',#9525);
#9525 = CARTESIAN_POINT('',(-74.,17.732050812174,5.839313663857));
#9526 = SURFACE_CURVE('',#9527,(#9614,#9704),.PCURVE_S1.);
#9527 = B_SPLINE_CURVE_WITH_KNOTS('',8,(#9528,#9529,#9530,#9531,#9532,
    #9533,#9534,#9535,#9536,#9537,#9538,#9539,#9540,#9541,#9542,#9543,
    #9544,#9545,#9546,#9547,#9548,#9549,#9550,#9551,#9552,#9553,#9554,
    #9555,#9556,#9557,#9558,#9559,#9560,#9561,#9562,#9563,#9564,#9565,
    #9566,#9567,#9568,#9569,#9570,#9571,#9572,#9573,#9574,#9575,#9576,
    #9577,#9578,#9579,#9580,#9581,#9582,#9583,#9584,#9585,#9586,#9587,
    #9588,#9589,#9590,#9591,#9592,#9593,#9594,#9595,#9596,#9597,#9598,
    #9599,#9600,#9601,#9602,#9603,#9604,#9605,#9606,#9607,#9608,#9609,
    #9610,#9611,#9612,#9613),.UNSPECIFIED.,.F.,.F.,(9,7,7,7,7,7,7,7,7,7,
    7,7,9),(0.,6.468296336217E-04,1.341572268049E-03,2.036314262665E-03,
    2.683142149921E-03,3.377881970962E-03,4.072620180845E-03,
    4.767356448121E-03,5.462090441512E-03,6.108909410563E-03,
    0.635812224551,0.781795451477,1.),.UNSPECIFIED.);
#9528 = CARTESIAN_POINT('',(-73.,18.,4.6));
#9529 = CARTESIAN_POINT('',(-73.00020708739,18.,4.600253629224));
#9530 = CARTESIAN_POINT('',(-73.00041417478,17.999999975494,
    4.600507258445));
#9531 = CARTESIAN_POINT('',(-73.00062126217,17.999999926483,
    4.600760887665));
#9532 = CARTESIAN_POINT('',(-73.00082834956,17.999999852965,
    4.601014516883));
#9533 = CARTESIAN_POINT('',(-73.00103543694,17.999999754942,
    4.601268146101));
#9534 = CARTESIAN_POINT('',(-73.00124252432,17.999999632413,
    4.601521775316));
#9535 = CARTESIAN_POINT('',(-73.00144961169,17.999999485378,
    4.601775404529));
#9536 = CARTESIAN_POINT('',(-73.00187912613,17.99999912959,
    4.602301450175));
#9537 = CARTESIAN_POINT('',(-73.00210155319,17.999998917071,
    4.602573866608));
#9538 = CARTESIAN_POINT('',(-73.00232398024,17.999998676282,
    4.602846283037));
#9539 = CARTESIAN_POINT('',(-73.00254640728,17.999998407223,
    4.603118699459));
#9540 = CARTESIAN_POINT('',(-73.0027688343,17.999998109892,
    4.603391115876));
#9541 = CARTESIAN_POINT('',(-73.00299126131,17.999997784291,
    4.603663532284));
#9542 = CARTESIAN_POINT('',(-73.0032136883,17.999997430419,
    4.603935948685));
#9543 = CARTESIAN_POINT('',(-73.00365854204,17.999996666133,
    4.604480781219));
#9544 = CARTESIAN_POINT('',(-73.00388096878,17.99999625572,
    4.604753197351));
#9545 = CARTESIAN_POINT('',(-73.00410339551,17.999995817036,
    4.605025613474));
#9546 = CARTESIAN_POINT('',(-73.00432582221,17.999995350081,
    4.605298029587));
#9547 = CARTESIAN_POINT('',(-73.00454824889,17.999994854855,
    4.605570445689));
#9548 = CARTESIAN_POINT('',(-73.00477067554,17.999994331359,
    4.605842861778));
#9549 = CARTESIAN_POINT('',(-73.00499310217,17.999993779591,
    4.606115277856));
#9550 = CARTESIAN_POINT('',(-73.00542261532,17.999992659519,
    4.606641322329));
#9551 = CARTESIAN_POINT('',(-73.00562970184,17.999992094978,
    4.606894950727));
#9552 = CARTESIAN_POINT('',(-73.00583678835,17.999991505932,
    4.607148579113));
#9553 = CARTESIAN_POINT('',(-73.00604387482,17.999990892379,
    4.607402207486));
#9554 = CARTESIAN_POINT('',(-73.00625096126,17.999990254321,
    4.607655835846));
#9555 = CARTESIAN_POINT('',(-73.00645804767,17.999989591757,
    4.607909464192));
#9556 = CARTESIAN_POINT('',(-73.00666513405,17.999988904688,
    4.608163092523));
#9557 = CARTESIAN_POINT('',(-73.00709464608,17.999987428828,
    4.60868913595));
#9558 = CARTESIAN_POINT('',(-73.00731707172,17.999986636274,
    4.608961551043));
#9559 = CARTESIAN_POINT('',(-73.00753949732,17.999985815449,
    4.609233966119));
#9560 = CARTESIAN_POINT('',(-73.00776192288,17.999984966353,
    4.609506381175));
#9561 = CARTESIAN_POINT('',(-73.00798434839,17.999984088986,
    4.609778796212));
#9562 = CARTESIAN_POINT('',(-73.00820677386,17.999983183348,
    4.610051211227));
#9563 = CARTESIAN_POINT('',(-73.00842919928,17.99998224944,
    4.610323626222));
#9564 = CARTESIAN_POINT('',(-73.00887404951,17.999980325083,
    4.610868455535));
#9565 = CARTESIAN_POINT('',(-73.00909647432,17.999979334635,
    4.611140869854));
#9566 = CARTESIAN_POINT('',(-73.00931889908,17.999978315916,
    4.61141328415));
#9567 = CARTESIAN_POINT('',(-73.00954132379,17.999977268927,
    4.611685698422));
#9568 = CARTESIAN_POINT('',(-73.00976374844,17.999976193666,
    4.61195811267));
#9569 = CARTESIAN_POINT('',(-73.00998617304,17.999975090135,
    4.612230526893));
#9570 = CARTESIAN_POINT('',(-73.01020859758,17.999973958333,
    4.61250294109));
#9571 = CARTESIAN_POINT('',(-73.01065344592,17.99997163819,
    4.613047768668));
#9572 = CARTESIAN_POINT('',(-73.01087586972,17.999970449849,
    4.61332018205));
#9573 = CARTESIAN_POINT('',(-73.01109829347,17.999969233238,
    4.613592595405));
#9574 = CARTESIAN_POINT('',(-73.01132071715,17.999967988355,
    4.613865008731));
#9575 = CARTESIAN_POINT('',(-73.01154314076,17.999966715202,
    4.614137422029));
#9576 = CARTESIAN_POINT('',(-73.01176556431,17.999965413778,
    4.614409835297));
#9577 = CARTESIAN_POINT('',(-73.0119879878,17.999964084083,
    4.614682248534));
#9578 = CARTESIAN_POINT('',(-73.0124328339,17.999961368156,
    4.615227074055));
#9579 = CARTESIAN_POINT('',(-73.01265525652,17.999959981923,
    4.615499486339));
#9580 = CARTESIAN_POINT('',(-73.01287767907,17.99995856742,4.61577189859
    ));
#9581 = CARTESIAN_POINT('',(-73.01310010154,17.999957124646,
    4.616044310809));
#9582 = CARTESIAN_POINT('',(-73.01332252394,17.999955653601,
    4.616316722995));
#9583 = CARTESIAN_POINT('',(-73.01354494627,17.999954154285,
    4.616589135146));
#9584 = CARTESIAN_POINT('',(-73.01376736852,17.999952626698,
    4.616861547262));
#9585 = CARTESIAN_POINT('',(-73.01419687266,17.999949622288,
    4.617387583468));
#9586 = CARTESIAN_POINT('',(-73.01440395456,17.99994814923,
    4.617641207562));
#9587 = CARTESIAN_POINT('',(-73.01461103638,17.999946651667,
    4.617894831624));
#9588 = CARTESIAN_POINT('',(-73.01481811814,17.999945129597,
    4.618148455654));
#9589 = CARTESIAN_POINT('',(-73.01502519982,17.999943583021,
    4.618402079652));
#9590 = CARTESIAN_POINT('',(-73.01523228143,17.999942011939,
    4.618655703616));
#9591 = CARTESIAN_POINT('',(-73.01543936297,17.999940416352,
    4.618909327546));
#9592 = CARTESIAN_POINT('',(-73.21724826436,17.998361572155,
    4.866075635516));
#9593 = CARTESIAN_POINT('',(-73.41703426122,17.973571693322,
    5.110820420041));
#9594 = CARTESIAN_POINT('',(-73.6150687644,17.926227356331,
    5.354427275426));
#9595 = CARTESIAN_POINT('',(-73.81119985528,17.855434573387,
    5.597615260916));
#9596 = CARTESIAN_POINT('',(-74.00438299678,17.759158525154,
    5.84021428229));
#9597 = CARTESIAN_POINT('',(-74.19216598012,17.634528911819,
    6.080833269802));
#9598 = CARTESIAN_POINT('',(-74.37020214148,17.478163948348,
    6.316398182325));
#9599 = CARTESIAN_POINT('',(-74.5682361834,17.24257399867,6.593879331992
    ));
#9600 = CARTESIAN_POINT('',(-74.60465020958,17.196275159015,
    6.64564858499));
#9601 = CARTESIAN_POINT('',(-74.64013277618,17.147933531783,
    6.696930967942));
#9602 = CARTESIAN_POINT('',(-74.67458851041,17.097467961139,
    6.747674127354));
#9603 = CARTESIAN_POINT('',(-74.70790147498,17.04479883293,
    6.797808517966));
#9604 = CARTESIAN_POINT('',(-74.73993424703,16.989849093481,
    6.84724804314));
#9605 = CARTESIAN_POINT('',(-74.77052699712,16.932545268394,
    6.895890695239));
#9606 = CARTESIAN_POINT('',(-74.84279806438,16.783543453819,
    7.014960104026));
#9607 = CARTESIAN_POINT('',(-74.88273923093,16.688305312284,
    7.084698087659));
#9608 = CARTESIAN_POINT('',(-74.91843526319,16.587155940102,
    7.152076864437));
#9609 = CARTESIAN_POINT('',(-74.94897358466,16.480217890232,
    7.216356144532));
#9610 = CARTESIAN_POINT('',(-74.97341122026,16.367690313113,
    7.276811584955));
#9611 = CARTESIAN_POINT('',(-74.99076577241,16.249860764177,
    7.332741795378));
#9612 = CARTESIAN_POINT('',(-75.,16.127122890986,7.383482395616));
#9613 = CARTESIAN_POINT('',(-75.,16.,7.428427124746));
#9614 = PCURVE('',#3223,#9615);
#9615 = DEFINITIONAL_REPRESENTATION('',(#9616),#9703);
#9616 = B_SPLINE_CURVE_WITH_KNOTS('',8,(#9617,#9618,#9619,#9620,#9621,
    #9622,#9623,#9624,#9625,#9626,#9627,#9628,#9629,#9630,#9631,#9632,
    #9633,#9634,#9635,#9636,#9637,#9638,#9639,#9640,#9641,#9642,#9643,
    #9644,#9645,#9646,#9647,#9648,#9649,#9650,#9651,#9652,#9653,#9654,
    #9655,#9656,#9657,#9658,#9659,#9660,#9661,#9662,#9663,#9664,#9665,
    #9666,#9667,#9668,#9669,#9670,#9671,#9672,#9673,#9674,#9675,#9676,
    #9677,#9678,#9679,#9680,#9681,#9682,#9683,#9684,#9685,#9686,#9687,
    #9688,#9689,#9690,#9691,#9692,#9693,#9694,#9695,#9696,#9697,#9698,
    #9699,#9700,#9701,#9702),.UNSPECIFIED.,.F.,.F.,(9,7,7,7,7,7,7,7,7,7,
    7,7,9),(0.,6.468296336217E-04,1.341572268049E-03,2.036314262665E-03,
    2.683142149921E-03,3.377881970962E-03,4.072620180845E-03,
    4.767356448121E-03,5.462090441512E-03,6.108909410563E-03,
    0.635812224551,0.781795451477,1.),.UNSPECIFIED.);
#9617 = CARTESIAN_POINT('',(0.,-3.));
#9618 = CARTESIAN_POINT('',(-8.454307452991E-05,-2.99979291261));
#9619 = CARTESIAN_POINT('',(-1.690861482874E-04,-2.999585825218));
#9620 = CARTESIAN_POINT('',(-2.53629222458E-04,-2.999378737826));
#9621 = CARTESIAN_POINT('',(-3.381722980801E-04,-2.999171650437));
#9622 = CARTESIAN_POINT('',(-4.227153760443E-04,-2.998964563052));
#9623 = CARTESIAN_POINT('',(-5.072584570943E-04,-2.998757475674));
#9624 = CARTESIAN_POINT('',(-5.918015418261E-04,-2.998550388302));
#9625 = CARTESIAN_POINT('',(-7.671501306621E-04,-2.998120873868));
#9626 = CARTESIAN_POINT('',(-8.579556356016E-04,-2.997898446806));
#9627 = CARTESIAN_POINT('',(-9.487611463933E-04,-2.997676019756));
#9628 = CARTESIAN_POINT('',(-1.039566663925E-03,-2.997453592718));
#9629 = CARTESIAN_POINT('',(-1.130372189085E-03,-2.997231165694));
#9630 = CARTESIAN_POINT('',(-1.221177722763E-03,-2.997008738686));
#9631 = CARTESIAN_POINT('',(-1.311983265851E-03,-2.996786311696));
#9632 = CARTESIAN_POINT('',(-1.493594289007E-03,-2.99634145796));
#9633 = CARTESIAN_POINT('',(-1.584399769071E-03,-2.996119031213));
#9634 = CARTESIAN_POINT('',(-1.675205260323E-03,-2.995896604488));
#9635 = CARTESIAN_POINT('',(-1.766010763649E-03,-2.995674177785));
#9636 = CARTESIAN_POINT('',(-1.856816279939E-03,-2.995451751106));
#9637 = CARTESIAN_POINT('',(-1.947621810079E-03,-2.995229324453));
#9638 = CARTESIAN_POINT('',(-2.038427354955E-03,-2.995006897828));
#9639 = CARTESIAN_POINT('',(-2.213775910271E-03,-2.994577384679));
#9640 = CARTESIAN_POINT('',(-2.298318918626E-03,-2.994370298152));
#9641 = CARTESIAN_POINT('',(-2.382861941244E-03,-2.99416321165));
#9642 = CARTESIAN_POINT('',(-2.467404978849E-03,-2.993956125177));
#9643 = CARTESIAN_POINT('',(-2.551948032161E-03,-2.993749038734));
#9644 = CARTESIAN_POINT('',(-2.636491101894E-03,-2.993541952321));
#9645 = CARTESIAN_POINT('',(-2.72103418876E-03,-2.993334865941));
#9646 = CARTESIAN_POINT('',(-2.896382687899E-03,-2.992905353915));
#9647 = CARTESIAN_POINT('',(-2.987188102921E-03,-2.992682928275));
#9648 = CARTESIAN_POINT('',(-3.077993539421E-03,-2.992460502675));
#9649 = CARTESIAN_POINT('',(-3.168798998292E-03,-2.992238077117));
#9650 = CARTESIAN_POINT('',(-3.259604480422E-03,-2.992015651603));
#9651 = CARTESIAN_POINT('',(-3.350409986701E-03,-2.991793226134));
#9652 = CARTESIAN_POINT('',(-3.441215518016E-03,-2.991570800712));
#9653 = CARTESIAN_POINT('',(-3.622826421909E-03,-2.991125950481));
#9654 = CARTESIAN_POINT('',(-3.713631794487E-03,-2.990903525673));
#9655 = CARTESIAN_POINT('',(-3.804437193878E-03,-2.990681100914));
#9656 = CARTESIAN_POINT('',(-3.895242620972E-03,-2.990458676207));
#9657 = CARTESIAN_POINT('',(-3.986048076657E-03,-2.990236251554));
#9658 = CARTESIAN_POINT('',(-4.076853561822E-03,-2.990013826956));
#9659 = CARTESIAN_POINT('',(-4.167659077351E-03,-2.989791402415));
#9660 = CARTESIAN_POINT('',(-4.349269917009E-03,-2.989346554073));
#9661 = CARTESIAN_POINT('',(-4.440075241139E-03,-2.989124130271));
#9662 = CARTESIAN_POINT('',(-4.530880597412E-03,-2.988901706529));
#9663 = CARTESIAN_POINT('',(-4.621685986717E-03,-2.98867928285));
#9664 = CARTESIAN_POINT('',(-4.712491409943E-03,-2.988456859234));
#9665 = CARTESIAN_POINT('',(-4.80329686798E-03,-2.988234435683));
#9666 = CARTESIAN_POINT('',(-4.894102361716E-03,-2.988012012199));
#9667 = CARTESIAN_POINT('',(-5.075713125155E-03,-2.987567166097));
#9668 = CARTESIAN_POINT('',(-5.166518394857E-03,-2.987344743478));
#9669 = CARTESIAN_POINT('',(-5.257323702035E-03,-2.98712232093));
#9670 = CARTESIAN_POINT('',(-5.348129047577E-03,-2.986899898453));
#9671 = CARTESIAN_POINT('',(-5.438934432371E-03,-2.986677476051));
#9672 = CARTESIAN_POINT('',(-5.529739857307E-03,-2.986455053723));
#9673 = CARTESIAN_POINT('',(-5.620545323272E-03,-2.986232631472));
#9674 = CARTESIAN_POINT('',(-5.795893585005E-03,-2.985803127336));
#9675 = CARTESIAN_POINT('',(-5.88043637519E-03,-2.98559604544));
#9676 = CARTESIAN_POINT('',(-5.964979202429E-03,-2.985388963613));
#9677 = CARTESIAN_POINT('',(-6.049522067437E-03,-2.985181881857));
#9678 = CARTESIAN_POINT('',(-6.134064970932E-03,-2.984974800174));
#9679 = CARTESIAN_POINT('',(-6.218607913631E-03,-2.984767718563));
#9680 = CARTESIAN_POINT('',(-6.303150896254E-03,-2.984560637028));
#9681 = CARTESIAN_POINT('',(-8.869360108759E-02,-2.782751735634));
#9682 = CARTESIAN_POINT('',(-0.170326332978,-2.582965738777));
#9683 = CARTESIAN_POINT('',(-0.252477270924,-2.384931235595));
#9684 = CARTESIAN_POINT('',(-0.336179882945,-2.188800144716));
#9685 = CARTESIAN_POINT('',(-0.422354677982,-1.99561700321));
#9686 = CARTESIAN_POINT('',(-0.511839973228,-1.807834019879));
#9687 = CARTESIAN_POINT('',(-0.605431479981,-1.629797858517));
#9688 = CARTESIAN_POINT('',(-0.726765918075,-1.431763816594));
#9689 = CARTESIAN_POINT('',(-0.749909052489,-1.395349790413));
#9690 = CARTESIAN_POINT('',(-0.773387326014,-1.359867223814));
#9691 = CARTESIAN_POINT('',(-0.79722515004,-1.325411489586));
#9692 = CARTESIAN_POINT('',(-0.821444821472,-1.29209852502));
#9693 = CARTESIAN_POINT('',(-0.846066989482,-1.260065752965));
#9694 = CARTESIAN_POINT('',(-0.871111122246,-1.22947300288));
#9695 = CARTESIAN_POINT('',(-0.934688778048,-1.157201935616));
#9696 = CARTESIAN_POINT('',(-0.97400077473,-1.117260769069));
#9697 = CARTESIAN_POINT('',(-1.014445573315,-1.081564736808));
#9698 = CARTESIAN_POINT('',(-1.055943687692,-1.051026415334));
#9699 = CARTESIAN_POINT('',(-1.098420895017,-1.02658877974));
#9700 = CARTESIAN_POINT('',(-1.14180409767,-1.009234227586));
#9701 = CARTESIAN_POINT('',(-1.186014688211,-1.));
#9702 = CARTESIAN_POINT('',(-1.230959417341,-1.));
#9703 = ( GEOMETRIC_REPRESENTATION_CONTEXT(2) 
PARAMETRIC_REPRESENTATION_CONTEXT() REPRESENTATION_CONTEXT('2D SPACE',''
  ) );
#9704 = PCURVE('',#3574,#9705);
#9705 = DEFINITIONAL_REPRESENTATION('',(#9706),#9793);
#9706 = B_SPLINE_CURVE_WITH_KNOTS('',8,(#9707,#9708,#9709,#9710,#9711,
    #9712,#9713,#9714,#9715,#9716,#9717,#9718,#9719,#9720,#9721,#9722,
    #9723,#9724,#9725,#9726,#9727,#9728,#9729,#9730,#9731,#9732,#9733,
    #9734,#9735,#9736,#9737,#9738,#9739,#9740,#9741,#9742,#9743,#9744,
    #9745,#9746,#9747,#9748,#9749,#9750,#9751,#9752,#9753,#9754,#9755,
    #9756,#9757,#9758,#9759,#9760,#9761,#9762,#9763,#9764,#9765,#9766,
    #9767,#9768,#9769,#9770,#9771,#9772,#9773,#9774,#9775,#9776,#9777,
    #9778,#9779,#9780,#9781,#9782,#9783,#9784,#9785,#9786,#9787,#9788,
    #9789,#9790,#9791,#9792),.UNSPECIFIED.,.F.,.F.,(9,7,7,7,7,7,7,7,7,7,
    7,7,9),(0.,6.468296336217E-04,1.341572268049E-03,2.036314262665E-03,
    2.683142149921E-03,3.377881970962E-03,4.072620180845E-03,
    4.767356448121E-03,5.462090441512E-03,6.108909410563E-03,
    0.635812224551,0.781795451477,1.),.UNSPECIFIED.);
#9707 = CARTESIAN_POINT('',(0.,4.6));
#9708 = CARTESIAN_POINT('',(1.035436948176E-04,4.600253629224));
#9709 = CARTESIAN_POINT('',(2.070873909649E-04,4.600507258445));
#9710 = CARTESIAN_POINT('',(3.106310886549E-04,4.600760887665));
#9711 = CARTESIAN_POINT('',(4.141747883546E-04,4.601014516883));
#9712 = CARTESIAN_POINT('',(5.177184907841E-04,4.601268146101));
#9713 = CARTESIAN_POINT('',(6.212621969173E-04,4.601521775316));
#9714 = CARTESIAN_POINT('',(7.248059079817E-04,4.601775404529));
#9715 = CARTESIAN_POINT('',(9.39563199047E-04,4.602301450175));
#9716 = CARTESIAN_POINT('',(1.050776779687E-03,4.602573866608));
#9717 = CARTESIAN_POINT('',(1.161990368646E-03,4.602846283037));
#9718 = CARTESIAN_POINT('',(1.27320396719E-03,4.603118699459));
#9719 = CARTESIAN_POINT('',(1.384417576581E-03,4.603391115876));
#9720 = CARTESIAN_POINT('',(1.49563119808E-03,4.603663532284));
#9721 = CARTESIAN_POINT('',(1.606844832945E-03,4.603935948685));
#9722 = CARTESIAN_POINT('',(1.829272029502E-03,4.604480781219));
#9723 = CARTESIAN_POINT('',(1.940485591203E-03,4.604753197351));
#9724 = CARTESIAN_POINT('',(2.051699168796E-03,4.605025613474));
#9725 = CARTESIAN_POINT('',(2.162912763545E-03,4.605298029587));
#9726 = CARTESIAN_POINT('',(2.274126376714E-03,4.605570445689));
#9727 = CARTESIAN_POINT('',(2.385340009568E-03,4.605842861778));
#9728 = CARTESIAN_POINT('',(2.496553663375E-03,4.606115277856));
#9729 = CARTESIAN_POINT('',(2.711310968066E-03,4.606641322329));
#9730 = CARTESIAN_POINT('',(2.814854615997E-03,4.606894950727));
#9731 = CARTESIAN_POINT('',(2.918398284202E-03,4.607148579113));
#9732 = CARTESIAN_POINT('',(3.021941973688E-03,4.607402207486));
#9733 = CARTESIAN_POINT('',(3.12548568547E-03,4.607655835846));
#9734 = CARTESIAN_POINT('',(3.229029420572E-03,4.607909464192));
#9735 = CARTESIAN_POINT('',(3.332573180024E-03,4.608163092523));
#9736 = CARTESIAN_POINT('',(3.547330460707E-03,4.60868913595));
#9737 = CARTESIAN_POINT('',(3.658543985824E-03,4.608961551043));
#9738 = CARTESIAN_POINT('',(3.769757541472E-03,4.609233966119));
#9739 = CARTESIAN_POINT('',(3.880971128913E-03,4.609506381175));
#9740 = CARTESIAN_POINT('',(3.992184749406E-03,4.609778796212));
#9741 = CARTESIAN_POINT('',(4.103398404215E-03,4.610051211227));
#9742 = CARTESIAN_POINT('',(4.214612094604E-03,4.610323626222));
#9743 = CARTESIAN_POINT('',(4.437039291163E-03,4.610868455535));
#9744 = CARTESIAN_POINT('',(4.548252797336E-03,4.611140869854));
#9745 = CARTESIAN_POINT('',(4.659466341614E-03,4.61141328415));
#9746 = CARTESIAN_POINT('',(4.770679925261E-03,4.611685698422));
#9747 = CARTESIAN_POINT('',(4.881893549538E-03,4.61195811267));
#9748 = CARTESIAN_POINT('',(4.993107215711E-03,4.612230526893));
#9749 = CARTESIAN_POINT('',(5.104320925046E-03,4.61250294109));
#9750 = CARTESIAN_POINT('',(5.326748121609E-03,4.613047768668));
#9751 = CARTESIAN_POINT('',(5.437961608832E-03,4.61332018205));
#9752 = CARTESIAN_POINT('',(5.549175141743E-03,4.613592595405));
#9753 = CARTESIAN_POINT('',(5.660388721603E-03,4.613865008731));
#9754 = CARTESIAN_POINT('',(5.771602349674E-03,4.614137422029));
#9755 = CARTESIAN_POINT('',(5.88281602722E-03,4.614409835297));
#9756 = CARTESIAN_POINT('',(5.994029755502E-03,4.614682248534));
#9757 = CARTESIAN_POINT('',(6.216456952063E-03,4.615227074055));
#9758 = CARTESIAN_POINT('',(6.32767042034E-03,4.615499486339));
#9759 = CARTESIAN_POINT('',(6.43888394188E-03,4.61577189859));
#9760 = CARTESIAN_POINT('',(6.550097517948E-03,4.616044310809));
#9761 = CARTESIAN_POINT('',(6.661311149806E-03,4.616316722995));
#9762 = CARTESIAN_POINT('',(6.772524838719E-03,4.616589135146));
#9763 = CARTESIAN_POINT('',(6.883738585949E-03,4.616861547262));
#9764 = CARTESIAN_POINT('',(7.098495908048E-03,4.617387583468));
#9765 = CARTESIAN_POINT('',(7.202039474981E-03,4.617641207562));
#9766 = CARTESIAN_POINT('',(7.30558309458E-03,4.617894831624));
#9767 = CARTESIAN_POINT('',(7.409126767863E-03,4.618148455654));
#9768 = CARTESIAN_POINT('',(7.512670495849E-03,4.618402079652));
#9769 = CARTESIAN_POINT('',(7.616214279558E-03,4.618655703616));
#9770 = CARTESIAN_POINT('',(7.719758120008E-03,4.618909327546));
#9771 = CARTESIAN_POINT('',(0.108627296776,4.866075635516));
#9772 = CARTESIAN_POINT('',(0.208614530647,5.110820420041));
#9773 = CARTESIAN_POINT('',(0.309372947494,5.354427275426));
#9774 = CARTESIAN_POINT('',(0.412294101004,5.597615260916));
#9775 = CARTESIAN_POINT('',(0.518658122151,5.84021428229));
#9776 = CARTESIAN_POINT('',(0.629742484382,6.080833269802));
#9777 = CARTESIAN_POINT('',(0.74686941865,6.316398182325));
#9778 = CARTESIAN_POINT('',(0.900752577369,6.593879331992));
#9779 = CARTESIAN_POINT('',(0.930188402655,6.64564858499));
#9780 = CARTESIAN_POINT('',(0.960143580264,6.696930967942));
#9781 = CARTESIAN_POINT('',(0.9906604553,6.747674127354));
#9782 = CARTESIAN_POINT('',(1.021780708481,6.797808517966));
#9783 = CARTESIAN_POINT('',(1.05354648969,6.84724804314));
#9784 = CARTESIAN_POINT('',(1.086001551524,6.895890695239));
#9785 = CARTESIAN_POINT('',(1.16880349581,7.014960104026));
#9786 = CARTESIAN_POINT('',(1.220364222235,7.084698087659));
#9787 = CARTESIAN_POINT('',(1.273843325224,7.152076864437));
#9788 = CARTESIAN_POINT('',(1.32923541822,7.216356144532));
#9789 = CARTESIAN_POINT('',(1.386560244017,7.276811584955));
#9790 = CARTESIAN_POINT('',(1.445865738814,7.332741795378));
#9791 = CARTESIAN_POINT('',(1.507234881302,7.383482395616));
#9792 = CARTESIAN_POINT('',(1.570796326795,7.428427124746));
#9793 = ( GEOMETRIC_REPRESENTATION_CONTEXT(2) 
PARAMETRIC_REPRESENTATION_CONTEXT() REPRESENTATION_CONTEXT('2D SPACE',''
  ) );
#9794 = ORIENTED_EDGE('',*,*,#3633,.T.);
#9795 = ORIENTED_EDGE('',*,*,#3367,.F.);
#9796 = ORIENTED_EDGE('',*,*,#3202,.F.);
#9797 = ORIENTED_EDGE('',*,*,#8391,.T.);
#9798 = ORIENTED_EDGE('',*,*,#9799,.T.);
#9799 = EDGE_CURVE('',#8369,#9524,#9800,.T.);
#9800 = SURFACE_CURVE('',#9801,(#9806,#9813),.PCURVE_S1.);
#9801 = CIRCLE('',#9802,3.);
#9802 = AXIS2_PLACEMENT_3D('',#9803,#9804,#9805);
#9803 = CARTESIAN_POINT('',(-74.,15.,4.6));
#9804 = DIRECTION('',(-1.,0.,0.));
#9805 = DIRECTION('',(0.,1.,0.));
#9806 = PCURVE('',#3223,#9807);
#9807 = DEFINITIONAL_REPRESENTATION('',(#9808),#9812);
#9808 = LINE('',#9809,#9810);
#9809 = CARTESIAN_POINT('',(-6.28318530718,-2.));
#9810 = VECTOR('',#9811,1.);
#9811 = DIRECTION('',(1.,-0.));
#9812 = ( GEOMETRIC_REPRESENTATION_CONTEXT(2) 
PARAMETRIC_REPRESENTATION_CONTEXT() REPRESENTATION_CONTEXT('2D SPACE',''
  ) );
#9813 = PCURVE('',#4110,#9814);
#9814 = DEFINITIONAL_REPRESENTATION('',(#9815),#9819);
#9815 = CIRCLE('',#9816,3.);
#9816 = AXIS2_PLACEMENT_2D('',#9817,#9818);
#9817 = CARTESIAN_POINT('',(9.,-4.6));
#9818 = DIRECTION('',(1.,0.));
#9819 = ( GEOMETRIC_REPRESENTATION_CONTEXT(2) 
PARAMETRIC_REPRESENTATION_CONTEXT() REPRESENTATION_CONTEXT('2D SPACE',''
  ) );
#9820 = ADVANCED_FACE('',(#9821,#9851),#3491,.T.);
#9821 = FACE_BOUND('',#9822,.T.);
#9822 = EDGE_LOOP('',(#9823,#9824,#9825,#9826,#9827,#9828,#9829));
#9823 = ORIENTED_EDGE('',*,*,#4168,.F.);
#9824 = ORIENTED_EDGE('',*,*,#3976,.T.);
#9825 = ORIENTED_EDGE('',*,*,#3857,.T.);
#9826 = ORIENTED_EDGE('',*,*,#3780,.T.);
#9827 = ORIENTED_EDGE('',*,*,#3659,.T.);
#9828 = ORIENTED_EDGE('',*,*,#3475,.T.);
#9829 = ORIENTED_EDGE('',*,*,#9830,.F.);
#9830 = EDGE_CURVE('',#4146,#3476,#9831,.T.);
#9831 = SURFACE_CURVE('',#9832,(#9837,#9844),.PCURVE_S1.);
#9832 = CIRCLE('',#9833,2.);
#9833 = AXIS2_PLACEMENT_3D('',#9834,#9835,#9836);
#9834 = CARTESIAN_POINT('',(-113.,16.,4.));
#9835 = DIRECTION('',(0.,0.,1.));
#9836 = DIRECTION('',(-0.,1.,0.));
#9837 = PCURVE('',#3491,#9838);
#9838 = DEFINITIONAL_REPRESENTATION('',(#9839),#9843);
#9839 = CIRCLE('',#9840,2.);
#9840 = AXIS2_PLACEMENT_2D('',#9841,#9842);
#9841 = CARTESIAN_POINT('',(-5.,-7.));
#9842 = DIRECTION('',(0.,1.));
#9843 = ( GEOMETRIC_REPRESENTATION_CONTEXT(2) 
PARAMETRIC_REPRESENTATION_CONTEXT() REPRESENTATION_CONTEXT('2D SPACE',''
  ) );
#9844 = PCURVE('',#3519,#9845);
#9845 = DEFINITIONAL_REPRESENTATION('',(#9846),#9850);
#9846 = LINE('',#9847,#9848);
#9847 = CARTESIAN_POINT('',(0.,4.));
#9848 = VECTOR('',#9849,1.);
#9849 = DIRECTION('',(1.,0.));
#9850 = ( GEOMETRIC_REPRESENTATION_CONTEXT(2) 
PARAMETRIC_REPRESENTATION_CONTEXT() REPRESENTATION_CONTEXT('2D SPACE',''
  ) );
#9851 = FACE_BOUND('',#9852,.T.);
#9852 = EDGE_LOOP('',(#9853));
#9853 = ORIENTED_EDGE('',*,*,#4636,.T.);
#9854 = ADVANCED_FACE('',(#9855),#3519,.T.);
#9855 = FACE_BOUND('',#9856,.T.);
#9856 = EDGE_LOOP('',(#9857,#9858,#9859,#9860));
#9857 = ORIENTED_EDGE('',*,*,#4145,.F.);
#9858 = ORIENTED_EDGE('',*,*,#9830,.T.);
#9859 = ORIENTED_EDGE('',*,*,#3503,.T.);
#9860 = ORIENTED_EDGE('',*,*,#8341,.F.);
#9861 = ADVANCED_FACE('',(#9862),#3574,.T.);
#9862 = FACE_BOUND('',#9863,.T.);
#9863 = EDGE_LOOP('',(#9864,#9865,#9889,#9908));
#9864 = ORIENTED_EDGE('',*,*,#3556,.F.);
#9865 = ORIENTED_EDGE('',*,*,#9866,.T.);
#9866 = EDGE_CURVE('',#3557,#9867,#9869,.T.);
#9867 = VERTEX_POINT('',#9868);
#9868 = CARTESIAN_POINT('',(-74.,17.732050807569,4.));
#9869 = SURFACE_CURVE('',#9870,(#9875,#9882),.PCURVE_S1.);
#9870 = CIRCLE('',#9871,2.);
#9871 = AXIS2_PLACEMENT_3D('',#9872,#9873,#9874);
#9872 = CARTESIAN_POINT('',(-73.,16.,4.));
#9873 = DIRECTION('',(0.,0.,1.));
#9874 = DIRECTION('',(-0.,1.,0.));
#9875 = PCURVE('',#3574,#9876);
#9876 = DEFINITIONAL_REPRESENTATION('',(#9877),#9881);
#9877 = LINE('',#9878,#9879);
#9878 = CARTESIAN_POINT('',(0.,4.));
#9879 = VECTOR('',#9880,1.);
#9880 = DIRECTION('',(1.,0.));
#9881 = ( GEOMETRIC_REPRESENTATION_CONTEXT(2) 
PARAMETRIC_REPRESENTATION_CONTEXT() REPRESENTATION_CONTEXT('2D SPACE',''
  ) );
#9882 = PCURVE('',#3601,#9883);
#9883 = DEFINITIONAL_REPRESENTATION('',(#9884),#9888);
#9884 = CIRCLE('',#9885,2.);
#9885 = AXIS2_PLACEMENT_2D('',#9886,#9887);
#9886 = CARTESIAN_POINT('',(-5.,-7.));
#9887 = DIRECTION('',(0.,1.));
#9888 = ( GEOMETRIC_REPRESENTATION_CONTEXT(2) 
PARAMETRIC_REPRESENTATION_CONTEXT() REPRESENTATION_CONTEXT('2D SPACE',''
  ) );
#9889 = ORIENTED_EDGE('',*,*,#9890,.T.);
#9890 = EDGE_CURVE('',#9867,#9524,#9891,.T.);
#9891 = SURFACE_CURVE('',#9892,(#9896,#9902),.PCURVE_S1.);
#9892 = LINE('',#9893,#9894);
#9893 = CARTESIAN_POINT('',(-74.,17.732050807569,0.));
#9894 = VECTOR('',#9895,1.);
#9895 = DIRECTION('',(0.,0.,1.));
#9896 = PCURVE('',#3574,#9897);
#9897 = DEFINITIONAL_REPRESENTATION('',(#9898),#9901);
#9898 = B_SPLINE_CURVE_WITH_KNOTS('',1,(#9899,#9900),.UNSPECIFIED.,.F.,
  .F.,(2,2),(-6.E-07,7.428427724746),.PIECEWISE_BEZIER_KNOTS.);
#9899 = CARTESIAN_POINT('',(0.523598775598,-6.E-07));
#9900 = CARTESIAN_POINT('',(0.523598775598,7.428427724746));
#9901 = ( GEOMETRIC_REPRESENTATION_CONTEXT(2) 
PARAMETRIC_REPRESENTATION_CONTEXT() REPRESENTATION_CONTEXT('2D SPACE',''
  ) );
#9902 = PCURVE('',#4110,#9903);
#9903 = DEFINITIONAL_REPRESENTATION('',(#9904),#9907);
#9904 = B_SPLINE_CURVE_WITH_KNOTS('',1,(#9905,#9906),.UNSPECIFIED.,.F.,
  .F.,(2,2),(-6.E-07,7.428427724746),.PIECEWISE_BEZIER_KNOTS.);
#9905 = CARTESIAN_POINT('',(11.732050807569,6.E-07));
#9906 = CARTESIAN_POINT('',(11.732050807569,-7.428427724746));
#9907 = ( GEOMETRIC_REPRESENTATION_CONTEXT(2) 
PARAMETRIC_REPRESENTATION_CONTEXT() REPRESENTATION_CONTEXT('2D SPACE',''
  ) );
#9908 = ORIENTED_EDGE('',*,*,#9523,.F.);
#9909 = ADVANCED_FACE('',(#9910,#9939),#3601,.T.);
#9910 = FACE_BOUND('',#9911,.T.);
#9911 = EDGE_LOOP('',(#9912,#9913,#9914,#9915,#9916,#9917,#9918,#9919,
    #9938));
#9912 = ORIENTED_EDGE('',*,*,#3586,.F.);
#9913 = ORIENTED_EDGE('',*,*,#3709,.T.);
#9914 = ORIENTED_EDGE('',*,*,#3829,.T.);
#9915 = ORIENTED_EDGE('',*,*,#3907,.T.);
#9916 = ORIENTED_EDGE('',*,*,#4025,.T.);
#9917 = ORIENTED_EDGE('',*,*,#4193,.T.);
#9918 = ORIENTED_EDGE('',*,*,#4073,.F.);
#9919 = ORIENTED_EDGE('',*,*,#9920,.F.);
#9920 = EDGE_CURVE('',#9867,#4074,#9921,.T.);
#9921 = SURFACE_CURVE('',#9922,(#9926,#9932),.PCURVE_S1.);
#9922 = LINE('',#9923,#9924);
#9923 = CARTESIAN_POINT('',(-74.,14.5,4.));
#9924 = VECTOR('',#9925,1.);
#9925 = DIRECTION('',(0.,1.,-0.));
#9926 = PCURVE('',#3601,#9927);
#9927 = DEFINITIONAL_REPRESENTATION('',(#9928),#9931);
#9928 = B_SPLINE_CURVE_WITH_KNOTS('',1,(#9929,#9930),.UNSPECIFIED.,.F.,
  .F.,(2,2),(0.5,3.5),.PIECEWISE_BEZIER_KNOTS.);
#9929 = CARTESIAN_POINT('',(-6.,-8.));
#9930 = CARTESIAN_POINT('',(-6.,-5.));
#9931 = ( GEOMETRIC_REPRESENTATION_CONTEXT(2) 
PARAMETRIC_REPRESENTATION_CONTEXT() REPRESENTATION_CONTEXT('2D SPACE',''
  ) );
#9932 = PCURVE('',#4110,#9933);
#9933 = DEFINITIONAL_REPRESENTATION('',(#9934),#9937);
#9934 = B_SPLINE_CURVE_WITH_KNOTS('',1,(#9935,#9936),.UNSPECIFIED.,.F.,
  .F.,(2,2),(0.5,3.5),.PIECEWISE_BEZIER_KNOTS.);
#9935 = CARTESIAN_POINT('',(9.,-4.));
#9936 = CARTESIAN_POINT('',(12.,-4.));
#9937 = ( GEOMETRIC_REPRESENTATION_CONTEXT(2) 
PARAMETRIC_REPRESENTATION_CONTEXT() REPRESENTATION_CONTEXT('2D SPACE',''
  ) );
#9938 = ORIENTED_EDGE('',*,*,#9866,.F.);
#9939 = FACE_BOUND('',#9940,.T.);
#9940 = EDGE_LOOP('',(#9941));
#9941 = ORIENTED_EDGE('',*,*,#4690,.T.);
#9942 = ADVANCED_FACE('',(#9943),#4110,.F.);
#9943 = FACE_BOUND('',#9944,.F.);
#9944 = EDGE_LOOP('',(#9945,#9946,#9947,#9948,#9949));
#9945 = ORIENTED_EDGE('',*,*,#9920,.F.);
#9946 = ORIENTED_EDGE('',*,*,#9890,.T.);
#9947 = ORIENTED_EDGE('',*,*,#9799,.F.);
#9948 = ORIENTED_EDGE('',*,*,#8368,.T.);
#9949 = ORIENTED_EDGE('',*,*,#4094,.F.);
#9950 = ADVANCED_FACE('',(#9951),#4258,.F.);
#9951 = FACE_BOUND('',#9952,.F.);
#9952 = EDGE_LOOP('',(#9953,#9954,#9955,#9956));
#9953 = ORIENTED_EDGE('',*,*,#4242,.T.);
#9954 = ORIENTED_EDGE('',*,*,#4296,.T.);
#9955 = ORIENTED_EDGE('',*,*,#4390,.T.);
#9956 = ORIENTED_EDGE('',*,*,#4366,.T.);
#9957 = ADVANCED_FACE('',(#9958),#4473,.F.);
#9958 = FACE_BOUND('',#9959,.F.);
#9959 = EDGE_LOOP('',(#9960,#9961,#9962,#9963));
#9960 = ORIENTED_EDGE('',*,*,#4460,.T.);
#9961 = ORIENTED_EDGE('',*,*,#4538,.T.);
#9962 = ORIENTED_EDGE('',*,*,#4587,.T.);
#9963 = ORIENTED_EDGE('',*,*,#4512,.T.);
#9964 = ADVANCED_FACE('',(#9965),#5332,.F.);
#9965 = FACE_BOUND('',#9966,.F.);
#9966 = EDGE_LOOP('',(#9967,#9995,#10016,#10017,#10018,#10019,#10020));
#9967 = ORIENTED_EDGE('',*,*,#9968,.F.);
#9968 = EDGE_CURVE('',#9969,#9971,#9973,.T.);
#9969 = VERTEX_POINT('',#9970);
#9970 = CARTESIAN_POINT('',(49.005528405457,-11.39404517345,
    12.668937837654));
#9971 = VERTEX_POINT('',#9972);
#9972 = CARTESIAN_POINT('',(48.90317345932,-16.,15.6));
#9973 = SURFACE_CURVE('',#9974,(#9978,#9984),.PCURVE_S1.);
#9974 = LINE('',#9975,#9976);
#9975 = CARTESIAN_POINT('',(49.013547043453,-11.03320785418,
    12.439314089028));
#9976 = VECTOR('',#9977,1.);
#9977 = DIRECTION('',(-1.87448112776E-02,-0.843513256906,0.536781163486)
  );
#9978 = PCURVE('',#5332,#9979);
#9979 = DEFINITIONAL_REPRESENTATION('',(#9980),#9983);
#9980 = B_SPLINE_CURVE_WITH_KNOTS('',1,(#9981,#9982),.UNSPECIFIED.,.F.,
  .F.,(2,2),(-0.632127414502,5.888220612003),.PIECEWISE_BEZIER_KNOTS.);
#9981 = CARTESIAN_POINT('',(5.003047721494,6.));
#9982 = CARTESIAN_POINT('',(8.50518112654,0.5));
#9983 = ( GEOMETRIC_REPRESENTATION_CONTEXT(2) 
PARAMETRIC_REPRESENTATION_CONTEXT() REPRESENTATION_CONTEXT('2D SPACE',''
  ) );
#9984 = PCURVE('',#9985,#9990);
#9985 = PLANE('',#9986);
#9986 = AXIS2_PLACEMENT_3D('',#9987,#9988,#9989);
#9987 = CARTESIAN_POINT('',(45.,-9.5,11.463636363636));
#9988 = DIRECTION('',(0.,-0.536875492193,-0.843661487732));
#9989 = DIRECTION('',(0.,-0.843661487732,0.536875492193));
#9990 = DEFINITIONAL_REPRESENTATION('',(#9991),#9994);
#9991 = B_SPLINE_CURVE_WITH_KNOTS('',1,(#9992,#9993),.UNSPECIFIED.,.F.,
  .F.,(2,2),(-0.632127414502,5.888220612003),.PIECEWISE_BEZIER_KNOTS.);
#9992 = CARTESIAN_POINT('',(1.185309528219,-4.025396152541));
#9993 = CARTESIAN_POINT('',(7.704511933421,-3.90317345932));
#9994 = ( GEOMETRIC_REPRESENTATION_CONTEXT(2) 
PARAMETRIC_REPRESENTATION_CONTEXT() REPRESENTATION_CONTEXT('2D SPACE',''
  ) );
#9995 = ORIENTED_EDGE('',*,*,#9996,.F.);
#9996 = EDGE_CURVE('',#8436,#9969,#9997,.T.);
#9997 = SURFACE_CURVE('',#9998,(#10002,#10009),.PCURVE_S1.);
#9998 = LINE('',#9999,#10000);
#9999 = CARTESIAN_POINT('',(49.20085102651,-11.1987225524,7.075629789309
    ));
#10000 = VECTOR('',#10001,1.);
#10001 = DIRECTION('',(-3.487826274237E-02,-3.487826274237E-02,
    0.998782765959));
#10002 = PCURVE('',#5332,#10003);
#10003 = DEFINITIONAL_REPRESENTATION('',(#10004),#10008);
#10004 = LINE('',#10005,#10006);
#10005 = CARTESIAN_POINT('',(-2.438506541356E-02,5.301277447597));
#10006 = VECTOR('',#10007,1.);
#10007 = DIRECTION('',(0.999391568299,-3.487826274237E-02));
#10008 = ( GEOMETRIC_REPRESENTATION_CONTEXT(2) 
PARAMETRIC_REPRESENTATION_CONTEXT() REPRESENTATION_CONTEXT('2D SPACE',''
  ) );
#10009 = PCURVE('',#8474,#10010);
#10010 = DEFINITIONAL_REPRESENTATION('',(#10011),#10015);
#10011 = LINE('',#10012,#10013);
#10012 = CARTESIAN_POINT('',(0.,0.));
#10013 = VECTOR('',#10014,1.);
#10014 = DIRECTION('',(0.,1.));
#10015 = ( GEOMETRIC_REPRESENTATION_CONTEXT(2) 
PARAMETRIC_REPRESENTATION_CONTEXT() REPRESENTATION_CONTEXT('2D SPACE',''
  ) );
#10016 = ORIENTED_EDGE('',*,*,#8435,.F.);
#10017 = ORIENTED_EDGE('',*,*,#9491,.T.);
#10018 = ORIENTED_EDGE('',*,*,#9445,.F.);
#10019 = ORIENTED_EDGE('',*,*,#5311,.F.);
#10020 = ORIENTED_EDGE('',*,*,#10021,.T.);
#10021 = EDGE_CURVE('',#5286,#9971,#10022,.T.);
#10022 = SURFACE_CURVE('',#10023,(#10027,#10034),.PCURVE_S1.);
#10023 = LINE('',#10024,#10025);
#10024 = CARTESIAN_POINT('',(48.90317345932,-16.5,15.6));
#10025 = VECTOR('',#10026,1.);
#10026 = DIRECTION('',(0.,1.,0.));
#10027 = PCURVE('',#5332,#10028);
#10028 = DEFINITIONAL_REPRESENTATION('',(#10029),#10033);
#10029 = LINE('',#10030,#10031);
#10030 = CARTESIAN_POINT('',(8.50518112654,0.));
#10031 = VECTOR('',#10032,1.);
#10032 = DIRECTION('',(0.,1.));
#10033 = ( GEOMETRIC_REPRESENTATION_CONTEXT(2) 
PARAMETRIC_REPRESENTATION_CONTEXT() REPRESENTATION_CONTEXT('2D SPACE',''
  ) );
#10034 = PCURVE('',#5300,#10035);
#10035 = DEFINITIONAL_REPRESENTATION('',(#10036),#10040);
#10036 = LINE('',#10037,#10038);
#10037 = CARTESIAN_POINT('',(0.90317345932,-3.));
#10038 = VECTOR('',#10039,1.);
#10039 = DIRECTION('',(0.,1.));
#10040 = ( GEOMETRIC_REPRESENTATION_CONTEXT(2) 
PARAMETRIC_REPRESENTATION_CONTEXT() REPRESENTATION_CONTEXT('2D SPACE',''
  ) );
#10041 = ADVANCED_FACE('',(#10042),#5300,.T.);
#10042 = FACE_BOUND('',#10043,.T.);
#10043 = EDGE_LOOP('',(#10044,#10065,#10086,#10087));
#10044 = ORIENTED_EDGE('',*,*,#10045,.F.);
#10045 = EDGE_CURVE('',#10046,#9971,#10048,.T.);
#10046 = VERTEX_POINT('',#10047);
#10047 = CARTESIAN_POINT('',(47.09682654068,-16.,15.6));
#10048 = SURFACE_CURVE('',#10049,(#10053,#10059),.PCURVE_S1.);
#10049 = LINE('',#10050,#10051);
#10050 = CARTESIAN_POINT('',(46.5,-16.,15.6));
#10051 = VECTOR('',#10052,1.);
#10052 = DIRECTION('',(1.,0.,-0.));
#10053 = PCURVE('',#5300,#10054);
#10054 = DEFINITIONAL_REPRESENTATION('',(#10055),#10058);
#10055 = B_SPLINE_CURVE_WITH_KNOTS('',1,(#10056,#10057),.UNSPECIFIED.,
  .F.,.F.,(2,2),(0.59682654068,2.40317345932),.PIECEWISE_BEZIER_KNOTS.);
#10056 = CARTESIAN_POINT('',(-0.90317345932,-2.5));
#10057 = CARTESIAN_POINT('',(0.90317345932,-2.5));
#10058 = ( GEOMETRIC_REPRESENTATION_CONTEXT(2) 
PARAMETRIC_REPRESENTATION_CONTEXT() REPRESENTATION_CONTEXT('2D SPACE',''
  ) );
#10059 = PCURVE('',#9985,#10060);
#10060 = DEFINITIONAL_REPRESENTATION('',(#10061),#10064);
#10061 = B_SPLINE_CURVE_WITH_KNOTS('',1,(#10062,#10063),.UNSPECIFIED.,
  .F.,.F.,(2,2),(0.59682654068,2.40317345932),.PIECEWISE_BEZIER_KNOTS.);
#10062 = CARTESIAN_POINT('',(7.704511933421,-2.09682654068));
#10063 = CARTESIAN_POINT('',(7.704511933421,-3.90317345932));
#10064 = ( GEOMETRIC_REPRESENTATION_CONTEXT(2) 
PARAMETRIC_REPRESENTATION_CONTEXT() REPRESENTATION_CONTEXT('2D SPACE',''
  ) );
#10065 = ORIENTED_EDGE('',*,*,#10066,.T.);
#10066 = EDGE_CURVE('',#10046,#5253,#10067,.T.);
#10067 = SURFACE_CURVE('',#10068,(#10072,#10079),.PCURVE_S1.);
#10068 = LINE('',#10069,#10070);
#10069 = CARTESIAN_POINT('',(47.09682654068,-10.5,15.6));
#10070 = VECTOR('',#10071,1.);
#10071 = DIRECTION('',(0.,-1.,0.));
#10072 = PCURVE('',#5300,#10073);
#10073 = DEFINITIONAL_REPRESENTATION('',(#10074),#10078);
#10074 = LINE('',#10075,#10076);
#10075 = CARTESIAN_POINT('',(-0.90317345932,3.));
#10076 = VECTOR('',#10077,1.);
#10077 = DIRECTION('',(0.,-1.));
#10078 = ( GEOMETRIC_REPRESENTATION_CONTEXT(2) 
PARAMETRIC_REPRESENTATION_CONTEXT() REPRESENTATION_CONTEXT('2D SPACE',''
  ) );
#10079 = PCURVE('',#5273,#10080);
#10080 = DEFINITIONAL_REPRESENTATION('',(#10081),#10085);
#10081 = LINE('',#10082,#10083);
#10082 = CARTESIAN_POINT('',(8.50518112654,0.));
#10083 = VECTOR('',#10084,1.);
#10084 = DIRECTION('',(0.,1.));
#10085 = ( GEOMETRIC_REPRESENTATION_CONTEXT(2) 
PARAMETRIC_REPRESENTATION_CONTEXT() REPRESENTATION_CONTEXT('2D SPACE',''
  ) );
#10086 = ORIENTED_EDGE('',*,*,#5285,.F.);
#10087 = ORIENTED_EDGE('',*,*,#10021,.T.);
#10088 = ADVANCED_FACE('',(#10089),#5273,.F.);
#10089 = FACE_BOUND('',#10090,.F.);
#10090 = EDGE_LOOP('',(#10091,#10092,#10115,#10134,#10135,#10136,#10157)
  );
#10091 = ORIENTED_EDGE('',*,*,#8550,.F.);
#10092 = ORIENTED_EDGE('',*,*,#10093,.T.);
#10093 = EDGE_CURVE('',#8518,#10094,#10096,.T.);
#10094 = VERTEX_POINT('',#10095);
#10095 = CARTESIAN_POINT('',(46.994471594543,-11.39404517345,
    12.668937837654));
#10096 = SURFACE_CURVE('',#10097,(#10101,#10108),.PCURVE_S1.);
#10097 = LINE('',#10098,#10099);
#10098 = CARTESIAN_POINT('',(46.79914989737,-11.19872347628,
    7.075656245758));
#10099 = VECTOR('',#10100,1.);
#10100 = DIRECTION('',(3.487826274237E-02,-3.487826274237E-02,
    0.998782765959));
#10101 = PCURVE('',#5273,#10102);
#10102 = DEFINITIONAL_REPRESENTATION('',(#10103),#10107);
#10103 = LINE('',#10104,#10105);
#10104 = CARTESIAN_POINT('',(-2.435859283889E-02,0.698723476283));
#10105 = VECTOR('',#10106,1.);
#10106 = DIRECTION('',(0.999391568299,3.487826274237E-02));
#10107 = ( GEOMETRIC_REPRESENTATION_CONTEXT(2) 
PARAMETRIC_REPRESENTATION_CONTEXT() REPRESENTATION_CONTEXT('2D SPACE',''
  ) );
#10108 = PCURVE('',#8534,#10109);
#10109 = DEFINITIONAL_REPRESENTATION('',(#10110),#10114);
#10110 = LINE('',#10111,#10112);
#10111 = CARTESIAN_POINT('',(1.569578351624,0.));
#10112 = VECTOR('',#10113,1.);
#10113 = DIRECTION('',(0.,1.));
#10114 = ( GEOMETRIC_REPRESENTATION_CONTEXT(2) 
PARAMETRIC_REPRESENTATION_CONTEXT() REPRESENTATION_CONTEXT('2D SPACE',''
  ) );
#10115 = ORIENTED_EDGE('',*,*,#10116,.F.);
#10116 = EDGE_CURVE('',#10046,#10094,#10117,.T.);
#10117 = SURFACE_CURVE('',#10118,(#10122,#10128),.PCURVE_S1.);
#10118 = LINE('',#10119,#10120);
#10119 = CARTESIAN_POINT('',(46.937964362265,-8.851229520023,
    11.050782421833));
#10120 = VECTOR('',#10121,1.);
#10121 = DIRECTION('',(-1.87448112776E-02,0.843513256906,-0.536781163486
    ));
#10122 = PCURVE('',#5273,#10123);
#10123 = DEFINITIONAL_REPRESENTATION('',(#10124),#10127);
#10124 = B_SPLINE_CURVE_WITH_KNOTS('',1,(#10125,#10126),.UNSPECIFIED.,
  .F.,.F.,(2,2),(-8.474994816555,-1.95464679005),
  .PIECEWISE_BEZIER_KNOTS.);
#10125 = CARTESIAN_POINT('',(8.50518112654,5.5));
#10126 = CARTESIAN_POINT('',(5.003047721494,0.));
#10127 = ( GEOMETRIC_REPRESENTATION_CONTEXT(2) 
PARAMETRIC_REPRESENTATION_CONTEXT() REPRESENTATION_CONTEXT('2D SPACE',''
  ) );
#10128 = PCURVE('',#9985,#10129);
#10129 = DEFINITIONAL_REPRESENTATION('',(#10130),#10133);
#10130 = B_SPLINE_CURVE_WITH_KNOTS('',1,(#10131,#10132),.UNSPECIFIED.,
  .F.,.F.,(2,2),(-8.474994816555,-1.95464679005),
  .PIECEWISE_BEZIER_KNOTS.);
#10131 = CARTESIAN_POINT('',(7.704511933421,-2.09682654068));
#10132 = CARTESIAN_POINT('',(1.185309528219,-1.974603847459));
#10133 = ( GEOMETRIC_REPRESENTATION_CONTEXT(2) 
PARAMETRIC_REPRESENTATION_CONTEXT() REPRESENTATION_CONTEXT('2D SPACE',''
  ) );
#10134 = ORIENTED_EDGE('',*,*,#10066,.T.);
#10135 = ORIENTED_EDGE('',*,*,#5252,.F.);
#10136 = ORIENTED_EDGE('',*,*,#10137,.F.);
#10137 = EDGE_CURVE('',#10138,#5225,#10140,.T.);
#10138 = VERTEX_POINT('',#10139);
#10139 = CARTESIAN_POINT('',(46.887301923729,-16.,9.6));
#10140 = SURFACE_CURVE('',#10141,(#10145,#10151),.PCURVE_S1.);
#10141 = LINE('',#10142,#10143);
#10142 = CARTESIAN_POINT('',(46.769423126502,-16.,6.224392905904));
#10143 = VECTOR('',#10144,1.);
#10144 = DIRECTION('',(3.48994967025E-02,0.,0.999390827019));
#10145 = PCURVE('',#5273,#10146);
#10146 = DEFINITIONAL_REPRESENTATION('',(#10147),#10150);
#10147 = B_SPLINE_CURVE_WITH_KNOTS('',1,(#10148,#10149),.UNSPECIFIED.,
  .F.,.F.,(2,2),(3.377664676155,8.881017169799),
  .PIECEWISE_BEZIER_KNOTS.);
#10148 = CARTESIAN_POINT('',(2.501523860747,5.5));
#10149 = CARTESIAN_POINT('',(8.004876354391,5.5));
#10150 = ( GEOMETRIC_REPRESENTATION_CONTEXT(2) 
PARAMETRIC_REPRESENTATION_CONTEXT() REPRESENTATION_CONTEXT('2D SPACE',''
  ) );
#10151 = PCURVE('',#5240,#10152);
#10152 = DEFINITIONAL_REPRESENTATION('',(#10153),#10156);
#10153 = B_SPLINE_CURVE_WITH_KNOTS('',1,(#10154,#10155),.UNSPECIFIED.,
  .F.,.F.,(2,2),(3.377664676155,8.881017169799),
  .PIECEWISE_BEZIER_KNOTS.);
#10154 = CARTESIAN_POINT('',(4.440892098501E-16,-121.8873019237));
#10155 = CARTESIAN_POINT('',(5.5,-122.0793661559));
#10156 = ( GEOMETRIC_REPRESENTATION_CONTEXT(2) 
PARAMETRIC_REPRESENTATION_CONTEXT() REPRESENTATION_CONTEXT('2D SPACE',''
  ) );
#10157 = ORIENTED_EDGE('',*,*,#10158,.T.);
#10158 = EDGE_CURVE('',#10138,#8551,#10159,.T.);
#10159 = SURFACE_CURVE('',#10160,(#10165,#10172),.PCURVE_S1.);
#10160 = ELLIPSE('',#10161,2.001219088598,2.);
#10161 = AXIS2_PLACEMENT_3D('',#10162,#10163,#10164);
#10162 = CARTESIAN_POINT('',(46.887301923729,-14.,9.6));
#10163 = DIRECTION('',(0.999390827019,0.,-3.48994967025E-02));
#10164 = DIRECTION('',(-3.48994967025E-02,0.,-0.999390827019));
#10165 = PCURVE('',#5273,#10166);
#10166 = DEFINITIONAL_REPRESENTATION('',(#10167),#10171);
#10167 = ELLIPSE('',#10168,2.001219088598,2.);
#10168 = AXIS2_PLACEMENT_2D('',#10169,#10170);
#10169 = CARTESIAN_POINT('',(2.501523860747,3.5));
#10170 = DIRECTION('',(-1.,-0.));
#10171 = ( GEOMETRIC_REPRESENTATION_CONTEXT(2) 
PARAMETRIC_REPRESENTATION_CONTEXT() REPRESENTATION_CONTEXT('2D SPACE',''
  ) );
#10172 = PCURVE('',#8588,#10173);
#10173 = DEFINITIONAL_REPRESENTATION('',(#10174),#10182);
#10174 = B_SPLINE_CURVE_WITH_KNOTS('',6,(#10175,#10176,#10177,#10178,
    #10179,#10180,#10181),.UNSPECIFIED.,.F.,.F.,(7,7),(4.712388980385,
    6.28318530718),.PIECEWISE_BEZIER_KNOTS.);
#10175 = CARTESIAN_POINT('',(1.570796326795,-121.8873019237));
#10176 = CARTESIAN_POINT('',(1.308996938996,-121.8690174515));
#10177 = CARTESIAN_POINT('',(1.047197551197,-121.850734376));
#10178 = CARTESIAN_POINT('',(0.785398163397,-121.8346980016));
#10179 = CARTESIAN_POINT('',(0.523598775598,-121.8232034113));
#10180 = CARTESIAN_POINT('',(0.261799387799,-121.8174603847));
#10181 = CARTESIAN_POINT('',(0.,-121.8174603847));
#10182 = ( GEOMETRIC_REPRESENTATION_CONTEXT(2) 
PARAMETRIC_REPRESENTATION_CONTEXT() REPRESENTATION_CONTEXT('2D SPACE',''
  ) );
#10183 = ADVANCED_FACE('',(#10184),#5240,.F.);
#10184 = FACE_BOUND('',#10185,.F.);
#10185 = EDGE_LOOP('',(#10186,#10187,#10208,#10229));
#10186 = ORIENTED_EDGE('',*,*,#5224,.F.);
#10187 = ORIENTED_EDGE('',*,*,#10188,.T.);
#10188 = EDGE_CURVE('',#5192,#10189,#10191,.T.);
#10189 = VERTEX_POINT('',#10190);
#10190 = CARTESIAN_POINT('',(25.112698076271,-16.,9.6));
#10191 = SURFACE_CURVE('',#10192,(#10196,#10202),.PCURVE_S1.);
#10192 = LINE('',#10193,#10194);
#10193 = CARTESIAN_POINT('',(25.095381662919,-16.,10.095877198703));
#10194 = VECTOR('',#10195,1.);
#10195 = DIRECTION('',(3.48994967025E-02,0.,-0.999390827019));
#10196 = PCURVE('',#5240,#10197);
#10197 = DEFINITIONAL_REPRESENTATION('',(#10198),#10201);
#10198 = B_SPLINE_CURVE_WITH_KNOTS('',1,(#10199,#10200),.UNSPECIFIED.,
  .F.,.F.,(2,2),(-5.007173035821,0.496179457822),
  .PIECEWISE_BEZIER_KNOTS.);
#10199 = CARTESIAN_POINT('',(5.5,-99.92063384406));
#10200 = CARTESIAN_POINT('',(1.110223024625E-16,-100.1126980762));
#10201 = ( GEOMETRIC_REPRESENTATION_CONTEXT(2) 
PARAMETRIC_REPRESENTATION_CONTEXT() REPRESENTATION_CONTEXT('2D SPACE',''
  ) );
#10202 = PCURVE('',#5212,#10203);
#10203 = DEFINITIONAL_REPRESENTATION('',(#10204),#10207);
#10204 = B_SPLINE_CURVE_WITH_KNOTS('',1,(#10205,#10206),.UNSPECIFIED.,
  .F.,.F.,(2,2),(-5.007173035821,0.496179457822),
  .PIECEWISE_BEZIER_KNOTS.);
#10205 = CARTESIAN_POINT('',(8.004876354391,0.5));
#10206 = CARTESIAN_POINT('',(2.501523860747,0.5));
#10207 = ( GEOMETRIC_REPRESENTATION_CONTEXT(2) 
PARAMETRIC_REPRESENTATION_CONTEXT() REPRESENTATION_CONTEXT('2D SPACE',''
  ) );
#10208 = ORIENTED_EDGE('',*,*,#10209,.T.);
#10209 = EDGE_CURVE('',#10189,#10138,#10210,.T.);
#10210 = SURFACE_CURVE('',#10211,(#10215,#10222),.PCURVE_S1.);
#10211 = LINE('',#10212,#10213);
#10212 = CARTESIAN_POINT('',(-75.,-16.,9.6));
#10213 = VECTOR('',#10214,1.);
#10214 = DIRECTION('',(1.,0.,0.));
#10215 = PCURVE('',#5240,#10216);
#10216 = DEFINITIONAL_REPRESENTATION('',(#10217),#10221);
#10217 = LINE('',#10218,#10219);
#10218 = CARTESIAN_POINT('',(0.,0.));
#10219 = VECTOR('',#10220,1.);
#10220 = DIRECTION('',(0.,-1.));
#10221 = ( GEOMETRIC_REPRESENTATION_CONTEXT(2) 
PARAMETRIC_REPRESENTATION_CONTEXT() REPRESENTATION_CONTEXT('2D SPACE',''
  ) );
#10222 = PCURVE('',#8588,#10223);
#10223 = DEFINITIONAL_REPRESENTATION('',(#10224),#10228);
#10224 = LINE('',#10225,#10226);
#10225 = CARTESIAN_POINT('',(1.570796326795,0.));
#10226 = VECTOR('',#10227,1.);
#10227 = DIRECTION('',(0.,-1.));
#10228 = ( GEOMETRIC_REPRESENTATION_CONTEXT(2) 
PARAMETRIC_REPRESENTATION_CONTEXT() REPRESENTATION_CONTEXT('2D SPACE',''
  ) );
#10229 = ORIENTED_EDGE('',*,*,#10137,.T.);
#10230 = ADVANCED_FACE('',(#10231),#5212,.F.);
#10231 = FACE_BOUND('',#10232,.F.);
#10232 = EDGE_LOOP('',(#10233,#10261,#10282,#10283,#10309,#10310,#10311)
  );
#10233 = ORIENTED_EDGE('',*,*,#10234,.F.);
#10234 = EDGE_CURVE('',#10235,#10237,#10239,.T.);
#10235 = VERTEX_POINT('',#10236);
#10236 = CARTESIAN_POINT('',(25.005528405457,-11.39404517345,
    12.668937837654));
#10237 = VERTEX_POINT('',#10238);
#10238 = CARTESIAN_POINT('',(24.90317345932,-16.,15.6));
#10239 = SURFACE_CURVE('',#10240,(#10244,#10250),.PCURVE_S1.);
#10240 = LINE('',#10241,#10242);
#10241 = CARTESIAN_POINT('',(25.013547043453,-11.03320785418,
    12.439314089028));
#10242 = VECTOR('',#10243,1.);
#10243 = DIRECTION('',(-1.87448112776E-02,-0.843513256906,0.536781163486
    ));
#10244 = PCURVE('',#5212,#10245);
#10245 = DEFINITIONAL_REPRESENTATION('',(#10246),#10249);
#10246 = B_SPLINE_CURVE_WITH_KNOTS('',1,(#10247,#10248),.UNSPECIFIED.,
  .F.,.F.,(2,2),(-0.632127414502,5.888220612003),
  .PIECEWISE_BEZIER_KNOTS.);
#10247 = CARTESIAN_POINT('',(5.003047721494,6.));
#10248 = CARTESIAN_POINT('',(8.50518112654,0.5));
#10249 = ( GEOMETRIC_REPRESENTATION_CONTEXT(2) 
PARAMETRIC_REPRESENTATION_CONTEXT() REPRESENTATION_CONTEXT('2D SPACE',''
  ) );
#10250 = PCURVE('',#10251,#10256);
#10251 = PLANE('',#10252);
#10252 = AXIS2_PLACEMENT_3D('',#10253,#10254,#10255);
#10253 = CARTESIAN_POINT('',(21.,-9.5,11.463636363636));
#10254 = DIRECTION('',(0.,-0.536875492193,-0.843661487732));
#10255 = DIRECTION('',(0.,-0.843661487732,0.536875492193));
#10256 = DEFINITIONAL_REPRESENTATION('',(#10257),#10260);
#10257 = B_SPLINE_CURVE_WITH_KNOTS('',1,(#10258,#10259),.UNSPECIFIED.,
  .F.,.F.,(2,2),(-0.632127414502,5.888220612003),
  .PIECEWISE_BEZIER_KNOTS.);
#10258 = CARTESIAN_POINT('',(1.185309528219,-4.025396152541));
#10259 = CARTESIAN_POINT('',(7.704511933421,-3.90317345932));
#10260 = ( GEOMETRIC_REPRESENTATION_CONTEXT(2) 
PARAMETRIC_REPRESENTATION_CONTEXT() REPRESENTATION_CONTEXT('2D SPACE',''
  ) );
#10261 = ORIENTED_EDGE('',*,*,#10262,.F.);
#10262 = EDGE_CURVE('',#8601,#10235,#10263,.T.);
#10263 = SURFACE_CURVE('',#10264,(#10268,#10275),.PCURVE_S1.);
#10264 = LINE('',#10265,#10266);
#10265 = CARTESIAN_POINT('',(25.20085102651,-11.1987225524,
    7.075629789309));
#10266 = VECTOR('',#10267,1.);
#10267 = DIRECTION('',(-3.487826274237E-02,-3.487826274237E-02,
    0.998782765959));
#10268 = PCURVE('',#5212,#10269);
#10269 = DEFINITIONAL_REPRESENTATION('',(#10270),#10274);
#10270 = LINE('',#10271,#10272);
#10271 = CARTESIAN_POINT('',(-2.438506541356E-02,5.301277447597));
#10272 = VECTOR('',#10273,1.);
#10273 = DIRECTION('',(0.999391568299,-3.487826274237E-02));
#10274 = ( GEOMETRIC_REPRESENTATION_CONTEXT(2) 
PARAMETRIC_REPRESENTATION_CONTEXT() REPRESENTATION_CONTEXT('2D SPACE',''
  ) );
#10275 = PCURVE('',#8639,#10276);
#10276 = DEFINITIONAL_REPRESENTATION('',(#10277),#10281);
#10277 = LINE('',#10278,#10279);
#10278 = CARTESIAN_POINT('',(0.,0.));
#10279 = VECTOR('',#10280,1.);
#10280 = DIRECTION('',(0.,1.));
#10281 = ( GEOMETRIC_REPRESENTATION_CONTEXT(2) 
PARAMETRIC_REPRESENTATION_CONTEXT() REPRESENTATION_CONTEXT('2D SPACE',''
  ) );
#10282 = ORIENTED_EDGE('',*,*,#8600,.F.);
#10283 = ORIENTED_EDGE('',*,*,#10284,.T.);
#10284 = EDGE_CURVE('',#8573,#10189,#10285,.T.);
#10285 = SURFACE_CURVE('',#10286,(#10291,#10298),.PCURVE_S1.);
#10286 = ELLIPSE('',#10287,2.001219088598,2.);
#10287 = AXIS2_PLACEMENT_3D('',#10288,#10289,#10290);
#10288 = CARTESIAN_POINT('',(25.112698076271,-14.,9.6));
#10289 = DIRECTION('',(-0.999390827019,0.,-3.48994967025E-02));
#10290 = DIRECTION('',(-3.48994967025E-02,0.,0.999390827019));
#10291 = PCURVE('',#5212,#10292);
#10292 = DEFINITIONAL_REPRESENTATION('',(#10293),#10297);
#10293 = ELLIPSE('',#10294,2.001219088598,2.);
#10294 = AXIS2_PLACEMENT_2D('',#10295,#10296);
#10295 = CARTESIAN_POINT('',(2.501523860747,2.5));
#10296 = DIRECTION('',(1.,0.));
#10297 = ( GEOMETRIC_REPRESENTATION_CONTEXT(2) 
PARAMETRIC_REPRESENTATION_CONTEXT() REPRESENTATION_CONTEXT('2D SPACE',''
  ) );
#10298 = PCURVE('',#8588,#10299);
#10299 = DEFINITIONAL_REPRESENTATION('',(#10300),#10308);
#10300 = B_SPLINE_CURVE_WITH_KNOTS('',6,(#10301,#10302,#10303,#10304,
    #10305,#10306,#10307),.UNSPECIFIED.,.F.,.F.,(7,7),(3.14159265359,
    4.712388980385),.PIECEWISE_BEZIER_KNOTS.);
#10301 = CARTESIAN_POINT('',(0.,-100.1825396152));
#10302 = CARTESIAN_POINT('',(0.261799387799,-100.1825396152));
#10303 = CARTESIAN_POINT('',(0.523598775598,-100.1767965886));
#10304 = CARTESIAN_POINT('',(0.785398163397,-100.1653019983));
#10305 = CARTESIAN_POINT('',(1.047197551197,-100.1492656239));
#10306 = CARTESIAN_POINT('',(1.308996938996,-100.1309825484));
#10307 = CARTESIAN_POINT('',(1.570796326795,-100.1126980762));
#10308 = ( GEOMETRIC_REPRESENTATION_CONTEXT(2) 
PARAMETRIC_REPRESENTATION_CONTEXT() REPRESENTATION_CONTEXT('2D SPACE',''
  ) );
#10309 = ORIENTED_EDGE('',*,*,#10188,.F.);
#10310 = ORIENTED_EDGE('',*,*,#5191,.F.);
#10311 = ORIENTED_EDGE('',*,*,#10312,.T.);
#10312 = EDGE_CURVE('',#5166,#10237,#10313,.T.);
#10313 = SURFACE_CURVE('',#10314,(#10318,#10325),.PCURVE_S1.);
#10314 = LINE('',#10315,#10316);
#10315 = CARTESIAN_POINT('',(24.90317345932,-16.5,15.6));
#10316 = VECTOR('',#10317,1.);
#10317 = DIRECTION('',(0.,1.,0.));
#10318 = PCURVE('',#5212,#10319);
#10319 = DEFINITIONAL_REPRESENTATION('',(#10320),#10324);
#10320 = LINE('',#10321,#10322);
#10321 = CARTESIAN_POINT('',(8.50518112654,0.));
#10322 = VECTOR('',#10323,1.);
#10323 = DIRECTION('',(0.,1.));
#10324 = ( GEOMETRIC_REPRESENTATION_CONTEXT(2) 
PARAMETRIC_REPRESENTATION_CONTEXT() REPRESENTATION_CONTEXT('2D SPACE',''
  ) );
#10325 = PCURVE('',#5180,#10326);
#10326 = DEFINITIONAL_REPRESENTATION('',(#10327),#10331);
#10327 = LINE('',#10328,#10329);
#10328 = CARTESIAN_POINT('',(0.90317345932,-3.));
#10329 = VECTOR('',#10330,1.);
#10330 = DIRECTION('',(0.,1.));
#10331 = ( GEOMETRIC_REPRESENTATION_CONTEXT(2) 
PARAMETRIC_REPRESENTATION_CONTEXT() REPRESENTATION_CONTEXT('2D SPACE',''
  ) );
#10332 = ADVANCED_FACE('',(#10333),#5180,.T.);
#10333 = FACE_BOUND('',#10334,.T.);
#10334 = EDGE_LOOP('',(#10335,#10356,#10377,#10378));
#10335 = ORIENTED_EDGE('',*,*,#10336,.F.);
#10336 = EDGE_CURVE('',#10337,#10237,#10339,.T.);
#10337 = VERTEX_POINT('',#10338);
#10338 = CARTESIAN_POINT('',(23.09682654068,-16.,15.6));
#10339 = SURFACE_CURVE('',#10340,(#10344,#10350),.PCURVE_S1.);
#10340 = LINE('',#10341,#10342);
#10341 = CARTESIAN_POINT('',(22.5,-16.,15.6));
#10342 = VECTOR('',#10343,1.);
#10343 = DIRECTION('',(1.,0.,-0.));
#10344 = PCURVE('',#5180,#10345);
#10345 = DEFINITIONAL_REPRESENTATION('',(#10346),#10349);
#10346 = B_SPLINE_CURVE_WITH_KNOTS('',1,(#10347,#10348),.UNSPECIFIED.,
  .F.,.F.,(2,2),(0.59682654068,2.40317345932),.PIECEWISE_BEZIER_KNOTS.);
#10347 = CARTESIAN_POINT('',(-0.90317345932,-2.5));
#10348 = CARTESIAN_POINT('',(0.90317345932,-2.5));
#10349 = ( GEOMETRIC_REPRESENTATION_CONTEXT(2) 
PARAMETRIC_REPRESENTATION_CONTEXT() REPRESENTATION_CONTEXT('2D SPACE',''
  ) );
#10350 = PCURVE('',#10251,#10351);
#10351 = DEFINITIONAL_REPRESENTATION('',(#10352),#10355);
#10352 = B_SPLINE_CURVE_WITH_KNOTS('',1,(#10353,#10354),.UNSPECIFIED.,
  .F.,.F.,(2,2),(0.59682654068,2.40317345932),.PIECEWISE_BEZIER_KNOTS.);
#10353 = CARTESIAN_POINT('',(7.704511933421,-2.09682654068));
#10354 = CARTESIAN_POINT('',(7.704511933421,-3.90317345932));
#10355 = ( GEOMETRIC_REPRESENTATION_CONTEXT(2) 
PARAMETRIC_REPRESENTATION_CONTEXT() REPRESENTATION_CONTEXT('2D SPACE',''
  ) );
#10356 = ORIENTED_EDGE('',*,*,#10357,.T.);
#10357 = EDGE_CURVE('',#10337,#5133,#10358,.T.);
#10358 = SURFACE_CURVE('',#10359,(#10363,#10370),.PCURVE_S1.);
#10359 = LINE('',#10360,#10361);
#10360 = CARTESIAN_POINT('',(23.09682654068,-10.5,15.6));
#10361 = VECTOR('',#10362,1.);
#10362 = DIRECTION('',(0.,-1.,0.));
#10363 = PCURVE('',#5180,#10364);
#10364 = DEFINITIONAL_REPRESENTATION('',(#10365),#10369);
#10365 = LINE('',#10366,#10367);
#10366 = CARTESIAN_POINT('',(-0.90317345932,3.));
#10367 = VECTOR('',#10368,1.);
#10368 = DIRECTION('',(0.,-1.));
#10369 = ( GEOMETRIC_REPRESENTATION_CONTEXT(2) 
PARAMETRIC_REPRESENTATION_CONTEXT() REPRESENTATION_CONTEXT('2D SPACE',''
  ) );
#10370 = PCURVE('',#5153,#10371);
#10371 = DEFINITIONAL_REPRESENTATION('',(#10372),#10376);
#10372 = LINE('',#10373,#10374);
#10373 = CARTESIAN_POINT('',(8.50518112654,0.));
#10374 = VECTOR('',#10375,1.);
#10375 = DIRECTION('',(0.,1.));
#10376 = ( GEOMETRIC_REPRESENTATION_CONTEXT(2) 
PARAMETRIC_REPRESENTATION_CONTEXT() REPRESENTATION_CONTEXT('2D SPACE',''
  ) );
#10377 = ORIENTED_EDGE('',*,*,#5165,.F.);
#10378 = ORIENTED_EDGE('',*,*,#10312,.T.);
#10379 = ADVANCED_FACE('',(#10380),#5153,.F.);
#10380 = FACE_BOUND('',#10381,.F.);
#10381 = EDGE_LOOP('',(#10382,#10383,#10406,#10425,#10426,#10427,#10448)
  );
#10382 = ORIENTED_EDGE('',*,*,#8715,.F.);
#10383 = ORIENTED_EDGE('',*,*,#10384,.T.);
#10384 = EDGE_CURVE('',#8683,#10385,#10387,.T.);
#10385 = VERTEX_POINT('',#10386);
#10386 = CARTESIAN_POINT('',(22.994471594543,-11.39404517345,
    12.668937837654));
#10387 = SURFACE_CURVE('',#10388,(#10392,#10399),.PCURVE_S1.);
#10388 = LINE('',#10389,#10390);
#10389 = CARTESIAN_POINT('',(22.79914897349,-11.1987225524,
    7.075629789309));
#10390 = VECTOR('',#10391,1.);
#10391 = DIRECTION('',(3.487826274237E-02,-3.487826274237E-02,
    0.998782765959));
#10392 = PCURVE('',#5153,#10393);
#10393 = DEFINITIONAL_REPRESENTATION('',(#10394),#10398);
#10394 = LINE('',#10395,#10396);
#10395 = CARTESIAN_POINT('',(-2.438506541356E-02,0.698722552403));
#10396 = VECTOR('',#10397,1.);
#10397 = DIRECTION('',(0.999391568299,3.487826274237E-02));
#10398 = ( GEOMETRIC_REPRESENTATION_CONTEXT(2) 
PARAMETRIC_REPRESENTATION_CONTEXT() REPRESENTATION_CONTEXT('2D SPACE',''
  ) );
#10399 = PCURVE('',#8699,#10400);
#10400 = DEFINITIONAL_REPRESENTATION('',(#10401),#10405);
#10401 = LINE('',#10402,#10403);
#10402 = CARTESIAN_POINT('',(1.569578351624,0.));
#10403 = VECTOR('',#10404,1.);
#10404 = DIRECTION('',(0.,1.));
#10405 = ( GEOMETRIC_REPRESENTATION_CONTEXT(2) 
PARAMETRIC_REPRESENTATION_CONTEXT() REPRESENTATION_CONTEXT('2D SPACE',''
  ) );
#10406 = ORIENTED_EDGE('',*,*,#10407,.F.);
#10407 = EDGE_CURVE('',#10337,#10385,#10408,.T.);
#10408 = SURFACE_CURVE('',#10409,(#10413,#10419),.PCURVE_S1.);
#10409 = LINE('',#10410,#10411);
#10410 = CARTESIAN_POINT('',(22.937964362265,-8.851229520023,
    11.050782421833));
#10411 = VECTOR('',#10412,1.);
#10412 = DIRECTION('',(-1.87448112776E-02,0.843513256906,-0.536781163486
    ));
#10413 = PCURVE('',#5153,#10414);
#10414 = DEFINITIONAL_REPRESENTATION('',(#10415),#10418);
#10415 = B_SPLINE_CURVE_WITH_KNOTS('',1,(#10416,#10417),.UNSPECIFIED.,
  .F.,.F.,(2,2),(-8.474994816555,-1.95464679005),
  .PIECEWISE_BEZIER_KNOTS.);
#10416 = CARTESIAN_POINT('',(8.50518112654,5.5));
#10417 = CARTESIAN_POINT('',(5.003047721494,-4.440892098501E-16));
#10418 = ( GEOMETRIC_REPRESENTATION_CONTEXT(2) 
PARAMETRIC_REPRESENTATION_CONTEXT() REPRESENTATION_CONTEXT('2D SPACE',''
  ) );
#10419 = PCURVE('',#10251,#10420);
#10420 = DEFINITIONAL_REPRESENTATION('',(#10421),#10424);
#10421 = B_SPLINE_CURVE_WITH_KNOTS('',1,(#10422,#10423),.UNSPECIFIED.,
  .F.,.F.,(2,2),(-8.474994816555,-1.95464679005),
  .PIECEWISE_BEZIER_KNOTS.);
#10422 = CARTESIAN_POINT('',(7.704511933421,-2.09682654068));
#10423 = CARTESIAN_POINT('',(1.185309528219,-1.974603847459));
#10424 = ( GEOMETRIC_REPRESENTATION_CONTEXT(2) 
PARAMETRIC_REPRESENTATION_CONTEXT() REPRESENTATION_CONTEXT('2D SPACE',''
  ) );
#10425 = ORIENTED_EDGE('',*,*,#10357,.T.);
#10426 = ORIENTED_EDGE('',*,*,#5132,.F.);
#10427 = ORIENTED_EDGE('',*,*,#10428,.F.);
#10428 = EDGE_CURVE('',#10429,#5105,#10431,.T.);
#10429 = VERTEX_POINT('',#10430);
#10430 = CARTESIAN_POINT('',(22.887301923729,-16.,9.6));
#10431 = SURFACE_CURVE('',#10432,(#10436,#10442),.PCURVE_S1.);
#10432 = LINE('',#10433,#10434);
#10433 = CARTESIAN_POINT('',(22.784038824943,-16.,6.642931748369));
#10434 = VECTOR('',#10435,1.);
#10435 = DIRECTION('',(3.48994967025E-02,0.,0.999390827019));
#10436 = PCURVE('',#5153,#10437);
#10437 = DEFINITIONAL_REPRESENTATION('',(#10438),#10441);
#10438 = B_SPLINE_CURVE_WITH_KNOTS('',1,(#10439,#10440),.UNSPECIFIED.,
  .F.,.F.,(2,2),(2.958870715725,8.462223209369),
  .PIECEWISE_BEZIER_KNOTS.);
#10439 = CARTESIAN_POINT('',(2.501523860747,5.5));
#10440 = CARTESIAN_POINT('',(8.004876354391,5.5));
#10441 = ( GEOMETRIC_REPRESENTATION_CONTEXT(2) 
PARAMETRIC_REPRESENTATION_CONTEXT() REPRESENTATION_CONTEXT('2D SPACE',''
  ) );
#10442 = PCURVE('',#5120,#10443);
#10443 = DEFINITIONAL_REPRESENTATION('',(#10444),#10447);
#10444 = B_SPLINE_CURVE_WITH_KNOTS('',1,(#10445,#10446),.UNSPECIFIED.,
  .F.,.F.,(2,2),(2.958870715725,8.462223209369),
  .PIECEWISE_BEZIER_KNOTS.);
#10445 = CARTESIAN_POINT('',(4.440892098501E-16,-97.88730192372));
#10446 = CARTESIAN_POINT('',(5.5,-98.07936615593));
#10447 = ( GEOMETRIC_REPRESENTATION_CONTEXT(2) 
PARAMETRIC_REPRESENTATION_CONTEXT() REPRESENTATION_CONTEXT('2D SPACE',''
  ) );
#10448 = ORIENTED_EDGE('',*,*,#10449,.T.);
#10449 = EDGE_CURVE('',#10429,#8716,#10450,.T.);
#10450 = SURFACE_CURVE('',#10451,(#10456,#10463),.PCURVE_S1.);
#10451 = ELLIPSE('',#10452,2.001219088598,2.);
#10452 = AXIS2_PLACEMENT_3D('',#10453,#10454,#10455);
#10453 = CARTESIAN_POINT('',(22.887301923729,-14.,9.6));
#10454 = DIRECTION('',(0.999390827019,0.,-3.48994967025E-02));
#10455 = DIRECTION('',(-3.48994967025E-02,0.,-0.999390827019));
#10456 = PCURVE('',#5153,#10457);
#10457 = DEFINITIONAL_REPRESENTATION('',(#10458),#10462);
#10458 = ELLIPSE('',#10459,2.001219088598,2.);
#10459 = AXIS2_PLACEMENT_2D('',#10460,#10461);
#10460 = CARTESIAN_POINT('',(2.501523860747,3.5));
#10461 = DIRECTION('',(-1.,-0.));
#10462 = ( GEOMETRIC_REPRESENTATION_CONTEXT(2) 
PARAMETRIC_REPRESENTATION_CONTEXT() REPRESENTATION_CONTEXT('2D SPACE',''
  ) );
#10463 = PCURVE('',#8753,#10464);
#10464 = DEFINITIONAL_REPRESENTATION('',(#10465),#10473);
#10465 = B_SPLINE_CURVE_WITH_KNOTS('',6,(#10466,#10467,#10468,#10469,
    #10470,#10471,#10472),.UNSPECIFIED.,.F.,.F.,(7,7),(4.712388980385,
    6.28318530718),.PIECEWISE_BEZIER_KNOTS.);
#10466 = CARTESIAN_POINT('',(1.570796326795,-97.88730192372));
#10467 = CARTESIAN_POINT('',(1.308996938996,-97.86901745158));
#10468 = CARTESIAN_POINT('',(1.047197551197,-97.85073437607));
#10469 = CARTESIAN_POINT('',(0.785398163397,-97.83469800162));
#10470 = CARTESIAN_POINT('',(0.523598775598,-97.82320341132));
#10471 = CARTESIAN_POINT('',(0.261799387799,-97.81746038474));
#10472 = CARTESIAN_POINT('',(0.,-97.81746038474));
#10473 = ( GEOMETRIC_REPRESENTATION_CONTEXT(2) 
PARAMETRIC_REPRESENTATION_CONTEXT() REPRESENTATION_CONTEXT('2D SPACE',''
  ) );
#10474 = ADVANCED_FACE('',(#10475),#5120,.F.);
#10475 = FACE_BOUND('',#10476,.F.);
#10476 = EDGE_LOOP('',(#10477,#10478,#10499,#10520));
#10477 = ORIENTED_EDGE('',*,*,#5104,.F.);
#10478 = ORIENTED_EDGE('',*,*,#10479,.T.);
#10479 = EDGE_CURVE('',#5072,#10480,#10482,.T.);
#10480 = VERTEX_POINT('',#10481);
#10481 = CARTESIAN_POINT('',(1.112698076271,-16.,9.6));
#10482 = SURFACE_CURVE('',#10483,(#10487,#10493),.PCURVE_S1.);
#10483 = LINE('',#10484,#10485);
#10484 = CARTESIAN_POINT('',(1.10999736136,-16.,9.677338356238));
#10485 = VECTOR('',#10486,1.);
#10486 = DIRECTION('',(3.48994967025E-02,0.,-0.999390827019));
#10487 = PCURVE('',#5120,#10488);
#10488 = DEFINITIONAL_REPRESENTATION('',(#10489),#10492);
#10489 = B_SPLINE_CURVE_WITH_KNOTS('',1,(#10490,#10491),.UNSPECIFIED.,
  .F.,.F.,(2,2),(-5.425966996251,7.73854973921E-02),
  .PIECEWISE_BEZIER_KNOTS.);
#10490 = CARTESIAN_POINT('',(5.5,-75.92063384406));
#10491 = CARTESIAN_POINT('',(-2.775557561563E-17,-76.11269807627));
#10492 = ( GEOMETRIC_REPRESENTATION_CONTEXT(2) 
PARAMETRIC_REPRESENTATION_CONTEXT() REPRESENTATION_CONTEXT('2D SPACE',''
  ) );
#10493 = PCURVE('',#5092,#10494);
#10494 = DEFINITIONAL_REPRESENTATION('',(#10495),#10498);
#10495 = B_SPLINE_CURVE_WITH_KNOTS('',1,(#10496,#10497),.UNSPECIFIED.,
  .F.,.F.,(2,2),(-5.425966996251,7.73854973921E-02),
  .PIECEWISE_BEZIER_KNOTS.);
#10496 = CARTESIAN_POINT('',(8.004876354391,0.5));
#10497 = CARTESIAN_POINT('',(2.501523860747,0.5));
#10498 = ( GEOMETRIC_REPRESENTATION_CONTEXT(2) 
PARAMETRIC_REPRESENTATION_CONTEXT() REPRESENTATION_CONTEXT('2D SPACE',''
  ) );
#10499 = ORIENTED_EDGE('',*,*,#10500,.T.);
#10500 = EDGE_CURVE('',#10480,#10429,#10501,.T.);
#10501 = SURFACE_CURVE('',#10502,(#10506,#10513),.PCURVE_S1.);
#10502 = LINE('',#10503,#10504);
#10503 = CARTESIAN_POINT('',(-75.,-16.,9.6));
#10504 = VECTOR('',#10505,1.);
#10505 = DIRECTION('',(1.,0.,0.));
#10506 = PCURVE('',#5120,#10507);
#10507 = DEFINITIONAL_REPRESENTATION('',(#10508),#10512);
#10508 = LINE('',#10509,#10510);
#10509 = CARTESIAN_POINT('',(0.,0.));
#10510 = VECTOR('',#10511,1.);
#10511 = DIRECTION('',(0.,-1.));
#10512 = ( GEOMETRIC_REPRESENTATION_CONTEXT(2) 
PARAMETRIC_REPRESENTATION_CONTEXT() REPRESENTATION_CONTEXT('2D SPACE',''
  ) );
#10513 = PCURVE('',#8753,#10514);
#10514 = DEFINITIONAL_REPRESENTATION('',(#10515),#10519);
#10515 = LINE('',#10516,#10517);
#10516 = CARTESIAN_POINT('',(1.570796326795,0.));
#10517 = VECTOR('',#10518,1.);
#10518 = DIRECTION('',(0.,-1.));
#10519 = ( GEOMETRIC_REPRESENTATION_CONTEXT(2) 
PARAMETRIC_REPRESENTATION_CONTEXT() REPRESENTATION_CONTEXT('2D SPACE',''
  ) );
#10520 = ORIENTED_EDGE('',*,*,#10428,.T.);
#10521 = ADVANCED_FACE('',(#10522),#5092,.F.);
#10522 = FACE_BOUND('',#10523,.F.);
#10523 = EDGE_LOOP('',(#10524,#10552,#10573,#10574,#10600,#10601,#10602)
  );
#10524 = ORIENTED_EDGE('',*,*,#10525,.F.);
#10525 = EDGE_CURVE('',#10526,#10528,#10530,.T.);
#10526 = VERTEX_POINT('',#10527);
#10527 = CARTESIAN_POINT('',(1.005528405457,-11.39404517345,
    12.668937837654));
#10528 = VERTEX_POINT('',#10529);
#10529 = CARTESIAN_POINT('',(0.90317345932,-16.,15.6));
#10530 = SURFACE_CURVE('',#10531,(#10535,#10541),.PCURVE_S1.);
#10531 = LINE('',#10532,#10533);
#10532 = CARTESIAN_POINT('',(1.013547043453,-11.03320785418,
    12.439314089028));
#10533 = VECTOR('',#10534,1.);
#10534 = DIRECTION('',(-1.87448112776E-02,-0.843513256906,0.536781163486
    ));
#10535 = PCURVE('',#5092,#10536);
#10536 = DEFINITIONAL_REPRESENTATION('',(#10537),#10540);
#10537 = B_SPLINE_CURVE_WITH_KNOTS('',1,(#10538,#10539),.UNSPECIFIED.,
  .F.,.F.,(2,2),(-0.632127414502,5.888220612003),
  .PIECEWISE_BEZIER_KNOTS.);
#10538 = CARTESIAN_POINT('',(5.003047721494,6.));
#10539 = CARTESIAN_POINT('',(8.50518112654,0.5));
#10540 = ( GEOMETRIC_REPRESENTATION_CONTEXT(2) 
PARAMETRIC_REPRESENTATION_CONTEXT() REPRESENTATION_CONTEXT('2D SPACE',''
  ) );
#10541 = PCURVE('',#10542,#10547);
#10542 = PLANE('',#10543);
#10543 = AXIS2_PLACEMENT_3D('',#10544,#10545,#10546);
#10544 = CARTESIAN_POINT('',(-3.,-9.5,11.463636363636));
#10545 = DIRECTION('',(0.,-0.536875492193,-0.843661487732));
#10546 = DIRECTION('',(0.,-0.843661487732,0.536875492193));
#10547 = DEFINITIONAL_REPRESENTATION('',(#10548),#10551);
#10548 = B_SPLINE_CURVE_WITH_KNOTS('',1,(#10549,#10550),.UNSPECIFIED.,
  .F.,.F.,(2,2),(-0.632127414502,5.888220612003),
  .PIECEWISE_BEZIER_KNOTS.);
#10549 = CARTESIAN_POINT('',(1.185309528219,-4.025396152541));
#10550 = CARTESIAN_POINT('',(7.704511933421,-3.90317345932));
#10551 = ( GEOMETRIC_REPRESENTATION_CONTEXT(2) 
PARAMETRIC_REPRESENTATION_CONTEXT() REPRESENTATION_CONTEXT('2D SPACE',''
  ) );
#10552 = ORIENTED_EDGE('',*,*,#10553,.F.);
#10553 = EDGE_CURVE('',#8766,#10526,#10554,.T.);
#10554 = SURFACE_CURVE('',#10555,(#10559,#10566),.PCURVE_S1.);
#10555 = LINE('',#10556,#10557);
#10556 = CARTESIAN_POINT('',(1.20085102651,-11.1987225524,7.075629789309
    ));
#10557 = VECTOR('',#10558,1.);
#10558 = DIRECTION('',(-3.487826274237E-02,-3.487826274237E-02,
    0.998782765959));
#10559 = PCURVE('',#5092,#10560);
#10560 = DEFINITIONAL_REPRESENTATION('',(#10561),#10565);
#10561 = LINE('',#10562,#10563);
#10562 = CARTESIAN_POINT('',(-2.438506541356E-02,5.301277447597));
#10563 = VECTOR('',#10564,1.);
#10564 = DIRECTION('',(0.999391568299,-3.487826274237E-02));
#10565 = ( GEOMETRIC_REPRESENTATION_CONTEXT(2) 
PARAMETRIC_REPRESENTATION_CONTEXT() REPRESENTATION_CONTEXT('2D SPACE',''
  ) );
#10566 = PCURVE('',#8804,#10567);
#10567 = DEFINITIONAL_REPRESENTATION('',(#10568),#10572);
#10568 = LINE('',#10569,#10570);
#10569 = CARTESIAN_POINT('',(0.,0.));
#10570 = VECTOR('',#10571,1.);
#10571 = DIRECTION('',(0.,1.));
#10572 = ( GEOMETRIC_REPRESENTATION_CONTEXT(2) 
PARAMETRIC_REPRESENTATION_CONTEXT() REPRESENTATION_CONTEXT('2D SPACE',''
  ) );
#10573 = ORIENTED_EDGE('',*,*,#8765,.F.);
#10574 = ORIENTED_EDGE('',*,*,#10575,.T.);
#10575 = EDGE_CURVE('',#8738,#10480,#10576,.T.);
#10576 = SURFACE_CURVE('',#10577,(#10582,#10589),.PCURVE_S1.);
#10577 = ELLIPSE('',#10578,2.001219088598,2.);
#10578 = AXIS2_PLACEMENT_3D('',#10579,#10580,#10581);
#10579 = CARTESIAN_POINT('',(1.112698076271,-14.,9.6));
#10580 = DIRECTION('',(-0.999390827019,0.,-3.48994967025E-02));
#10581 = DIRECTION('',(-3.48994967025E-02,0.,0.999390827019));
#10582 = PCURVE('',#5092,#10583);
#10583 = DEFINITIONAL_REPRESENTATION('',(#10584),#10588);
#10584 = ELLIPSE('',#10585,2.001219088598,2.);
#10585 = AXIS2_PLACEMENT_2D('',#10586,#10587);
#10586 = CARTESIAN_POINT('',(2.501523860747,2.5));
#10587 = DIRECTION('',(1.,0.));
#10588 = ( GEOMETRIC_REPRESENTATION_CONTEXT(2) 
PARAMETRIC_REPRESENTATION_CONTEXT() REPRESENTATION_CONTEXT('2D SPACE',''
  ) );
#10589 = PCURVE('',#8753,#10590);
#10590 = DEFINITIONAL_REPRESENTATION('',(#10591),#10599);
#10591 = B_SPLINE_CURVE_WITH_KNOTS('',6,(#10592,#10593,#10594,#10595,
    #10596,#10597,#10598),.UNSPECIFIED.,.F.,.F.,(7,7),(3.14159265359,
    4.712388980385),.PIECEWISE_BEZIER_KNOTS.);
#10592 = CARTESIAN_POINT('',(0.,-76.18253961525));
#10593 = CARTESIAN_POINT('',(0.261799387799,-76.18253961525));
#10594 = CARTESIAN_POINT('',(0.523598775598,-76.17679658867));
#10595 = CARTESIAN_POINT('',(0.785398163397,-76.16530199837));
#10596 = CARTESIAN_POINT('',(1.047197551197,-76.14926562392));
#10597 = CARTESIAN_POINT('',(1.308996938996,-76.13098254841));
#10598 = CARTESIAN_POINT('',(1.570796326795,-76.11269807627));
#10599 = ( GEOMETRIC_REPRESENTATION_CONTEXT(2) 
PARAMETRIC_REPRESENTATION_CONTEXT() REPRESENTATION_CONTEXT('2D SPACE',''
  ) );
#10600 = ORIENTED_EDGE('',*,*,#10479,.F.);
#10601 = ORIENTED_EDGE('',*,*,#5071,.F.);
#10602 = ORIENTED_EDGE('',*,*,#10603,.T.);
#10603 = EDGE_CURVE('',#5046,#10528,#10604,.T.);
#10604 = SURFACE_CURVE('',#10605,(#10609,#10616),.PCURVE_S1.);
#10605 = LINE('',#10606,#10607);
#10606 = CARTESIAN_POINT('',(0.90317345932,-16.5,15.6));
#10607 = VECTOR('',#10608,1.);
#10608 = DIRECTION('',(0.,1.,0.));
#10609 = PCURVE('',#5092,#10610);
#10610 = DEFINITIONAL_REPRESENTATION('',(#10611),#10615);
#10611 = LINE('',#10612,#10613);
#10612 = CARTESIAN_POINT('',(8.50518112654,0.));
#10613 = VECTOR('',#10614,1.);
#10614 = DIRECTION('',(0.,1.));
#10615 = ( GEOMETRIC_REPRESENTATION_CONTEXT(2) 
PARAMETRIC_REPRESENTATION_CONTEXT() REPRESENTATION_CONTEXT('2D SPACE',''
  ) );
#10616 = PCURVE('',#5060,#10617);
#10617 = DEFINITIONAL_REPRESENTATION('',(#10618),#10622);
#10618 = LINE('',#10619,#10620);
#10619 = CARTESIAN_POINT('',(0.90317345932,-3.));
#10620 = VECTOR('',#10621,1.);
#10621 = DIRECTION('',(0.,1.));
#10622 = ( GEOMETRIC_REPRESENTATION_CONTEXT(2) 
PARAMETRIC_REPRESENTATION_CONTEXT() REPRESENTATION_CONTEXT('2D SPACE',''
  ) );
#10623 = ADVANCED_FACE('',(#10624),#5060,.T.);
#10624 = FACE_BOUND('',#10625,.T.);
#10625 = EDGE_LOOP('',(#10626,#10647,#10668,#10669));
#10626 = ORIENTED_EDGE('',*,*,#10627,.F.);
#10627 = EDGE_CURVE('',#10628,#10528,#10630,.T.);
#10628 = VERTEX_POINT('',#10629);
#10629 = CARTESIAN_POINT('',(-0.90317345932,-16.,15.6));
#10630 = SURFACE_CURVE('',#10631,(#10635,#10641),.PCURVE_S1.);
#10631 = LINE('',#10632,#10633);
#10632 = CARTESIAN_POINT('',(-1.5,-16.,15.6));
#10633 = VECTOR('',#10634,1.);
#10634 = DIRECTION('',(1.,0.,-0.));
#10635 = PCURVE('',#5060,#10636);
#10636 = DEFINITIONAL_REPRESENTATION('',(#10637),#10640);
#10637 = B_SPLINE_CURVE_WITH_KNOTS('',1,(#10638,#10639),.UNSPECIFIED.,
  .F.,.F.,(2,2),(0.59682654068,2.40317345932),.PIECEWISE_BEZIER_KNOTS.);
#10638 = CARTESIAN_POINT('',(-0.90317345932,-2.5));
#10639 = CARTESIAN_POINT('',(0.90317345932,-2.5));
#10640 = ( GEOMETRIC_REPRESENTATION_CONTEXT(2) 
PARAMETRIC_REPRESENTATION_CONTEXT() REPRESENTATION_CONTEXT('2D SPACE',''
  ) );
#10641 = PCURVE('',#10542,#10642);
#10642 = DEFINITIONAL_REPRESENTATION('',(#10643),#10646);
#10643 = B_SPLINE_CURVE_WITH_KNOTS('',1,(#10644,#10645),.UNSPECIFIED.,
  .F.,.F.,(2,2),(0.59682654068,2.40317345932),.PIECEWISE_BEZIER_KNOTS.);
#10644 = CARTESIAN_POINT('',(7.704511933421,-2.09682654068));
#10645 = CARTESIAN_POINT('',(7.704511933421,-3.90317345932));
#10646 = ( GEOMETRIC_REPRESENTATION_CONTEXT(2) 
PARAMETRIC_REPRESENTATION_CONTEXT() REPRESENTATION_CONTEXT('2D SPACE',''
  ) );
#10647 = ORIENTED_EDGE('',*,*,#10648,.T.);
#10648 = EDGE_CURVE('',#10628,#5013,#10649,.T.);
#10649 = SURFACE_CURVE('',#10650,(#10654,#10661),.PCURVE_S1.);
#10650 = LINE('',#10651,#10652);
#10651 = CARTESIAN_POINT('',(-0.90317345932,-10.5,15.6));
#10652 = VECTOR('',#10653,1.);
#10653 = DIRECTION('',(0.,-1.,0.));
#10654 = PCURVE('',#5060,#10655);
#10655 = DEFINITIONAL_REPRESENTATION('',(#10656),#10660);
#10656 = LINE('',#10657,#10658);
#10657 = CARTESIAN_POINT('',(-0.90317345932,3.));
#10658 = VECTOR('',#10659,1.);
#10659 = DIRECTION('',(0.,-1.));
#10660 = ( GEOMETRIC_REPRESENTATION_CONTEXT(2) 
PARAMETRIC_REPRESENTATION_CONTEXT() REPRESENTATION_CONTEXT('2D SPACE',''
  ) );
#10661 = PCURVE('',#5033,#10662);
#10662 = DEFINITIONAL_REPRESENTATION('',(#10663),#10667);
#10663 = LINE('',#10664,#10665);
#10664 = CARTESIAN_POINT('',(8.50518112654,0.));
#10665 = VECTOR('',#10666,1.);
#10666 = DIRECTION('',(0.,1.));
#10667 = ( GEOMETRIC_REPRESENTATION_CONTEXT(2) 
PARAMETRIC_REPRESENTATION_CONTEXT() REPRESENTATION_CONTEXT('2D SPACE',''
  ) );
#10668 = ORIENTED_EDGE('',*,*,#5045,.F.);
#10669 = ORIENTED_EDGE('',*,*,#10603,.T.);
#10670 = ADVANCED_FACE('',(#10671),#5033,.F.);
#10671 = FACE_BOUND('',#10672,.F.);
#10672 = EDGE_LOOP('',(#10673,#10674,#10697,#10716,#10717,#10718,#10739)
  );
#10673 = ORIENTED_EDGE('',*,*,#8880,.F.);
#10674 = ORIENTED_EDGE('',*,*,#10675,.T.);
#10675 = EDGE_CURVE('',#8848,#10676,#10678,.T.);
#10676 = VERTEX_POINT('',#10677);
#10677 = CARTESIAN_POINT('',(-1.005528405457,-11.39404517345,
    12.668937837654));
#10678 = SURFACE_CURVE('',#10679,(#10683,#10690),.PCURVE_S1.);
#10679 = LINE('',#10680,#10681);
#10680 = CARTESIAN_POINT('',(-1.20085102651,-11.1987225524,
    7.075629789309));
#10681 = VECTOR('',#10682,1.);
#10682 = DIRECTION('',(3.487826274237E-02,-3.487826274237E-02,
    0.998782765959));
#10683 = PCURVE('',#5033,#10684);
#10684 = DEFINITIONAL_REPRESENTATION('',(#10685),#10689);
#10685 = LINE('',#10686,#10687);
#10686 = CARTESIAN_POINT('',(-2.438506541356E-02,0.698722552403));
#10687 = VECTOR('',#10688,1.);
#10688 = DIRECTION('',(0.999391568299,3.487826274237E-02));
#10689 = ( GEOMETRIC_REPRESENTATION_CONTEXT(2) 
PARAMETRIC_REPRESENTATION_CONTEXT() REPRESENTATION_CONTEXT('2D SPACE',''
  ) );
#10690 = PCURVE('',#8864,#10691);
#10691 = DEFINITIONAL_REPRESENTATION('',(#10692),#10696);
#10692 = LINE('',#10693,#10694);
#10693 = CARTESIAN_POINT('',(1.569578351624,0.));
#10694 = VECTOR('',#10695,1.);
#10695 = DIRECTION('',(0.,1.));
#10696 = ( GEOMETRIC_REPRESENTATION_CONTEXT(2) 
PARAMETRIC_REPRESENTATION_CONTEXT() REPRESENTATION_CONTEXT('2D SPACE',''
  ) );
#10697 = ORIENTED_EDGE('',*,*,#10698,.F.);
#10698 = EDGE_CURVE('',#10628,#10676,#10699,.T.);
#10699 = SURFACE_CURVE('',#10700,(#10704,#10710),.PCURVE_S1.);
#10700 = LINE('',#10701,#10702);
#10701 = CARTESIAN_POINT('',(-1.062035637735,-8.851229520023,
    11.050782421833));
#10702 = VECTOR('',#10703,1.);
#10703 = DIRECTION('',(-1.87448112776E-02,0.843513256906,-0.536781163486
    ));
#10704 = PCURVE('',#5033,#10705);
#10705 = DEFINITIONAL_REPRESENTATION('',(#10706),#10709);
#10706 = B_SPLINE_CURVE_WITH_KNOTS('',1,(#10707,#10708),.UNSPECIFIED.,
  .F.,.F.,(2,2),(-8.474994816555,-1.95464679005),
  .PIECEWISE_BEZIER_KNOTS.);
#10707 = CARTESIAN_POINT('',(8.50518112654,5.5));
#10708 = CARTESIAN_POINT('',(5.003047721494,0.));
#10709 = ( GEOMETRIC_REPRESENTATION_CONTEXT(2) 
PARAMETRIC_REPRESENTATION_CONTEXT() REPRESENTATION_CONTEXT('2D SPACE',''
  ) );
#10710 = PCURVE('',#10542,#10711);
#10711 = DEFINITIONAL_REPRESENTATION('',(#10712),#10715);
#10712 = B_SPLINE_CURVE_WITH_KNOTS('',1,(#10713,#10714),.UNSPECIFIED.,
  .F.,.F.,(2,2),(-8.474994816555,-1.95464679005),
  .PIECEWISE_BEZIER_KNOTS.);
#10713 = CARTESIAN_POINT('',(7.704511933421,-2.09682654068));
#10714 = CARTESIAN_POINT('',(1.185309528219,-1.974603847459));
#10715 = ( GEOMETRIC_REPRESENTATION_CONTEXT(2) 
PARAMETRIC_REPRESENTATION_CONTEXT() REPRESENTATION_CONTEXT('2D SPACE',''
  ) );
#10716 = ORIENTED_EDGE('',*,*,#10648,.T.);
#10717 = ORIENTED_EDGE('',*,*,#5012,.F.);
#10718 = ORIENTED_EDGE('',*,*,#10719,.F.);
#10719 = EDGE_CURVE('',#10720,#4985,#10722,.T.);
#10720 = VERTEX_POINT('',#10721);
#10721 = CARTESIAN_POINT('',(-1.112698076271,-16.,9.6));
#10722 = SURFACE_CURVE('',#10723,(#10727,#10733),.PCURVE_S1.);
#10723 = LINE('',#10724,#10725);
#10724 = CARTESIAN_POINT('',(-1.201345476616,-16.,7.061470590833));
#10725 = VECTOR('',#10726,1.);
#10726 = DIRECTION('',(3.48994967025E-02,0.,0.999390827019));
#10727 = PCURVE('',#5033,#10728);
#10728 = DEFINITIONAL_REPRESENTATION('',(#10729),#10732);
#10729 = B_SPLINE_CURVE_WITH_KNOTS('',1,(#10730,#10731),.UNSPECIFIED.,
  .F.,.F.,(2,2),(2.540076755295,8.043429248939),
  .PIECEWISE_BEZIER_KNOTS.);
#10730 = CARTESIAN_POINT('',(2.501523860747,5.5));
#10731 = CARTESIAN_POINT('',(8.004876354391,5.5));
#10732 = ( GEOMETRIC_REPRESENTATION_CONTEXT(2) 
PARAMETRIC_REPRESENTATION_CONTEXT() REPRESENTATION_CONTEXT('2D SPACE',''
  ) );
#10733 = PCURVE('',#5000,#10734);
#10734 = DEFINITIONAL_REPRESENTATION('',(#10735),#10738);
#10735 = B_SPLINE_CURVE_WITH_KNOTS('',1,(#10736,#10737),.UNSPECIFIED.,
  .F.,.F.,(2,2),(2.540076755295,8.043429248939),
  .PIECEWISE_BEZIER_KNOTS.);
#10736 = CARTESIAN_POINT('',(4.440892098501E-16,-73.88730192372));
#10737 = CARTESIAN_POINT('',(5.5,-74.07936615593));
#10738 = ( GEOMETRIC_REPRESENTATION_CONTEXT(2) 
PARAMETRIC_REPRESENTATION_CONTEXT() REPRESENTATION_CONTEXT('2D SPACE',''
  ) );
#10739 = ORIENTED_EDGE('',*,*,#10740,.T.);
#10740 = EDGE_CURVE('',#10720,#8881,#10741,.T.);
#10741 = SURFACE_CURVE('',#10742,(#10747,#10754),.PCURVE_S1.);
#10742 = ELLIPSE('',#10743,2.001219088598,2.);
#10743 = AXIS2_PLACEMENT_3D('',#10744,#10745,#10746);
#10744 = CARTESIAN_POINT('',(-1.112698076271,-14.,9.6));
#10745 = DIRECTION('',(0.999390827019,0.,-3.48994967025E-02));
#10746 = DIRECTION('',(-3.48994967025E-02,0.,-0.999390827019));
#10747 = PCURVE('',#5033,#10748);
#10748 = DEFINITIONAL_REPRESENTATION('',(#10749),#10753);
#10749 = ELLIPSE('',#10750,2.001219088598,2.);
#10750 = AXIS2_PLACEMENT_2D('',#10751,#10752);
#10751 = CARTESIAN_POINT('',(2.501523860747,3.5));
#10752 = DIRECTION('',(-1.,-0.));
#10753 = ( GEOMETRIC_REPRESENTATION_CONTEXT(2) 
PARAMETRIC_REPRESENTATION_CONTEXT() REPRESENTATION_CONTEXT('2D SPACE',''
  ) );
#10754 = PCURVE('',#8918,#10755);
#10755 = DEFINITIONAL_REPRESENTATION('',(#10756),#10764);
#10756 = B_SPLINE_CURVE_WITH_KNOTS('',6,(#10757,#10758,#10759,#10760,
    #10761,#10762,#10763),.UNSPECIFIED.,.F.,.F.,(7,7),(4.712388980385,
    6.28318530718),.PIECEWISE_BEZIER_KNOTS.);
#10757 = CARTESIAN_POINT('',(1.570796326795,-73.88730192372));
#10758 = CARTESIAN_POINT('',(1.308996938996,-73.86901745158));
#10759 = CARTESIAN_POINT('',(1.047197551197,-73.85073437607));
#10760 = CARTESIAN_POINT('',(0.785398163397,-73.83469800162));
#10761 = CARTESIAN_POINT('',(0.523598775598,-73.82320341132));
#10762 = CARTESIAN_POINT('',(0.261799387799,-73.81746038474));
#10763 = CARTESIAN_POINT('',(0.,-73.81746038474));
#10764 = ( GEOMETRIC_REPRESENTATION_CONTEXT(2) 
PARAMETRIC_REPRESENTATION_CONTEXT() REPRESENTATION_CONTEXT('2D SPACE',''
  ) );
#10765 = ADVANCED_FACE('',(#10766),#5000,.F.);
#10766 = FACE_BOUND('',#10767,.F.);
#10767 = EDGE_LOOP('',(#10768,#10769,#10790,#10811));
#10768 = ORIENTED_EDGE('',*,*,#4984,.F.);
#10769 = ORIENTED_EDGE('',*,*,#10770,.T.);
#10770 = EDGE_CURVE('',#4952,#10771,#10773,.T.);
#10771 = VERTEX_POINT('',#10772);
#10772 = CARTESIAN_POINT('',(-22.88730192372,-16.,9.6));
#10773 = SURFACE_CURVE('',#10774,(#10778,#10784),.PCURVE_S1.);
#10774 = LINE('',#10775,#10776);
#10775 = CARTESIAN_POINT('',(-22.87538694019,-16.,9.258799513773));
#10776 = VECTOR('',#10777,1.);
#10777 = DIRECTION('',(3.48994967025E-02,0.,-0.999390827019));
#10778 = PCURVE('',#5000,#10779);
#10779 = DEFINITIONAL_REPRESENTATION('',(#10780),#10783);
#10780 = B_SPLINE_CURVE_WITH_KNOTS('',1,(#10781,#10782),.UNSPECIFIED.,
  .F.,.F.,(2,2),(-5.844760956681,-0.341408463038),
  .PIECEWISE_BEZIER_KNOTS.);
#10781 = CARTESIAN_POINT('',(5.5,-51.92063384406));
#10782 = CARTESIAN_POINT('',(1.110223024625E-16,-52.11269807627));
#10783 = ( GEOMETRIC_REPRESENTATION_CONTEXT(2) 
PARAMETRIC_REPRESENTATION_CONTEXT() REPRESENTATION_CONTEXT('2D SPACE',''
  ) );
#10784 = PCURVE('',#4972,#10785);
#10785 = DEFINITIONAL_REPRESENTATION('',(#10786),#10789);
#10786 = B_SPLINE_CURVE_WITH_KNOTS('',1,(#10787,#10788),.UNSPECIFIED.,
  .F.,.F.,(2,2),(-5.844760956681,-0.341408463038),
  .PIECEWISE_BEZIER_KNOTS.);
#10787 = CARTESIAN_POINT('',(8.004876354391,0.5));
#10788 = CARTESIAN_POINT('',(2.501523860747,0.5));
#10789 = ( GEOMETRIC_REPRESENTATION_CONTEXT(2) 
PARAMETRIC_REPRESENTATION_CONTEXT() REPRESENTATION_CONTEXT('2D SPACE',''
  ) );
#10790 = ORIENTED_EDGE('',*,*,#10791,.T.);
#10791 = EDGE_CURVE('',#10771,#10720,#10792,.T.);
#10792 = SURFACE_CURVE('',#10793,(#10797,#10804),.PCURVE_S1.);
#10793 = LINE('',#10794,#10795);
#10794 = CARTESIAN_POINT('',(-75.,-16.,9.6));
#10795 = VECTOR('',#10796,1.);
#10796 = DIRECTION('',(1.,0.,0.));
#10797 = PCURVE('',#5000,#10798);
#10798 = DEFINITIONAL_REPRESENTATION('',(#10799),#10803);
#10799 = LINE('',#10800,#10801);
#10800 = CARTESIAN_POINT('',(0.,0.));
#10801 = VECTOR('',#10802,1.);
#10802 = DIRECTION('',(0.,-1.));
#10803 = ( GEOMETRIC_REPRESENTATION_CONTEXT(2) 
PARAMETRIC_REPRESENTATION_CONTEXT() REPRESENTATION_CONTEXT('2D SPACE',''
  ) );
#10804 = PCURVE('',#8918,#10805);
#10805 = DEFINITIONAL_REPRESENTATION('',(#10806),#10810);
#10806 = LINE('',#10807,#10808);
#10807 = CARTESIAN_POINT('',(1.570796326795,0.));
#10808 = VECTOR('',#10809,1.);
#10809 = DIRECTION('',(0.,-1.));
#10810 = ( GEOMETRIC_REPRESENTATION_CONTEXT(2) 
PARAMETRIC_REPRESENTATION_CONTEXT() REPRESENTATION_CONTEXT('2D SPACE',''
  ) );
#10811 = ORIENTED_EDGE('',*,*,#10719,.T.);
#10812 = ADVANCED_FACE('',(#10813),#4972,.F.);
#10813 = FACE_BOUND('',#10814,.F.);
#10814 = EDGE_LOOP('',(#10815,#10843,#10864,#10865,#10891,#10892,#10893)
  );
#10815 = ORIENTED_EDGE('',*,*,#10816,.F.);
#10816 = EDGE_CURVE('',#10817,#10819,#10821,.T.);
#10817 = VERTEX_POINT('',#10818);
#10818 = CARTESIAN_POINT('',(-22.99447159454,-11.39404517345,
    12.668937837654));
#10819 = VERTEX_POINT('',#10820);
#10820 = CARTESIAN_POINT('',(-23.09682654068,-16.,15.6));
#10821 = SURFACE_CURVE('',#10822,(#10826,#10832),.PCURVE_S1.);
#10822 = LINE('',#10823,#10824);
#10823 = CARTESIAN_POINT('',(-22.98645295654,-11.03320785418,
    12.439314089028));
#10824 = VECTOR('',#10825,1.);
#10825 = DIRECTION('',(-1.87448112776E-02,-0.843513256906,0.536781163486
    ));
#10826 = PCURVE('',#4972,#10827);
#10827 = DEFINITIONAL_REPRESENTATION('',(#10828),#10831);
#10828 = B_SPLINE_CURVE_WITH_KNOTS('',1,(#10829,#10830),.UNSPECIFIED.,
  .F.,.F.,(2,2),(-0.632127414502,5.888220612003),
  .PIECEWISE_BEZIER_KNOTS.);
#10829 = CARTESIAN_POINT('',(5.003047721494,6.));
#10830 = CARTESIAN_POINT('',(8.50518112654,0.5));
#10831 = ( GEOMETRIC_REPRESENTATION_CONTEXT(2) 
PARAMETRIC_REPRESENTATION_CONTEXT() REPRESENTATION_CONTEXT('2D SPACE',''
  ) );
#10832 = PCURVE('',#10833,#10838);
#10833 = PLANE('',#10834);
#10834 = AXIS2_PLACEMENT_3D('',#10835,#10836,#10837);
#10835 = CARTESIAN_POINT('',(-27.,-9.5,11.463636363636));
#10836 = DIRECTION('',(0.,-0.536875492193,-0.843661487732));
#10837 = DIRECTION('',(0.,-0.843661487732,0.536875492193));
#10838 = DEFINITIONAL_REPRESENTATION('',(#10839),#10842);
#10839 = B_SPLINE_CURVE_WITH_KNOTS('',1,(#10840,#10841),.UNSPECIFIED.,
  .F.,.F.,(2,2),(-0.632127414502,5.888220612003),
  .PIECEWISE_BEZIER_KNOTS.);
#10840 = CARTESIAN_POINT('',(1.185309528219,-4.025396152541));
#10841 = CARTESIAN_POINT('',(7.704511933421,-3.90317345932));
#10842 = ( GEOMETRIC_REPRESENTATION_CONTEXT(2) 
PARAMETRIC_REPRESENTATION_CONTEXT() REPRESENTATION_CONTEXT('2D SPACE',''
  ) );
#10843 = ORIENTED_EDGE('',*,*,#10844,.F.);
#10844 = EDGE_CURVE('',#8931,#10817,#10845,.T.);
#10845 = SURFACE_CURVE('',#10846,(#10850,#10857),.PCURVE_S1.);
#10846 = LINE('',#10847,#10848);
#10847 = CARTESIAN_POINT('',(-22.79914897349,-11.1987225524,
    7.075629789309));
#10848 = VECTOR('',#10849,1.);
#10849 = DIRECTION('',(-3.487826274237E-02,-3.487826274237E-02,
    0.998782765959));
#10850 = PCURVE('',#4972,#10851);
#10851 = DEFINITIONAL_REPRESENTATION('',(#10852),#10856);
#10852 = LINE('',#10853,#10854);
#10853 = CARTESIAN_POINT('',(-2.438506541356E-02,5.301277447597));
#10854 = VECTOR('',#10855,1.);
#10855 = DIRECTION('',(0.999391568299,-3.487826274237E-02));
#10856 = ( GEOMETRIC_REPRESENTATION_CONTEXT(2) 
PARAMETRIC_REPRESENTATION_CONTEXT() REPRESENTATION_CONTEXT('2D SPACE',''
  ) );
#10857 = PCURVE('',#8969,#10858);
#10858 = DEFINITIONAL_REPRESENTATION('',(#10859),#10863);
#10859 = LINE('',#10860,#10861);
#10860 = CARTESIAN_POINT('',(0.,0.));
#10861 = VECTOR('',#10862,1.);
#10862 = DIRECTION('',(0.,1.));
#10863 = ( GEOMETRIC_REPRESENTATION_CONTEXT(2) 
PARAMETRIC_REPRESENTATION_CONTEXT() REPRESENTATION_CONTEXT('2D SPACE',''
  ) );
#10864 = ORIENTED_EDGE('',*,*,#8930,.F.);
#10865 = ORIENTED_EDGE('',*,*,#10866,.T.);
#10866 = EDGE_CURVE('',#8903,#10771,#10867,.T.);
#10867 = SURFACE_CURVE('',#10868,(#10873,#10880),.PCURVE_S1.);
#10868 = ELLIPSE('',#10869,2.001219088598,2.);
#10869 = AXIS2_PLACEMENT_3D('',#10870,#10871,#10872);
#10870 = CARTESIAN_POINT('',(-22.88730192372,-14.,9.6));
#10871 = DIRECTION('',(-0.999390827019,0.,-3.48994967025E-02));
#10872 = DIRECTION('',(-3.48994967025E-02,0.,0.999390827019));
#10873 = PCURVE('',#4972,#10874);
#10874 = DEFINITIONAL_REPRESENTATION('',(#10875),#10879);
#10875 = ELLIPSE('',#10876,2.001219088598,2.);
#10876 = AXIS2_PLACEMENT_2D('',#10877,#10878);
#10877 = CARTESIAN_POINT('',(2.501523860747,2.5));
#10878 = DIRECTION('',(1.,0.));
#10879 = ( GEOMETRIC_REPRESENTATION_CONTEXT(2) 
PARAMETRIC_REPRESENTATION_CONTEXT() REPRESENTATION_CONTEXT('2D SPACE',''
  ) );
#10880 = PCURVE('',#8918,#10881);
#10881 = DEFINITIONAL_REPRESENTATION('',(#10882),#10890);
#10882 = B_SPLINE_CURVE_WITH_KNOTS('',6,(#10883,#10884,#10885,#10886,
    #10887,#10888,#10889),.UNSPECIFIED.,.F.,.F.,(7,7),(3.14159265359,
    4.712388980385),.PIECEWISE_BEZIER_KNOTS.);
#10883 = CARTESIAN_POINT('',(0.,-52.18253961525));
#10884 = CARTESIAN_POINT('',(0.261799387799,-52.18253961525));
#10885 = CARTESIAN_POINT('',(0.523598775598,-52.17679658867));
#10886 = CARTESIAN_POINT('',(0.785398163397,-52.16530199837));
#10887 = CARTESIAN_POINT('',(1.047197551197,-52.14926562392));
#10888 = CARTESIAN_POINT('',(1.308996938996,-52.13098254841));
#10889 = CARTESIAN_POINT('',(1.570796326795,-52.11269807627));
#10890 = ( GEOMETRIC_REPRESENTATION_CONTEXT(2) 
PARAMETRIC_REPRESENTATION_CONTEXT() REPRESENTATION_CONTEXT('2D SPACE',''
  ) );
#10891 = ORIENTED_EDGE('',*,*,#10770,.F.);
#10892 = ORIENTED_EDGE('',*,*,#4951,.F.);
#10893 = ORIENTED_EDGE('',*,*,#10894,.T.);
#10894 = EDGE_CURVE('',#4926,#10819,#10895,.T.);
#10895 = SURFACE_CURVE('',#10896,(#10900,#10907),.PCURVE_S1.);
#10896 = LINE('',#10897,#10898);
#10897 = CARTESIAN_POINT('',(-23.09682654068,-16.5,15.6));
#10898 = VECTOR('',#10899,1.);
#10899 = DIRECTION('',(0.,1.,0.));
#10900 = PCURVE('',#4972,#10901);
#10901 = DEFINITIONAL_REPRESENTATION('',(#10902),#10906);
#10902 = LINE('',#10903,#10904);
#10903 = CARTESIAN_POINT('',(8.50518112654,0.));
#10904 = VECTOR('',#10905,1.);
#10905 = DIRECTION('',(0.,1.));
#10906 = ( GEOMETRIC_REPRESENTATION_CONTEXT(2) 
PARAMETRIC_REPRESENTATION_CONTEXT() REPRESENTATION_CONTEXT('2D SPACE',''
  ) );
#10907 = PCURVE('',#4940,#10908);
#10908 = DEFINITIONAL_REPRESENTATION('',(#10909),#10913);
#10909 = LINE('',#10910,#10911);
#10910 = CARTESIAN_POINT('',(0.90317345932,-3.));
#10911 = VECTOR('',#10912,1.);
#10912 = DIRECTION('',(0.,1.));
#10913 = ( GEOMETRIC_REPRESENTATION_CONTEXT(2) 
PARAMETRIC_REPRESENTATION_CONTEXT() REPRESENTATION_CONTEXT('2D SPACE',''
  ) );
#10914 = ADVANCED_FACE('',(#10915),#4940,.T.);
#10915 = FACE_BOUND('',#10916,.T.);
#10916 = EDGE_LOOP('',(#10917,#10938,#10959,#10960));
#10917 = ORIENTED_EDGE('',*,*,#10918,.F.);
#10918 = EDGE_CURVE('',#10919,#10819,#10921,.T.);
#10919 = VERTEX_POINT('',#10920);
#10920 = CARTESIAN_POINT('',(-24.90317345932,-16.,15.6));
#10921 = SURFACE_CURVE('',#10922,(#10926,#10932),.PCURVE_S1.);
#10922 = LINE('',#10923,#10924);
#10923 = CARTESIAN_POINT('',(-25.5,-16.,15.6));
#10924 = VECTOR('',#10925,1.);
#10925 = DIRECTION('',(1.,0.,-0.));
#10926 = PCURVE('',#4940,#10927);
#10927 = DEFINITIONAL_REPRESENTATION('',(#10928),#10931);
#10928 = B_SPLINE_CURVE_WITH_KNOTS('',1,(#10929,#10930),.UNSPECIFIED.,
  .F.,.F.,(2,2),(0.59682654068,2.40317345932),.PIECEWISE_BEZIER_KNOTS.);
#10929 = CARTESIAN_POINT('',(-0.90317345932,-2.5));
#10930 = CARTESIAN_POINT('',(0.90317345932,-2.5));
#10931 = ( GEOMETRIC_REPRESENTATION_CONTEXT(2) 
PARAMETRIC_REPRESENTATION_CONTEXT() REPRESENTATION_CONTEXT('2D SPACE',''
  ) );
#10932 = PCURVE('',#10833,#10933);
#10933 = DEFINITIONAL_REPRESENTATION('',(#10934),#10937);
#10934 = B_SPLINE_CURVE_WITH_KNOTS('',1,(#10935,#10936),.UNSPECIFIED.,
  .F.,.F.,(2,2),(0.59682654068,2.40317345932),.PIECEWISE_BEZIER_KNOTS.);
#10935 = CARTESIAN_POINT('',(7.704511933421,-2.09682654068));
#10936 = CARTESIAN_POINT('',(7.704511933421,-3.90317345932));
#10937 = ( GEOMETRIC_REPRESENTATION_CONTEXT(2) 
PARAMETRIC_REPRESENTATION_CONTEXT() REPRESENTATION_CONTEXT('2D SPACE',''
  ) );
#10938 = ORIENTED_EDGE('',*,*,#10939,.T.);
#10939 = EDGE_CURVE('',#10919,#4893,#10940,.T.);
#10940 = SURFACE_CURVE('',#10941,(#10945,#10952),.PCURVE_S1.);
#10941 = LINE('',#10942,#10943);
#10942 = CARTESIAN_POINT('',(-24.90317345932,-10.5,15.6));
#10943 = VECTOR('',#10944,1.);
#10944 = DIRECTION('',(0.,-1.,0.));
#10945 = PCURVE('',#4940,#10946);
#10946 = DEFINITIONAL_REPRESENTATION('',(#10947),#10951);
#10947 = LINE('',#10948,#10949);
#10948 = CARTESIAN_POINT('',(-0.90317345932,3.));
#10949 = VECTOR('',#10950,1.);
#10950 = DIRECTION('',(0.,-1.));
#10951 = ( GEOMETRIC_REPRESENTATION_CONTEXT(2) 
PARAMETRIC_REPRESENTATION_CONTEXT() REPRESENTATION_CONTEXT('2D SPACE',''
  ) );
#10952 = PCURVE('',#4913,#10953);
#10953 = DEFINITIONAL_REPRESENTATION('',(#10954),#10958);
#10954 = LINE('',#10955,#10956);
#10955 = CARTESIAN_POINT('',(8.50518112654,0.));
#10956 = VECTOR('',#10957,1.);
#10957 = DIRECTION('',(0.,1.));
#10958 = ( GEOMETRIC_REPRESENTATION_CONTEXT(2) 
PARAMETRIC_REPRESENTATION_CONTEXT() REPRESENTATION_CONTEXT('2D SPACE',''
  ) );
#10959 = ORIENTED_EDGE('',*,*,#4925,.F.);
#10960 = ORIENTED_EDGE('',*,*,#10894,.T.);
#10961 = ADVANCED_FACE('',(#10962),#4913,.F.);
#10962 = FACE_BOUND('',#10963,.F.);
#10963 = EDGE_LOOP('',(#10964,#10965,#10988,#11007,#11008,#11009,#11030)
  );
#10964 = ORIENTED_EDGE('',*,*,#9045,.F.);
#10965 = ORIENTED_EDGE('',*,*,#10966,.T.);
#10966 = EDGE_CURVE('',#9013,#10967,#10969,.T.);
#10967 = VERTEX_POINT('',#10968);
#10968 = CARTESIAN_POINT('',(-25.00552840545,-11.39404517345,
    12.668937837654));
#10969 = SURFACE_CURVE('',#10970,(#10974,#10981),.PCURVE_S1.);
#10970 = LINE('',#10971,#10972);
#10971 = CARTESIAN_POINT('',(-25.20085102651,-11.1987225524,
    7.075629789309));
#10972 = VECTOR('',#10973,1.);
#10973 = DIRECTION('',(3.487826274237E-02,-3.487826274237E-02,
    0.998782765959));
#10974 = PCURVE('',#4913,#10975);
#10975 = DEFINITIONAL_REPRESENTATION('',(#10976),#10980);
#10976 = LINE('',#10977,#10978);
#10977 = CARTESIAN_POINT('',(-2.438506541356E-02,0.698722552403));
#10978 = VECTOR('',#10979,1.);
#10979 = DIRECTION('',(0.999391568299,3.487826274237E-02));
#10980 = ( GEOMETRIC_REPRESENTATION_CONTEXT(2) 
PARAMETRIC_REPRESENTATION_CONTEXT() REPRESENTATION_CONTEXT('2D SPACE',''
  ) );
#10981 = PCURVE('',#9029,#10982);
#10982 = DEFINITIONAL_REPRESENTATION('',(#10983),#10987);
#10983 = LINE('',#10984,#10985);
#10984 = CARTESIAN_POINT('',(1.569578351624,0.));
#10985 = VECTOR('',#10986,1.);
#10986 = DIRECTION('',(0.,1.));
#10987 = ( GEOMETRIC_REPRESENTATION_CONTEXT(2) 
PARAMETRIC_REPRESENTATION_CONTEXT() REPRESENTATION_CONTEXT('2D SPACE',''
  ) );
#10988 = ORIENTED_EDGE('',*,*,#10989,.F.);
#10989 = EDGE_CURVE('',#10919,#10967,#10990,.T.);
#10990 = SURFACE_CURVE('',#10991,(#10995,#11001),.PCURVE_S1.);
#10991 = LINE('',#10992,#10993);
#10992 = CARTESIAN_POINT('',(-25.06203563773,-8.851229520023,
    11.050782421833));
#10993 = VECTOR('',#10994,1.);
#10994 = DIRECTION('',(-1.87448112776E-02,0.843513256906,-0.536781163486
    ));
#10995 = PCURVE('',#4913,#10996);
#10996 = DEFINITIONAL_REPRESENTATION('',(#10997),#11000);
#10997 = B_SPLINE_CURVE_WITH_KNOTS('',1,(#10998,#10999),.UNSPECIFIED.,
  .F.,.F.,(2,2),(-8.474994816555,-1.95464679005),
  .PIECEWISE_BEZIER_KNOTS.);
#10998 = CARTESIAN_POINT('',(8.50518112654,5.5));
#10999 = CARTESIAN_POINT('',(5.003047721494,-4.440892098501E-16));
#11000 = ( GEOMETRIC_REPRESENTATION_CONTEXT(2) 
PARAMETRIC_REPRESENTATION_CONTEXT() REPRESENTATION_CONTEXT('2D SPACE',''
  ) );
#11001 = PCURVE('',#10833,#11002);
#11002 = DEFINITIONAL_REPRESENTATION('',(#11003),#11006);
#11003 = B_SPLINE_CURVE_WITH_KNOTS('',1,(#11004,#11005),.UNSPECIFIED.,
  .F.,.F.,(2,2),(-8.474994816555,-1.95464679005),
  .PIECEWISE_BEZIER_KNOTS.);
#11004 = CARTESIAN_POINT('',(7.704511933421,-2.09682654068));
#11005 = CARTESIAN_POINT('',(1.185309528219,-1.974603847459));
#11006 = ( GEOMETRIC_REPRESENTATION_CONTEXT(2) 
PARAMETRIC_REPRESENTATION_CONTEXT() REPRESENTATION_CONTEXT('2D SPACE',''
  ) );
#11007 = ORIENTED_EDGE('',*,*,#10939,.T.);
#11008 = ORIENTED_EDGE('',*,*,#4892,.F.);
#11009 = ORIENTED_EDGE('',*,*,#11010,.F.);
#11010 = EDGE_CURVE('',#11011,#4865,#11013,.T.);
#11011 = VERTEX_POINT('',#11012);
#11012 = CARTESIAN_POINT('',(-25.11269807627,-16.,9.6));
#11013 = SURFACE_CURVE('',#11014,(#11018,#11024),.PCURVE_S1.);
#11014 = LINE('',#11015,#11016);
#11015 = CARTESIAN_POINT('',(-25.18672977817,-16.,7.480009433298));
#11016 = VECTOR('',#11017,1.);
#11017 = DIRECTION('',(3.48994967025E-02,0.,0.999390827019));
#11018 = PCURVE('',#4913,#11019);
#11019 = DEFINITIONAL_REPRESENTATION('',(#11020),#11023);
#11020 = B_SPLINE_CURVE_WITH_KNOTS('',1,(#11021,#11022),.UNSPECIFIED.,
  .F.,.F.,(2,2),(2.121282794865,7.624635288509),
  .PIECEWISE_BEZIER_KNOTS.);
#11021 = CARTESIAN_POINT('',(2.501523860747,5.5));
#11022 = CARTESIAN_POINT('',(8.004876354391,5.5));
#11023 = ( GEOMETRIC_REPRESENTATION_CONTEXT(2) 
PARAMETRIC_REPRESENTATION_CONTEXT() REPRESENTATION_CONTEXT('2D SPACE',''
  ) );
#11024 = PCURVE('',#4880,#11025);
#11025 = DEFINITIONAL_REPRESENTATION('',(#11026),#11029);
#11026 = B_SPLINE_CURVE_WITH_KNOTS('',1,(#11027,#11028),.UNSPECIFIED.,
  .F.,.F.,(2,2),(2.121282794865,7.624635288509),
  .PIECEWISE_BEZIER_KNOTS.);
#11027 = CARTESIAN_POINT('',(8.881784197001E-16,-49.88730192372));
#11028 = CARTESIAN_POINT('',(5.5,-50.07936615593));
#11029 = ( GEOMETRIC_REPRESENTATION_CONTEXT(2) 
PARAMETRIC_REPRESENTATION_CONTEXT() REPRESENTATION_CONTEXT('2D SPACE',''
  ) );
#11030 = ORIENTED_EDGE('',*,*,#11031,.T.);
#11031 = EDGE_CURVE('',#11011,#9046,#11032,.T.);
#11032 = SURFACE_CURVE('',#11033,(#11038,#11045),.PCURVE_S1.);
#11033 = ELLIPSE('',#11034,2.001219088598,2.);
#11034 = AXIS2_PLACEMENT_3D('',#11035,#11036,#11037);
#11035 = CARTESIAN_POINT('',(-25.11269807627,-14.,9.6));
#11036 = DIRECTION('',(0.999390827019,0.,-3.48994967025E-02));
#11037 = DIRECTION('',(-3.48994967025E-02,0.,-0.999390827019));
#11038 = PCURVE('',#4913,#11039);
#11039 = DEFINITIONAL_REPRESENTATION('',(#11040),#11044);
#11040 = ELLIPSE('',#11041,2.001219088598,2.);
#11041 = AXIS2_PLACEMENT_2D('',#11042,#11043);
#11042 = CARTESIAN_POINT('',(2.501523860747,3.5));
#11043 = DIRECTION('',(-1.,-0.));
#11044 = ( GEOMETRIC_REPRESENTATION_CONTEXT(2) 
PARAMETRIC_REPRESENTATION_CONTEXT() REPRESENTATION_CONTEXT('2D SPACE',''
  ) );
#11045 = PCURVE('',#9083,#11046);
#11046 = DEFINITIONAL_REPRESENTATION('',(#11047),#11055);
#11047 = B_SPLINE_CURVE_WITH_KNOTS('',6,(#11048,#11049,#11050,#11051,
    #11052,#11053,#11054),.UNSPECIFIED.,.F.,.F.,(7,7),(4.712388980385,
    6.28318530718),.PIECEWISE_BEZIER_KNOTS.);
#11048 = CARTESIAN_POINT('',(1.570796326795,-49.88730192372));
#11049 = CARTESIAN_POINT('',(1.308996938996,-49.86901745158));
#11050 = CARTESIAN_POINT('',(1.047197551197,-49.85073437607));
#11051 = CARTESIAN_POINT('',(0.785398163397,-49.83469800161));
#11052 = CARTESIAN_POINT('',(0.523598775598,-49.82320341133));
#11053 = CARTESIAN_POINT('',(0.261799387799,-49.81746038474));
#11054 = CARTESIAN_POINT('',(0.,-49.81746038474));
#11055 = ( GEOMETRIC_REPRESENTATION_CONTEXT(2) 
PARAMETRIC_REPRESENTATION_CONTEXT() REPRESENTATION_CONTEXT('2D SPACE',''
  ) );
#11056 = ADVANCED_FACE('',(#11057),#4880,.F.);
#11057 = FACE_BOUND('',#11058,.F.);
#11058 = EDGE_LOOP('',(#11059,#11060,#11081,#11102));
#11059 = ORIENTED_EDGE('',*,*,#4864,.F.);
#11060 = ORIENTED_EDGE('',*,*,#11061,.T.);
#11061 = EDGE_CURVE('',#4832,#11062,#11064,.T.);
#11062 = VERTEX_POINT('',#11063);
#11063 = CARTESIAN_POINT('',(-46.88730192372,-16.,9.6));
#11064 = SURFACE_CURVE('',#11065,(#11069,#11075),.PCURVE_S1.);
#11065 = LINE('',#11066,#11067);
#11066 = CARTESIAN_POINT('',(-46.86077124175,-16.,8.840260671308));
#11067 = VECTOR('',#11068,1.);
#11068 = DIRECTION('',(3.48994967025E-02,0.,-0.999390827019));
#11069 = PCURVE('',#4880,#11070);
#11070 = DEFINITIONAL_REPRESENTATION('',(#11071),#11074);
#11071 = B_SPLINE_CURVE_WITH_KNOTS('',1,(#11072,#11073),.UNSPECIFIED.,
  .F.,.F.,(2,2),(-6.263554917111,-0.760202423468),
  .PIECEWISE_BEZIER_KNOTS.);
#11072 = CARTESIAN_POINT('',(5.5,-27.92063384406));
#11073 = CARTESIAN_POINT('',(1.110223024625E-16,-28.11269807627));
#11074 = ( GEOMETRIC_REPRESENTATION_CONTEXT(2) 
PARAMETRIC_REPRESENTATION_CONTEXT() REPRESENTATION_CONTEXT('2D SPACE',''
  ) );
#11075 = PCURVE('',#4852,#11076);
#11076 = DEFINITIONAL_REPRESENTATION('',(#11077),#11080);
#11077 = B_SPLINE_CURVE_WITH_KNOTS('',1,(#11078,#11079),.UNSPECIFIED.,
  .F.,.F.,(2,2),(-6.263554917111,-0.760202423468),
  .PIECEWISE_BEZIER_KNOTS.);
#11078 = CARTESIAN_POINT('',(8.004876354391,0.5));
#11079 = CARTESIAN_POINT('',(2.501523860747,0.5));
#11080 = ( GEOMETRIC_REPRESENTATION_CONTEXT(2) 
PARAMETRIC_REPRESENTATION_CONTEXT() REPRESENTATION_CONTEXT('2D SPACE',''
  ) );
#11081 = ORIENTED_EDGE('',*,*,#11082,.T.);
#11082 = EDGE_CURVE('',#11062,#11011,#11083,.T.);
#11083 = SURFACE_CURVE('',#11084,(#11088,#11095),.PCURVE_S1.);
#11084 = LINE('',#11085,#11086);
#11085 = CARTESIAN_POINT('',(-75.,-16.,9.6));
#11086 = VECTOR('',#11087,1.);
#11087 = DIRECTION('',(1.,0.,0.));
#11088 = PCURVE('',#4880,#11089);
#11089 = DEFINITIONAL_REPRESENTATION('',(#11090),#11094);
#11090 = LINE('',#11091,#11092);
#11091 = CARTESIAN_POINT('',(0.,0.));
#11092 = VECTOR('',#11093,1.);
#11093 = DIRECTION('',(0.,-1.));
#11094 = ( GEOMETRIC_REPRESENTATION_CONTEXT(2) 
PARAMETRIC_REPRESENTATION_CONTEXT() REPRESENTATION_CONTEXT('2D SPACE',''
  ) );
#11095 = PCURVE('',#9083,#11096);
#11096 = DEFINITIONAL_REPRESENTATION('',(#11097),#11101);
#11097 = LINE('',#11098,#11099);
#11098 = CARTESIAN_POINT('',(1.570796326795,0.));
#11099 = VECTOR('',#11100,1.);
#11100 = DIRECTION('',(0.,-1.));
#11101 = ( GEOMETRIC_REPRESENTATION_CONTEXT(2) 
PARAMETRIC_REPRESENTATION_CONTEXT() REPRESENTATION_CONTEXT('2D SPACE',''
  ) );
#11102 = ORIENTED_EDGE('',*,*,#11010,.T.);
#11103 = ADVANCED_FACE('',(#11104),#4852,.F.);
#11104 = FACE_BOUND('',#11105,.F.);
#11105 = EDGE_LOOP('',(#11106,#11134,#11155,#11156,#11182,#11183,#11184)
  );
#11106 = ORIENTED_EDGE('',*,*,#11107,.F.);
#11107 = EDGE_CURVE('',#11108,#11110,#11112,.T.);
#11108 = VERTEX_POINT('',#11109);
#11109 = CARTESIAN_POINT('',(-46.99447159454,-11.39404517345,
    12.668937837654));
#11110 = VERTEX_POINT('',#11111);
#11111 = CARTESIAN_POINT('',(-47.09682654068,-16.,15.6));
#11112 = SURFACE_CURVE('',#11113,(#11117,#11123),.PCURVE_S1.);
#11113 = LINE('',#11114,#11115);
#11114 = CARTESIAN_POINT('',(-46.98645295654,-11.03320785418,
    12.439314089028));
#11115 = VECTOR('',#11116,1.);
#11116 = DIRECTION('',(-1.87448112776E-02,-0.843513256906,0.536781163486
    ));
#11117 = PCURVE('',#4852,#11118);
#11118 = DEFINITIONAL_REPRESENTATION('',(#11119),#11122);
#11119 = B_SPLINE_CURVE_WITH_KNOTS('',1,(#11120,#11121),.UNSPECIFIED.,
  .F.,.F.,(2,2),(-0.632127414502,5.888220612003),
  .PIECEWISE_BEZIER_KNOTS.);
#11120 = CARTESIAN_POINT('',(5.003047721494,6.));
#11121 = CARTESIAN_POINT('',(8.50518112654,0.5));
#11122 = ( GEOMETRIC_REPRESENTATION_CONTEXT(2) 
PARAMETRIC_REPRESENTATION_CONTEXT() REPRESENTATION_CONTEXT('2D SPACE',''
  ) );
#11123 = PCURVE('',#11124,#11129);
#11124 = PLANE('',#11125);
#11125 = AXIS2_PLACEMENT_3D('',#11126,#11127,#11128);
#11126 = CARTESIAN_POINT('',(-51.,-9.5,11.463636363636));
#11127 = DIRECTION('',(0.,-0.536875492193,-0.843661487732));
#11128 = DIRECTION('',(0.,-0.843661487732,0.536875492193));
#11129 = DEFINITIONAL_REPRESENTATION('',(#11130),#11133);
#11130 = B_SPLINE_CURVE_WITH_KNOTS('',1,(#11131,#11132),.UNSPECIFIED.,
  .F.,.F.,(2,2),(-0.632127414502,5.888220612003),
  .PIECEWISE_BEZIER_KNOTS.);
#11131 = CARTESIAN_POINT('',(1.185309528219,-4.025396152541));
#11132 = CARTESIAN_POINT('',(7.704511933421,-3.90317345932));
#11133 = ( GEOMETRIC_REPRESENTATION_CONTEXT(2) 
PARAMETRIC_REPRESENTATION_CONTEXT() REPRESENTATION_CONTEXT('2D SPACE',''
  ) );
#11134 = ORIENTED_EDGE('',*,*,#11135,.F.);
#11135 = EDGE_CURVE('',#9096,#11108,#11136,.T.);
#11136 = SURFACE_CURVE('',#11137,(#11141,#11148),.PCURVE_S1.);
#11137 = LINE('',#11138,#11139);
#11138 = CARTESIAN_POINT('',(-46.79914897349,-11.1987225524,
    7.075629789309));
#11139 = VECTOR('',#11140,1.);
#11140 = DIRECTION('',(-3.487826274237E-02,-3.487826274237E-02,
    0.998782765959));
#11141 = PCURVE('',#4852,#11142);
#11142 = DEFINITIONAL_REPRESENTATION('',(#11143),#11147);
#11143 = LINE('',#11144,#11145);
#11144 = CARTESIAN_POINT('',(-2.438506541356E-02,5.301277447597));
#11145 = VECTOR('',#11146,1.);
#11146 = DIRECTION('',(0.999391568299,-3.487826274237E-02));
#11147 = ( GEOMETRIC_REPRESENTATION_CONTEXT(2) 
PARAMETRIC_REPRESENTATION_CONTEXT() REPRESENTATION_CONTEXT('2D SPACE',''
  ) );
#11148 = PCURVE('',#9134,#11149);
#11149 = DEFINITIONAL_REPRESENTATION('',(#11150),#11154);
#11150 = LINE('',#11151,#11152);
#11151 = CARTESIAN_POINT('',(0.,0.));
#11152 = VECTOR('',#11153,1.);
#11153 = DIRECTION('',(0.,1.));
#11154 = ( GEOMETRIC_REPRESENTATION_CONTEXT(2) 
PARAMETRIC_REPRESENTATION_CONTEXT() REPRESENTATION_CONTEXT('2D SPACE',''
  ) );
#11155 = ORIENTED_EDGE('',*,*,#9095,.F.);
#11156 = ORIENTED_EDGE('',*,*,#11157,.T.);
#11157 = EDGE_CURVE('',#9068,#11062,#11158,.T.);
#11158 = SURFACE_CURVE('',#11159,(#11164,#11171),.PCURVE_S1.);
#11159 = ELLIPSE('',#11160,2.001219088598,2.);
#11160 = AXIS2_PLACEMENT_3D('',#11161,#11162,#11163);
#11161 = CARTESIAN_POINT('',(-46.88730192372,-14.,9.6));
#11162 = DIRECTION('',(-0.999390827019,0.,-3.48994967025E-02));
#11163 = DIRECTION('',(-3.48994967025E-02,0.,0.999390827019));
#11164 = PCURVE('',#4852,#11165);
#11165 = DEFINITIONAL_REPRESENTATION('',(#11166),#11170);
#11166 = ELLIPSE('',#11167,2.001219088598,2.);
#11167 = AXIS2_PLACEMENT_2D('',#11168,#11169);
#11168 = CARTESIAN_POINT('',(2.501523860747,2.5));
#11169 = DIRECTION('',(1.,0.));
#11170 = ( GEOMETRIC_REPRESENTATION_CONTEXT(2) 
PARAMETRIC_REPRESENTATION_CONTEXT() REPRESENTATION_CONTEXT('2D SPACE',''
  ) );
#11171 = PCURVE('',#9083,#11172);
#11172 = DEFINITIONAL_REPRESENTATION('',(#11173),#11181);
#11173 = B_SPLINE_CURVE_WITH_KNOTS('',6,(#11174,#11175,#11176,#11177,
    #11178,#11179,#11180),.UNSPECIFIED.,.F.,.F.,(7,7),(3.14159265359,
    4.712388980385),.PIECEWISE_BEZIER_KNOTS.);
#11174 = CARTESIAN_POINT('',(0.,-28.18253961525));
#11175 = CARTESIAN_POINT('',(0.261799387799,-28.18253961525));
#11176 = CARTESIAN_POINT('',(0.523598775598,-28.17679658867));
#11177 = CARTESIAN_POINT('',(0.785398163397,-28.16530199837));
#11178 = CARTESIAN_POINT('',(1.047197551197,-28.14926562392));
#11179 = CARTESIAN_POINT('',(1.308996938996,-28.13098254841));
#11180 = CARTESIAN_POINT('',(1.570796326795,-28.11269807627));
#11181 = ( GEOMETRIC_REPRESENTATION_CONTEXT(2) 
PARAMETRIC_REPRESENTATION_CONTEXT() REPRESENTATION_CONTEXT('2D SPACE',''
  ) );
#11182 = ORIENTED_EDGE('',*,*,#11061,.F.);
#11183 = ORIENTED_EDGE('',*,*,#4831,.F.);
#11184 = ORIENTED_EDGE('',*,*,#11185,.T.);
#11185 = EDGE_CURVE('',#4806,#11110,#11186,.T.);
#11186 = SURFACE_CURVE('',#11187,(#11191,#11198),.PCURVE_S1.);
#11187 = LINE('',#11188,#11189);
#11188 = CARTESIAN_POINT('',(-47.09682654068,-16.5,15.6));
#11189 = VECTOR('',#11190,1.);
#11190 = DIRECTION('',(0.,1.,0.));
#11191 = PCURVE('',#4852,#11192);
#11192 = DEFINITIONAL_REPRESENTATION('',(#11193),#11197);
#11193 = LINE('',#11194,#11195);
#11194 = CARTESIAN_POINT('',(8.50518112654,0.));
#11195 = VECTOR('',#11196,1.);
#11196 = DIRECTION('',(0.,1.));
#11197 = ( GEOMETRIC_REPRESENTATION_CONTEXT(2) 
PARAMETRIC_REPRESENTATION_CONTEXT() REPRESENTATION_CONTEXT('2D SPACE',''
  ) );
#11198 = PCURVE('',#4820,#11199);
#11199 = DEFINITIONAL_REPRESENTATION('',(#11200),#11204);
#11200 = LINE('',#11201,#11202);
#11201 = CARTESIAN_POINT('',(0.90317345932,-3.));
#11202 = VECTOR('',#11203,1.);
#11203 = DIRECTION('',(0.,1.));
#11204 = ( GEOMETRIC_REPRESENTATION_CONTEXT(2) 
PARAMETRIC_REPRESENTATION_CONTEXT() REPRESENTATION_CONTEXT('2D SPACE',''
  ) );
#11205 = ADVANCED_FACE('',(#11206),#4820,.T.);
#11206 = FACE_BOUND('',#11207,.T.);
#11207 = EDGE_LOOP('',(#11208,#11229,#11250,#11251));
#11208 = ORIENTED_EDGE('',*,*,#11209,.F.);
#11209 = EDGE_CURVE('',#11210,#11110,#11212,.T.);
#11210 = VERTEX_POINT('',#11211);
#11211 = CARTESIAN_POINT('',(-48.90317345932,-16.,15.6));
#11212 = SURFACE_CURVE('',#11213,(#11217,#11223),.PCURVE_S1.);
#11213 = LINE('',#11214,#11215);
#11214 = CARTESIAN_POINT('',(-49.5,-16.,15.6));
#11215 = VECTOR('',#11216,1.);
#11216 = DIRECTION('',(1.,0.,-0.));
#11217 = PCURVE('',#4820,#11218);
#11218 = DEFINITIONAL_REPRESENTATION('',(#11219),#11222);
#11219 = B_SPLINE_CURVE_WITH_KNOTS('',1,(#11220,#11221),.UNSPECIFIED.,
  .F.,.F.,(2,2),(0.59682654068,2.40317345932),.PIECEWISE_BEZIER_KNOTS.);
#11220 = CARTESIAN_POINT('',(-0.90317345932,-2.5));
#11221 = CARTESIAN_POINT('',(0.90317345932,-2.5));
#11222 = ( GEOMETRIC_REPRESENTATION_CONTEXT(2) 
PARAMETRIC_REPRESENTATION_CONTEXT() REPRESENTATION_CONTEXT('2D SPACE',''
  ) );
#11223 = PCURVE('',#11124,#11224);
#11224 = DEFINITIONAL_REPRESENTATION('',(#11225),#11228);
#11225 = B_SPLINE_CURVE_WITH_KNOTS('',1,(#11226,#11227),.UNSPECIFIED.,
  .F.,.F.,(2,2),(0.59682654068,2.40317345932),.PIECEWISE_BEZIER_KNOTS.);
#11226 = CARTESIAN_POINT('',(7.704511933421,-2.09682654068));
#11227 = CARTESIAN_POINT('',(7.704511933421,-3.90317345932));
#11228 = ( GEOMETRIC_REPRESENTATION_CONTEXT(2) 
PARAMETRIC_REPRESENTATION_CONTEXT() REPRESENTATION_CONTEXT('2D SPACE',''
  ) );
#11229 = ORIENTED_EDGE('',*,*,#11230,.T.);
#11230 = EDGE_CURVE('',#11210,#4773,#11231,.T.);
#11231 = SURFACE_CURVE('',#11232,(#11236,#11243),.PCURVE_S1.);
#11232 = LINE('',#11233,#11234);
#11233 = CARTESIAN_POINT('',(-48.90317345932,-10.5,15.6));
#11234 = VECTOR('',#11235,1.);
#11235 = DIRECTION('',(0.,-1.,0.));
#11236 = PCURVE('',#4820,#11237);
#11237 = DEFINITIONAL_REPRESENTATION('',(#11238),#11242);
#11238 = LINE('',#11239,#11240);
#11239 = CARTESIAN_POINT('',(-0.90317345932,3.));
#11240 = VECTOR('',#11241,1.);
#11241 = DIRECTION('',(0.,-1.));
#11242 = ( GEOMETRIC_REPRESENTATION_CONTEXT(2) 
PARAMETRIC_REPRESENTATION_CONTEXT() REPRESENTATION_CONTEXT('2D SPACE',''
  ) );
#11243 = PCURVE('',#4793,#11244);
#11244 = DEFINITIONAL_REPRESENTATION('',(#11245),#11249);
#11245 = LINE('',#11246,#11247);
#11246 = CARTESIAN_POINT('',(8.50518112654,0.));
#11247 = VECTOR('',#11248,1.);
#11248 = DIRECTION('',(0.,1.));
#11249 = ( GEOMETRIC_REPRESENTATION_CONTEXT(2) 
PARAMETRIC_REPRESENTATION_CONTEXT() REPRESENTATION_CONTEXT('2D SPACE',''
  ) );
#11250 = ORIENTED_EDGE('',*,*,#4805,.F.);
#11251 = ORIENTED_EDGE('',*,*,#11185,.T.);
#11252 = ADVANCED_FACE('',(#11253),#4793,.F.);
#11253 = FACE_BOUND('',#11254,.F.);
#11254 = EDGE_LOOP('',(#11255,#11256,#11279,#11298,#11299,#11300,#11301)
  );
#11255 = ORIENTED_EDGE('',*,*,#9210,.F.);
#11256 = ORIENTED_EDGE('',*,*,#11257,.T.);
#11257 = EDGE_CURVE('',#9178,#11258,#11260,.T.);
#11258 = VERTEX_POINT('',#11259);
#11259 = CARTESIAN_POINT('',(-49.00552840545,-11.39404517345,
    12.668937837654));
#11260 = SURFACE_CURVE('',#11261,(#11265,#11272),.PCURVE_S1.);
#11261 = LINE('',#11262,#11263);
#11262 = CARTESIAN_POINT('',(-49.20085010263,-11.19872347628,
    7.075656245758));
#11263 = VECTOR('',#11264,1.);
#11264 = DIRECTION('',(3.487826274237E-02,-3.487826274237E-02,
    0.998782765959));
#11265 = PCURVE('',#4793,#11266);
#11266 = DEFINITIONAL_REPRESENTATION('',(#11267),#11271);
#11267 = LINE('',#11268,#11269);
#11268 = CARTESIAN_POINT('',(-2.435859283889E-02,0.698723476283));
#11269 = VECTOR('',#11270,1.);
#11270 = DIRECTION('',(0.999391568299,3.487826274237E-02));
#11271 = ( GEOMETRIC_REPRESENTATION_CONTEXT(2) 
PARAMETRIC_REPRESENTATION_CONTEXT() REPRESENTATION_CONTEXT('2D SPACE',''
  ) );
#11272 = PCURVE('',#9194,#11273);
#11273 = DEFINITIONAL_REPRESENTATION('',(#11274),#11278);
#11274 = LINE('',#11275,#11276);
#11275 = CARTESIAN_POINT('',(1.569578351624,0.));
#11276 = VECTOR('',#11277,1.);
#11277 = DIRECTION('',(0.,1.));
#11278 = ( GEOMETRIC_REPRESENTATION_CONTEXT(2) 
PARAMETRIC_REPRESENTATION_CONTEXT() REPRESENTATION_CONTEXT('2D SPACE',''
  ) );
#11279 = ORIENTED_EDGE('',*,*,#11280,.F.);
#11280 = EDGE_CURVE('',#11210,#11258,#11281,.T.);
#11281 = SURFACE_CURVE('',#11282,(#11286,#11292),.PCURVE_S1.);
#11282 = LINE('',#11283,#11284);
#11283 = CARTESIAN_POINT('',(-49.06203563773,-8.851229520023,
    11.050782421833));
#11284 = VECTOR('',#11285,1.);
#11285 = DIRECTION('',(-1.87448112776E-02,0.843513256906,-0.536781163486
    ));
#11286 = PCURVE('',#4793,#11287);
#11287 = DEFINITIONAL_REPRESENTATION('',(#11288),#11291);
#11288 = B_SPLINE_CURVE_WITH_KNOTS('',1,(#11289,#11290),.UNSPECIFIED.,
  .F.,.F.,(2,2),(-8.474994816555,-1.95464679005),
  .PIECEWISE_BEZIER_KNOTS.);
#11289 = CARTESIAN_POINT('',(8.50518112654,5.5));
#11290 = CARTESIAN_POINT('',(5.003047721494,0.));
#11291 = ( GEOMETRIC_REPRESENTATION_CONTEXT(2) 
PARAMETRIC_REPRESENTATION_CONTEXT() REPRESENTATION_CONTEXT('2D SPACE',''
  ) );
#11292 = PCURVE('',#11124,#11293);
#11293 = DEFINITIONAL_REPRESENTATION('',(#11294),#11297);
#11294 = B_SPLINE_CURVE_WITH_KNOTS('',1,(#11295,#11296),.UNSPECIFIED.,
  .F.,.F.,(2,2),(-8.474994816555,-1.95464679005),
  .PIECEWISE_BEZIER_KNOTS.);
#11295 = CARTESIAN_POINT('',(7.704511933421,-2.09682654068));
#11296 = CARTESIAN_POINT('',(1.185309528219,-1.974603847459));
#11297 = ( GEOMETRIC_REPRESENTATION_CONTEXT(2) 
PARAMETRIC_REPRESENTATION_CONTEXT() REPRESENTATION_CONTEXT('2D SPACE',''
  ) );
#11298 = ORIENTED_EDGE('',*,*,#11230,.T.);
#11299 = ORIENTED_EDGE('',*,*,#4772,.F.);
#11300 = ORIENTED_EDGE('',*,*,#5393,.F.);
#11301 = ORIENTED_EDGE('',*,*,#8307,.T.);
#11302 = ADVANCED_FACE('',(#11303,#11313),#5455,.T.);
#11303 = FACE_BOUND('',#11304,.F.);
#11304 = EDGE_LOOP('',(#11305,#11306,#11307,#11308,#11309,#11310,#11311,
    #11312));
#11305 = ORIENTED_EDGE('',*,*,#5439,.T.);
#11306 = ORIENTED_EDGE('',*,*,#5493,.T.);
#11307 = ORIENTED_EDGE('',*,*,#5542,.T.);
#11308 = ORIENTED_EDGE('',*,*,#5591,.T.);
#11309 = ORIENTED_EDGE('',*,*,#5640,.T.);
#11310 = ORIENTED_EDGE('',*,*,#5689,.T.);
#11311 = ORIENTED_EDGE('',*,*,#5738,.T.);
#11312 = ORIENTED_EDGE('',*,*,#5787,.T.);
#11313 = FACE_BOUND('',#11314,.F.);
#11314 = EDGE_LOOP('',(#11315,#11345,#11373));
#11315 = ORIENTED_EDGE('',*,*,#11316,.T.);
#11316 = EDGE_CURVE('',#11317,#11319,#11321,.T.);
#11317 = VERTEX_POINT('',#11318);
#11318 = CARTESIAN_POINT('',(4.69287109375,-18.6,9.5333984375));
#11319 = VERTEX_POINT('',#11320);
#11320 = CARTESIAN_POINT('',(3.9921875,-18.6,7.503125));
#11321 = SURFACE_CURVE('',#11322,(#11326,#11333),.PCURVE_S1.);
#11322 = LINE('',#11323,#11324);
#11323 = CARTESIAN_POINT('',(4.69287109375,-18.6,9.5333984375));
#11324 = VECTOR('',#11325,1.);
#11325 = DIRECTION('',(-0.326235892562,-0.,-0.94528839113));
#11326 = PCURVE('',#5455,#11327);
#11327 = DEFINITIONAL_REPRESENTATION('',(#11328),#11332);
#11328 = LINE('',#11329,#11330);
#11329 = CARTESIAN_POINT('',(2.71044921875,3.90673828125));
#11330 = VECTOR('',#11331,1.);
#11331 = DIRECTION('',(-0.326235892562,-0.94528839113));
#11332 = ( GEOMETRIC_REPRESENTATION_CONTEXT(2) 
PARAMETRIC_REPRESENTATION_CONTEXT() REPRESENTATION_CONTEXT('2D SPACE',''
  ) );
#11333 = PCURVE('',#11334,#11339);
#11334 = PLANE('',#11335);
#11335 = AXIS2_PLACEMENT_3D('',#11336,#11337,#11338);
#11336 = CARTESIAN_POINT('',(4.69287109375,-18.,9.5333984375));
#11337 = DIRECTION('',(0.94528839113,0.,-0.326235892562));
#11338 = DIRECTION('',(-0.326235892562,-0.,-0.94528839113));
#11339 = DEFINITIONAL_REPRESENTATION('',(#11340),#11344);
#11340 = LINE('',#11341,#11342);
#11341 = CARTESIAN_POINT('',(0.,-0.6));
#11342 = VECTOR('',#11343,1.);
#11343 = DIRECTION('',(1.,0.));
#11344 = ( GEOMETRIC_REPRESENTATION_CONTEXT(2) 
PARAMETRIC_REPRESENTATION_CONTEXT() REPRESENTATION_CONTEXT('2D SPACE',''
  ) );
#11345 = ORIENTED_EDGE('',*,*,#11346,.T.);
#11346 = EDGE_CURVE('',#11319,#11347,#11349,.T.);
#11347 = VERTEX_POINT('',#11348);
#11348 = CARTESIAN_POINT('',(5.39013671875,-18.6,7.503125));
#11349 = SURFACE_CURVE('',#11350,(#11354,#11361),.PCURVE_S1.);
#11350 = LINE('',#11351,#11352);
#11351 = CARTESIAN_POINT('',(3.9921875,-18.6,7.503125));
#11352 = VECTOR('',#11353,1.);
#11353 = DIRECTION('',(1.,0.,0.));
#11354 = PCURVE('',#5455,#11355);
#11355 = DEFINITIONAL_REPRESENTATION('',(#11356),#11360);
#11356 = LINE('',#11357,#11358);
#11357 = CARTESIAN_POINT('',(2.009765625,1.87646484375));
#11358 = VECTOR('',#11359,1.);
#11359 = DIRECTION('',(1.,0.));
#11360 = ( GEOMETRIC_REPRESENTATION_CONTEXT(2) 
PARAMETRIC_REPRESENTATION_CONTEXT() REPRESENTATION_CONTEXT('2D SPACE',''
  ) );
#11361 = PCURVE('',#11362,#11367);
#11362 = PLANE('',#11363);
#11363 = AXIS2_PLACEMENT_3D('',#11364,#11365,#11366);
#11364 = CARTESIAN_POINT('',(3.9921875,-18.,7.503125));
#11365 = DIRECTION('',(0.,0.,1.));
#11366 = DIRECTION('',(1.,0.,0.));
#11367 = DEFINITIONAL_REPRESENTATION('',(#11368),#11372);
#11368 = LINE('',#11369,#11370);
#11369 = CARTESIAN_POINT('',(0.,-0.6));
#11370 = VECTOR('',#11371,1.);
#11371 = DIRECTION('',(1.,0.));
#11372 = ( GEOMETRIC_REPRESENTATION_CONTEXT(2) 
PARAMETRIC_REPRESENTATION_CONTEXT() REPRESENTATION_CONTEXT('2D SPACE',''
  ) );
#11373 = ORIENTED_EDGE('',*,*,#11374,.T.);
#11374 = EDGE_CURVE('',#11347,#11317,#11375,.T.);
#11375 = SURFACE_CURVE('',#11376,(#11380,#11387),.PCURVE_S1.);
#11376 = LINE('',#11377,#11378);
#11377 = CARTESIAN_POINT('',(5.39013671875,-18.6,7.503125));
#11378 = VECTOR('',#11379,1.);
#11379 = DIRECTION('',(-0.324812763302,0.,0.945778340203));
#11380 = PCURVE('',#5455,#11381);
#11381 = DEFINITIONAL_REPRESENTATION('',(#11382),#11386);
#11382 = LINE('',#11383,#11384);
#11383 = CARTESIAN_POINT('',(3.40771484375,1.87646484375));
#11384 = VECTOR('',#11385,1.);
#11385 = DIRECTION('',(-0.324812763302,0.945778340203));
#11386 = ( GEOMETRIC_REPRESENTATION_CONTEXT(2) 
PARAMETRIC_REPRESENTATION_CONTEXT() REPRESENTATION_CONTEXT('2D SPACE',''
  ) );
#11387 = PCURVE('',#11388,#11393);
#11388 = PLANE('',#11389);
#11389 = AXIS2_PLACEMENT_3D('',#11390,#11391,#11392);
#11390 = CARTESIAN_POINT('',(5.39013671875,-18.,7.503125));
#11391 = DIRECTION('',(-0.945778340203,-0.,-0.324812763302));
#11392 = DIRECTION('',(-0.324812763302,0.,0.945778340203));
#11393 = DEFINITIONAL_REPRESENTATION('',(#11394),#11398);
#11394 = LINE('',#11395,#11396);
#11395 = CARTESIAN_POINT('',(0.,-0.6));
#11396 = VECTOR('',#11397,1.);
#11397 = DIRECTION('',(1.,0.));
#11398 = ( GEOMETRIC_REPRESENTATION_CONTEXT(2) 
PARAMETRIC_REPRESENTATION_CONTEXT() REPRESENTATION_CONTEXT('2D SPACE',''
  ) );
#11399 = ADVANCED_FACE('',(#11400),#5852,.T.);
#11400 = FACE_BOUND('',#11401,.F.);
#11401 = EDGE_LOOP('',(#11402,#11403,#11404,#11405,#11406,#11407));
#11402 = ORIENTED_EDGE('',*,*,#5836,.T.);
#11403 = ORIENTED_EDGE('',*,*,#5890,.T.);
#11404 = ORIENTED_EDGE('',*,*,#5939,.T.);
#11405 = ORIENTED_EDGE('',*,*,#5988,.T.);
#11406 = ORIENTED_EDGE('',*,*,#6037,.T.);
#11407 = ORIENTED_EDGE('',*,*,#6086,.T.);
#11408 = ADVANCED_FACE('',(#11409),#6151,.T.);
#11409 = FACE_BOUND('',#11410,.F.);
#11410 = EDGE_LOOP('',(#11411,#11412,#11413,#11414,#11415,#11416,#11417,
    #11418,#11419,#11420,#11421,#11422,#11423,#11424,#11425,#11426,
    #11427,#11428,#11429,#11430,#11431,#11432,#11433,#11434,#11435,
    #11436,#11437,#11438));
#11411 = ORIENTED_EDGE('',*,*,#6135,.T.);
#11412 = ORIENTED_EDGE('',*,*,#6189,.T.);
#11413 = ORIENTED_EDGE('',*,*,#6238,.T.);
#11414 = ORIENTED_EDGE('',*,*,#6287,.T.);
#11415 = ORIENTED_EDGE('',*,*,#6336,.T.);
#11416 = ORIENTED_EDGE('',*,*,#6385,.T.);
#11417 = ORIENTED_EDGE('',*,*,#6434,.T.);
#11418 = ORIENTED_EDGE('',*,*,#6483,.T.);
#11419 = ORIENTED_EDGE('',*,*,#6532,.T.);
#11420 = ORIENTED_EDGE('',*,*,#6581,.T.);
#11421 = ORIENTED_EDGE('',*,*,#6630,.T.);
#11422 = ORIENTED_EDGE('',*,*,#6679,.T.);
#11423 = ORIENTED_EDGE('',*,*,#6728,.T.);
#11424 = ORIENTED_EDGE('',*,*,#6777,.T.);
#11425 = ORIENTED_EDGE('',*,*,#6826,.T.);
#11426 = ORIENTED_EDGE('',*,*,#6875,.T.);
#11427 = ORIENTED_EDGE('',*,*,#6924,.T.);
#11428 = ORIENTED_EDGE('',*,*,#6973,.T.);
#11429 = ORIENTED_EDGE('',*,*,#7022,.T.);
#11430 = ORIENTED_EDGE('',*,*,#7071,.T.);
#11431 = ORIENTED_EDGE('',*,*,#7120,.T.);
#11432 = ORIENTED_EDGE('',*,*,#7169,.T.);
#11433 = ORIENTED_EDGE('',*,*,#7218,.T.);
#11434 = ORIENTED_EDGE('',*,*,#7267,.T.);
#11435 = ORIENTED_EDGE('',*,*,#7316,.T.);
#11436 = ORIENTED_EDGE('',*,*,#7365,.T.);
#11437 = ORIENTED_EDGE('',*,*,#7414,.T.);
#11438 = ORIENTED_EDGE('',*,*,#7463,.T.);
#11439 = ADVANCED_FACE('',(#11440),#7528,.T.);
#11440 = FACE_BOUND('',#11441,.F.);
#11441 = EDGE_LOOP('',(#11442,#11443,#11444,#11445,#11446,#11447,#11448,
    #11449));
#11442 = ORIENTED_EDGE('',*,*,#7512,.T.);
#11443 = ORIENTED_EDGE('',*,*,#7566,.T.);
#11444 = ORIENTED_EDGE('',*,*,#7615,.T.);
#11445 = ORIENTED_EDGE('',*,*,#7664,.T.);
#11446 = ORIENTED_EDGE('',*,*,#7713,.T.);
#11447 = ORIENTED_EDGE('',*,*,#7762,.T.);
#11448 = ORIENTED_EDGE('',*,*,#7811,.T.);
#11449 = ORIENTED_EDGE('',*,*,#7860,.T.);
#11450 = ADVANCED_FACE('',(#11451,#11461),#7925,.T.);
#11451 = FACE_BOUND('',#11452,.F.);
#11452 = EDGE_LOOP('',(#11453,#11454,#11455,#11456,#11457,#11458,#11459,
    #11460));
#11453 = ORIENTED_EDGE('',*,*,#7909,.T.);
#11454 = ORIENTED_EDGE('',*,*,#7963,.T.);
#11455 = ORIENTED_EDGE('',*,*,#8012,.T.);
#11456 = ORIENTED_EDGE('',*,*,#8061,.T.);
#11457 = ORIENTED_EDGE('',*,*,#8110,.T.);
#11458 = ORIENTED_EDGE('',*,*,#8159,.T.);
#11459 = ORIENTED_EDGE('',*,*,#8208,.T.);
#11460 = ORIENTED_EDGE('',*,*,#8257,.T.);
#11461 = FACE_BOUND('',#11462,.F.);
#11462 = EDGE_LOOP('',(#11463,#11493,#11521));
#11463 = ORIENTED_EDGE('',*,*,#11464,.T.);
#11464 = EDGE_CURVE('',#11465,#11467,#11469,.T.);
#11465 = VERTEX_POINT('',#11466);
#11466 = CARTESIAN_POINT('',(-9.41650390625,-18.6,9.5333984375));
#11467 = VERTEX_POINT('',#11468);
#11468 = CARTESIAN_POINT('',(-10.1171875,-18.6,7.503125));
#11469 = SURFACE_CURVE('',#11470,(#11474,#11481),.PCURVE_S1.);
#11470 = LINE('',#11471,#11472);
#11471 = CARTESIAN_POINT('',(-9.41650390625,-18.6,9.5333984375));
#11472 = VECTOR('',#11473,1.);
#11473 = DIRECTION('',(-0.326235892562,-0.,-0.94528839113));
#11474 = PCURVE('',#7925,#11475);
#11475 = DEFINITIONAL_REPRESENTATION('',(#11476),#11480);
#11476 = LINE('',#11477,#11478);
#11477 = CARTESIAN_POINT('',(2.71044921875,3.90673828125));
#11478 = VECTOR('',#11479,1.);
#11479 = DIRECTION('',(-0.326235892562,-0.94528839113));
#11480 = ( GEOMETRIC_REPRESENTATION_CONTEXT(2) 
PARAMETRIC_REPRESENTATION_CONTEXT() REPRESENTATION_CONTEXT('2D SPACE',''
  ) );
#11481 = PCURVE('',#11482,#11487);
#11482 = PLANE('',#11483);
#11483 = AXIS2_PLACEMENT_3D('',#11484,#11485,#11486);
#11484 = CARTESIAN_POINT('',(-9.41650390625,-18.,9.5333984375));
#11485 = DIRECTION('',(0.94528839113,0.,-0.326235892562));
#11486 = DIRECTION('',(-0.326235892562,-0.,-0.94528839113));
#11487 = DEFINITIONAL_REPRESENTATION('',(#11488),#11492);
#11488 = LINE('',#11489,#11490);
#11489 = CARTESIAN_POINT('',(0.,-0.6));
#11490 = VECTOR('',#11491,1.);
#11491 = DIRECTION('',(1.,0.));
#11492 = ( GEOMETRIC_REPRESENTATION_CONTEXT(2) 
PARAMETRIC_REPRESENTATION_CONTEXT() REPRESENTATION_CONTEXT('2D SPACE',''
  ) );
#11493 = ORIENTED_EDGE('',*,*,#11494,.T.);
#11494 = EDGE_CURVE('',#11467,#11495,#11497,.T.);
#11495 = VERTEX_POINT('',#11496);
#11496 = CARTESIAN_POINT('',(-8.71923828125,-18.6,7.503125));
#11497 = SURFACE_CURVE('',#11498,(#11502,#11509),.PCURVE_S1.);
#11498 = LINE('',#11499,#11500);
#11499 = CARTESIAN_POINT('',(-10.1171875,-18.6,7.503125));
#11500 = VECTOR('',#11501,1.);
#11501 = DIRECTION('',(1.,0.,0.));
#11502 = PCURVE('',#7925,#11503);
#11503 = DEFINITIONAL_REPRESENTATION('',(#11504),#11508);
#11504 = LINE('',#11505,#11506);
#11505 = CARTESIAN_POINT('',(2.009765625,1.87646484375));
#11506 = VECTOR('',#11507,1.);
#11507 = DIRECTION('',(1.,0.));
#11508 = ( GEOMETRIC_REPRESENTATION_CONTEXT(2) 
PARAMETRIC_REPRESENTATION_CONTEXT() REPRESENTATION_CONTEXT('2D SPACE',''
  ) );
#11509 = PCURVE('',#11510,#11515);
#11510 = PLANE('',#11511);
#11511 = AXIS2_PLACEMENT_3D('',#11512,#11513,#11514);
#11512 = CARTESIAN_POINT('',(-10.1171875,-18.,7.503125));
#11513 = DIRECTION('',(0.,0.,1.));
#11514 = DIRECTION('',(1.,0.,0.));
#11515 = DEFINITIONAL_REPRESENTATION('',(#11516),#11520);
#11516 = LINE('',#11517,#11518);
#11517 = CARTESIAN_POINT('',(0.,-0.6));
#11518 = VECTOR('',#11519,1.);
#11519 = DIRECTION('',(1.,0.));
#11520 = ( GEOMETRIC_REPRESENTATION_CONTEXT(2) 
PARAMETRIC_REPRESENTATION_CONTEXT() REPRESENTATION_CONTEXT('2D SPACE',''
  ) );
#11521 = ORIENTED_EDGE('',*,*,#11522,.T.);
#11522 = EDGE_CURVE('',#11495,#11465,#11523,.T.);
#11523 = SURFACE_CURVE('',#11524,(#11528,#11535),.PCURVE_S1.);
#11524 = LINE('',#11525,#11526);
#11525 = CARTESIAN_POINT('',(-8.71923828125,-18.6,7.503125));
#11526 = VECTOR('',#11527,1.);
#11527 = DIRECTION('',(-0.324812763302,0.,0.945778340203));
#11528 = PCURVE('',#7925,#11529);
#11529 = DEFINITIONAL_REPRESENTATION('',(#11530),#11534);
#11530 = LINE('',#11531,#11532);
#11531 = CARTESIAN_POINT('',(3.40771484375,1.87646484375));
#11532 = VECTOR('',#11533,1.);
#11533 = DIRECTION('',(-0.324812763302,0.945778340203));
#11534 = ( GEOMETRIC_REPRESENTATION_CONTEXT(2) 
PARAMETRIC_REPRESENTATION_CONTEXT() REPRESENTATION_CONTEXT('2D SPACE',''
  ) );
#11535 = PCURVE('',#11536,#11541);
#11536 = PLANE('',#11537);
#11537 = AXIS2_PLACEMENT_3D('',#11538,#11539,#11540);
#11538 = CARTESIAN_POINT('',(-8.71923828125,-18.,7.503125));
#11539 = DIRECTION('',(-0.945778340203,-0.,-0.324812763302));
#11540 = DIRECTION('',(-0.324812763302,0.,0.945778340203));
#11541 = DEFINITIONAL_REPRESENTATION('',(#11542),#11546);
#11542 = LINE('',#11543,#11544);
#11543 = CARTESIAN_POINT('',(0.,-0.6));
#11544 = VECTOR('',#11545,1.);
#11545 = DIRECTION('',(1.,0.));
#11546 = ( GEOMETRIC_REPRESENTATION_CONTEXT(2) 
PARAMETRIC_REPRESENTATION_CONTEXT() REPRESENTATION_CONTEXT('2D SPACE',''
  ) );
#11547 = ADVANCED_FACE('',(#11548),#8474,.T.);
#11548 = FACE_BOUND('',#11549,.T.);
#11549 = EDGE_LOOP('',(#11550,#11573,#11610,#11635,#11636));
#11550 = ORIENTED_EDGE('',*,*,#11551,.T.);
#11551 = EDGE_CURVE('',#8458,#11552,#11554,.T.);
#11552 = VERTEX_POINT('',#11553);
#11553 = CARTESIAN_POINT('',(48.334715190682,-10.6657112304,
    11.845348765686));
#11554 = SURFACE_CURVE('',#11555,(#11559,#11566),.PCURVE_S1.);
#11555 = LINE('',#11556,#11557);
#11556 = CARTESIAN_POINT('',(48.501277447597,-10.49914897349,
    7.075629789309));
#11557 = VECTOR('',#11558,1.);
#11558 = DIRECTION('',(-3.487826274237E-02,-3.487826274237E-02,
    0.998782765959));
#11559 = PCURVE('',#8474,#11560);
#11560 = DEFINITIONAL_REPRESENTATION('',(#11561),#11565);
#11561 = LINE('',#11562,#11563);
#11562 = CARTESIAN_POINT('',(1.569578351624,0.));
#11563 = VECTOR('',#11564,1.);
#11564 = DIRECTION('',(0.,1.));
#11565 = ( GEOMETRIC_REPRESENTATION_CONTEXT(2) 
PARAMETRIC_REPRESENTATION_CONTEXT() REPRESENTATION_CONTEXT('2D SPACE',''
  ) );
#11566 = PCURVE('',#8506,#11567);
#11567 = DEFINITIONAL_REPRESENTATION('',(#11568),#11572);
#11568 = LINE('',#11569,#11570);
#11569 = CARTESIAN_POINT('',(-2.438506541356E-02,0.698722552403));
#11570 = VECTOR('',#11571,1.);
#11571 = DIRECTION('',(0.999391568299,3.487826274237E-02));
#11572 = ( GEOMETRIC_REPRESENTATION_CONTEXT(2) 
PARAMETRIC_REPRESENTATION_CONTEXT() REPRESENTATION_CONTEXT('2D SPACE',''
  ) );
#11573 = ORIENTED_EDGE('',*,*,#11574,.T.);
#11574 = EDGE_CURVE('',#11552,#11575,#11577,.T.);
#11575 = VERTEX_POINT('',#11576);
#11576 = CARTESIAN_POINT('',(48.892014063026,-10.98947196478,
    12.411482159407));
#11577 = SURFACE_CURVE('',#11578,(#11583,#11594),.PCURVE_S1.);
#11578 = ELLIPSE('',#11579,0.973124496996,0.7);
#11579 = AXIS2_PLACEMENT_3D('',#11580,#11581,#11582);
#11580 = CARTESIAN_POINT('',(48.334715190682,-11.36528480931,
    11.820919117995));
#11581 = DIRECTION('',(0.719332420631,2.42434942052E-02,-0.694242840523)
  );
#11582 = DIRECTION('',(0.694666012289,-2.510433944182E-02,0.718894222756
    ));
#11583 = PCURVE('',#8474,#11584);
#11584 = DEFINITIONAL_REPRESENTATION('',(#11585),#11593);
#11585 = B_SPLINE_CURVE_WITH_KNOTS('',6,(#11586,#11587,#11588,#11589,
    #11590,#11591,#11592),.UNSPECIFIED.,.F.,.F.,(7,7),(4.712388980385,
    5.681549504615),.PIECEWISE_BEZIER_KNOTS.);
#11586 = CARTESIAN_POINT('',(1.569578351624,4.775531916391));
#11587 = CARTESIAN_POINT('',(1.408051597585,4.884723439004));
#11588 = CARTESIAN_POINT('',(1.246524843547,4.993914402304));
#11589 = CARTESIAN_POINT('',(1.084998089508,5.097980900727));
#11590 = CARTESIAN_POINT('',(0.92347133547,5.191779799234));
#11591 = CARTESIAN_POINT('',(0.761944581431,5.27102928193));
#11592 = CARTESIAN_POINT('',(0.600417827393,5.332830788736));
#11593 = ( GEOMETRIC_REPRESENTATION_CONTEXT(2) 
PARAMETRIC_REPRESENTATION_CONTEXT() REPRESENTATION_CONTEXT('2D SPACE',''
  ) );
#11594 = PCURVE('',#11595,#11600);
#11595 = CYLINDRICAL_SURFACE('',#11596,0.7);
#11596 = AXIS2_PLACEMENT_3D('',#11597,#11598,#11599);
#11597 = CARTESIAN_POINT('',(46.978572132359,-11.36528480931,
    11.820919117995));
#11598 = DIRECTION('',(1.,-0.,0.));
#11599 = DIRECTION('',(0.,0.999390827019,3.48994967025E-02));
#11600 = DEFINITIONAL_REPRESENTATION('',(#11601),#11609);
#11601 = B_SPLINE_CURVE_WITH_KNOTS('',6,(#11602,#11603,#11604,#11605,
    #11606,#11607,#11608),.UNSPECIFIED.,.F.,.F.,(7,7),(4.712388980385,
    5.681549504615),.PIECEWISE_BEZIER_KNOTS.);
#11602 = CARTESIAN_POINT('',(0.,1.356143058323));
#11603 = CARTESIAN_POINT('',(0.161526754038,1.465334580937));
#11604 = CARTESIAN_POINT('',(0.323053508077,1.574525544237));
#11605 = CARTESIAN_POINT('',(0.484580262115,1.678592042659));
#11606 = CARTESIAN_POINT('',(0.646107016154,1.772390941166));
#11607 = CARTESIAN_POINT('',(0.807633770192,1.851640423862));
#11608 = CARTESIAN_POINT('',(0.969160524231,1.913441930668));
#11609 = ( GEOMETRIC_REPRESENTATION_CONTEXT(2) 
PARAMETRIC_REPRESENTATION_CONTEXT() REPRESENTATION_CONTEXT('2D SPACE',''
  ) );
#11610 = ORIENTED_EDGE('',*,*,#11611,.T.);
#11611 = EDGE_CURVE('',#11575,#9969,#11612,.T.);
#11612 = SURFACE_CURVE('',#11613,(#11618,#11628),.PCURVE_S1.);
#11613 = ELLIPSE('',#11614,0.84960811303,0.7);
#11614 = AXIS2_PLACEMENT_3D('',#11615,#11616,#11617);
#11615 = CARTESIAN_POINT('',(48.305082335688,-11.39491766431,
    12.669493059108));
#11616 = DIRECTION('',(0.,-0.536875492193,-0.843661487732));
#11617 = DIRECTION('',(-6.154389556142E-02,-0.842062224259,
    0.535857779074));
#11618 = PCURVE('',#8474,#11619);
#11619 = DEFINITIONAL_REPRESENTATION('',(#11620),#11627);
#11620 = B_SPLINE_CURVE_WITH_KNOTS('',5,(#11621,#11622,#11623,#11624,
    #11625,#11626),.UNSPECIFIED.,.F.,.F.,(6,6),(4.059993927419,
    4.660411754813),.PIECEWISE_BEZIER_KNOTS.);
#11621 = CARTESIAN_POINT('',(0.600417827394,5.332830788736));
#11622 = CARTESIAN_POINT('',(0.480334261915,5.378775779914));
#11623 = CARTESIAN_POINT('',(0.360250696436,5.429989411008));
#11624 = CARTESIAN_POINT('',(0.240167130957,5.485093168626));
#11625 = CARTESIAN_POINT('',(0.120083565479,5.542383595049));
#11626 = CARTESIAN_POINT('',(-5.329070518201E-15,5.600124710778));
#11627 = ( GEOMETRIC_REPRESENTATION_CONTEXT(2) 
PARAMETRIC_REPRESENTATION_CONTEXT() REPRESENTATION_CONTEXT('2D SPACE',''
  ) );
#11628 = PCURVE('',#9985,#11629);
#11629 = DEFINITIONAL_REPRESENTATION('',(#11630),#11634);
#11630 = ELLIPSE('',#11631,0.84960811303,0.7);
#11631 = AXIS2_PLACEMENT_2D('',#11632,#11633);
#11632 = CARTESIAN_POINT('',(2.246063962699,-3.305082335688));
#11633 = DIRECTION('',(0.998104377768,6.154389556142E-02));
#11634 = ( GEOMETRIC_REPRESENTATION_CONTEXT(2) 
PARAMETRIC_REPRESENTATION_CONTEXT() REPRESENTATION_CONTEXT('2D SPACE',''
  ) );
#11635 = ORIENTED_EDGE('',*,*,#9996,.F.);
#11636 = ORIENTED_EDGE('',*,*,#8457,.F.);
#11637 = ADVANCED_FACE('',(#11638),#8506,.F.);
#11638 = FACE_BOUND('',#11639,.F.);
#11639 = EDGE_LOOP('',(#11640,#11641,#11642,#11665));
#11640 = ORIENTED_EDGE('',*,*,#8490,.F.);
#11641 = ORIENTED_EDGE('',*,*,#11551,.T.);
#11642 = ORIENTED_EDGE('',*,*,#11643,.F.);
#11643 = EDGE_CURVE('',#11644,#11552,#11646,.T.);
#11644 = VERTEX_POINT('',#11645);
#11645 = CARTESIAN_POINT('',(47.665284809318,-10.6657112304,
    11.845348765686));
#11646 = SURFACE_CURVE('',#11647,(#11651,#11658),.PCURVE_S1.);
#11647 = LINE('',#11648,#11649);
#11648 = CARTESIAN_POINT('',(46.978572132359,-10.6657112304,
    11.845348765686));
#11649 = VECTOR('',#11650,1.);
#11650 = DIRECTION('',(1.,-0.,0.));
#11651 = PCURVE('',#8506,#11652);
#11652 = DEFINITIONAL_REPRESENTATION('',(#11653),#11657);
#11653 = LINE('',#11654,#11655);
#11654 = CARTESIAN_POINT('',(4.748241265972,2.221427867641));
#11655 = VECTOR('',#11656,1.);
#11656 = DIRECTION('',(0.,-1.));
#11657 = ( GEOMETRIC_REPRESENTATION_CONTEXT(2) 
PARAMETRIC_REPRESENTATION_CONTEXT() REPRESENTATION_CONTEXT('2D SPACE',''
  ) );
#11658 = PCURVE('',#11595,#11659);
#11659 = DEFINITIONAL_REPRESENTATION('',(#11660),#11664);
#11660 = LINE('',#11661,#11662);
#11661 = CARTESIAN_POINT('',(0.,0.));
#11662 = VECTOR('',#11663,1.);
#11663 = DIRECTION('',(0.,1.));
#11664 = ( GEOMETRIC_REPRESENTATION_CONTEXT(2) 
PARAMETRIC_REPRESENTATION_CONTEXT() REPRESENTATION_CONTEXT('2D SPACE',''
  ) );
#11665 = ORIENTED_EDGE('',*,*,#11666,.F.);
#11666 = EDGE_CURVE('',#8491,#11644,#11667,.T.);
#11667 = SURFACE_CURVE('',#11668,(#11672,#11679),.PCURVE_S1.);
#11668 = LINE('',#11669,#11670);
#11669 = CARTESIAN_POINT('',(47.498723476283,-10.49914989737,
    7.075656245758));
#11670 = VECTOR('',#11671,1.);
#11671 = DIRECTION('',(3.487826274237E-02,-3.487826274237E-02,
    0.998782765959));
#11672 = PCURVE('',#8506,#11673);
#11673 = DEFINITIONAL_REPRESENTATION('',(#11674),#11678);
#11674 = LINE('',#11675,#11676);
#11675 = CARTESIAN_POINT('',(-2.435859283889E-02,1.701276523717));
#11676 = VECTOR('',#11677,1.);
#11677 = DIRECTION('',(0.999391568299,-3.487826274237E-02));
#11678 = ( GEOMETRIC_REPRESENTATION_CONTEXT(2) 
PARAMETRIC_REPRESENTATION_CONTEXT() REPRESENTATION_CONTEXT('2D SPACE',''
  ) );
#11679 = PCURVE('',#8534,#11680);
#11680 = DEFINITIONAL_REPRESENTATION('',(#11681),#11685);
#11681 = LINE('',#11682,#11683);
#11682 = CARTESIAN_POINT('',(0.,0.));
#11683 = VECTOR('',#11684,1.);
#11684 = DIRECTION('',(0.,1.));
#11685 = ( GEOMETRIC_REPRESENTATION_CONTEXT(2) 
PARAMETRIC_REPRESENTATION_CONTEXT() REPRESENTATION_CONTEXT('2D SPACE',''
  ) );
#11686 = ADVANCED_FACE('',(#11687),#8534,.T.);
#11687 = FACE_BOUND('',#11688,.T.);
#11688 = EDGE_LOOP('',(#11689,#11721,#11722,#11723,#11724));
#11689 = ORIENTED_EDGE('',*,*,#11690,.F.);
#11690 = EDGE_CURVE('',#11644,#11691,#11693,.T.);
#11691 = VERTEX_POINT('',#11692);
#11692 = CARTESIAN_POINT('',(47.107985936972,-10.98947196478,
    12.411482159407));
#11693 = SURFACE_CURVE('',#11694,(#11699,#11710),.PCURVE_S1.);
#11694 = ELLIPSE('',#11695,0.973124496996,0.7);
#11695 = AXIS2_PLACEMENT_3D('',#11696,#11697,#11698);
#11696 = CARTESIAN_POINT('',(47.665284809318,-11.36528480931,
    11.820919117995));
#11697 = DIRECTION('',(0.719332420631,-2.42434942052E-02,0.694242840523)
  );
#11698 = DIRECTION('',(0.694666012289,2.510433944182E-02,-0.718894222756
    ));
#11699 = PCURVE('',#8534,#11700);
#11700 = DEFINITIONAL_REPRESENTATION('',(#11701),#11709);
#11701 = B_SPLINE_CURVE_WITH_KNOTS('',6,(#11702,#11703,#11704,#11705,
    #11706,#11707,#11708),.UNSPECIFIED.,.F.,.F.,(7,7),(1.570796326795,
    2.539956851026),.PIECEWISE_BEZIER_KNOTS.);
#11702 = CARTESIAN_POINT('',(-9.769962616701E-15,4.7755054277));
#11703 = CARTESIAN_POINT('',(0.161526754039,4.884696950313));
#11704 = CARTESIAN_POINT('',(0.323053508077,4.993887913613));
#11705 = CARTESIAN_POINT('',(0.484580262116,5.097954412036));
#11706 = CARTESIAN_POINT('',(0.646107016154,5.191753310543));
#11707 = CARTESIAN_POINT('',(0.807633770193,5.271002793239));
#11708 = CARTESIAN_POINT('',(0.969160524231,5.332804300045));
#11709 = ( GEOMETRIC_REPRESENTATION_CONTEXT(2) 
PARAMETRIC_REPRESENTATION_CONTEXT() REPRESENTATION_CONTEXT('2D SPACE',''
  ) );
#11710 = PCURVE('',#11595,#11711);
#11711 = DEFINITIONAL_REPRESENTATION('',(#11712),#11720);
#11712 = B_SPLINE_CURVE_WITH_KNOTS('',6,(#11713,#11714,#11715,#11716,
    #11717,#11718,#11719),.UNSPECIFIED.,.F.,.F.,(7,7),(1.570796326795,
    2.539956851026),.PIECEWISE_BEZIER_KNOTS.);
#11713 = CARTESIAN_POINT('',(0.,0.686712676959));
#11714 = CARTESIAN_POINT('',(0.161526754039,0.577521154345));
#11715 = CARTESIAN_POINT('',(0.323053508077,0.468330191045));
#11716 = CARTESIAN_POINT('',(0.484580262116,0.364263692623));
#11717 = CARTESIAN_POINT('',(0.646107016154,0.270464794116));
#11718 = CARTESIAN_POINT('',(0.807633770193,0.19121531142));
#11719 = CARTESIAN_POINT('',(0.969160524231,0.129413804613));
#11720 = ( GEOMETRIC_REPRESENTATION_CONTEXT(2) 
PARAMETRIC_REPRESENTATION_CONTEXT() REPRESENTATION_CONTEXT('2D SPACE',''
  ) );
#11721 = ORIENTED_EDGE('',*,*,#11666,.F.);
#11722 = ORIENTED_EDGE('',*,*,#8517,.F.);
#11723 = ORIENTED_EDGE('',*,*,#10093,.T.);
#11724 = ORIENTED_EDGE('',*,*,#11725,.F.);
#11725 = EDGE_CURVE('',#11691,#10094,#11726,.T.);
#11726 = SURFACE_CURVE('',#11727,(#11732,#11742),.PCURVE_S1.);
#11727 = ELLIPSE('',#11728,0.84960811303,0.7);
#11728 = AXIS2_PLACEMENT_3D('',#11729,#11730,#11731);
#11729 = CARTESIAN_POINT('',(47.694917664312,-11.39491766431,
    12.669493059108));
#11730 = DIRECTION('',(0.,0.536875492193,0.843661487732));
#11731 = DIRECTION('',(6.154389556142E-02,-0.842062224259,0.535857779074
    ));
#11732 = PCURVE('',#8534,#11733);
#11733 = DEFINITIONAL_REPRESENTATION('',(#11734),#11741);
#11734 = B_SPLINE_CURVE_WITH_KNOTS('',5,(#11735,#11736,#11737,#11738,
    #11739,#11740),.UNSPECIFIED.,.F.,.F.,(6,6),(4.05999392742,
    4.660411754813),.PIECEWISE_BEZIER_KNOTS.);
#11735 = CARTESIAN_POINT('',(0.969160524231,5.332804300045));
#11736 = CARTESIAN_POINT('',(1.08924408971,5.378749291223));
#11737 = CARTESIAN_POINT('',(1.209327655188,5.429962922318));
#11738 = CARTESIAN_POINT('',(1.329411220667,5.485066679935));
#11739 = CARTESIAN_POINT('',(1.449494786145,5.542357106358));
#11740 = CARTESIAN_POINT('',(1.569578351624,5.600098222087));
#11741 = ( GEOMETRIC_REPRESENTATION_CONTEXT(2) 
PARAMETRIC_REPRESENTATION_CONTEXT() REPRESENTATION_CONTEXT('2D SPACE',''
  ) );
#11742 = PCURVE('',#9985,#11743);
#11743 = DEFINITIONAL_REPRESENTATION('',(#11744),#11752);
#11744 = ( BOUNDED_CURVE() B_SPLINE_CURVE(2,(#11745,#11746,#11747,#11748
    ,#11749,#11750,#11751),.UNSPECIFIED.,.T.,.F.) 
B_SPLINE_CURVE_WITH_KNOTS((1,2,2,2,2,1),(-2.094395102393,0.,
    2.094395102393,4.188790204786,6.28318530718,8.377580409573),
.UNSPECIFIED.) CURVE() GEOMETRIC_REPRESENTATION_ITEM() 
RATIONAL_B_SPLINE_CURVE((1.,0.5,1.,0.5,1.,0.5,1.)) REPRESENTATION_ITEM(
  '') );
#11745 = CARTESIAN_POINT('',(3.094061539701,-2.747205857289));
#11746 = CARTESIAN_POINT('',(3.019443531896,-3.957343102774));
#11747 = CARTESIAN_POINT('',(1.784756170295,-3.273842190567));
#11748 = CARTESIAN_POINT('',(0.550068808695,-2.590341278359));
#11749 = CARTESIAN_POINT('',(1.859374178101,-2.063704945081));
#11750 = CARTESIAN_POINT('',(3.168679547507,-1.537068611803));
#11751 = CARTESIAN_POINT('',(3.094061539701,-2.747205857289));
#11752 = ( GEOMETRIC_REPRESENTATION_CONTEXT(2) 
PARAMETRIC_REPRESENTATION_CONTEXT() REPRESENTATION_CONTEXT('2D SPACE',''
  ) );
#11753 = ADVANCED_FACE('',(#11754),#8588,.F.);
#11754 = FACE_BOUND('',#11755,.F.);
#11755 = EDGE_LOOP('',(#11756,#11757,#11758,#11759));
#11756 = ORIENTED_EDGE('',*,*,#10284,.F.);
#11757 = ORIENTED_EDGE('',*,*,#8572,.T.);
#11758 = ORIENTED_EDGE('',*,*,#10158,.F.);
#11759 = ORIENTED_EDGE('',*,*,#10209,.F.);
#11760 = ADVANCED_FACE('',(#11761),#8639,.T.);
#11761 = FACE_BOUND('',#11762,.T.);
#11762 = EDGE_LOOP('',(#11763,#11786,#11823,#11848,#11849));
#11763 = ORIENTED_EDGE('',*,*,#11764,.T.);
#11764 = EDGE_CURVE('',#8623,#11765,#11767,.T.);
#11765 = VERTEX_POINT('',#11766);
#11766 = CARTESIAN_POINT('',(24.334715190682,-10.6657112304,
    11.845348765686));
#11767 = SURFACE_CURVE('',#11768,(#11772,#11779),.PCURVE_S1.);
#11768 = LINE('',#11769,#11770);
#11769 = CARTESIAN_POINT('',(24.501277447597,-10.49914897349,
    7.075629789309));
#11770 = VECTOR('',#11771,1.);
#11771 = DIRECTION('',(-3.487826274237E-02,-3.487826274237E-02,
    0.998782765959));
#11772 = PCURVE('',#8639,#11773);
#11773 = DEFINITIONAL_REPRESENTATION('',(#11774),#11778);
#11774 = LINE('',#11775,#11776);
#11775 = CARTESIAN_POINT('',(1.569578351624,0.));
#11776 = VECTOR('',#11777,1.);
#11777 = DIRECTION('',(0.,1.));
#11778 = ( GEOMETRIC_REPRESENTATION_CONTEXT(2) 
PARAMETRIC_REPRESENTATION_CONTEXT() REPRESENTATION_CONTEXT('2D SPACE',''
  ) );
#11779 = PCURVE('',#8671,#11780);
#11780 = DEFINITIONAL_REPRESENTATION('',(#11781),#11785);
#11781 = LINE('',#11782,#11783);
#11782 = CARTESIAN_POINT('',(-2.438506541356E-02,0.698722552403));
#11783 = VECTOR('',#11784,1.);
#11784 = DIRECTION('',(0.999391568299,3.487826274237E-02));
#11785 = ( GEOMETRIC_REPRESENTATION_CONTEXT(2) 
PARAMETRIC_REPRESENTATION_CONTEXT() REPRESENTATION_CONTEXT('2D SPACE',''
  ) );
#11786 = ORIENTED_EDGE('',*,*,#11787,.T.);
#11787 = EDGE_CURVE('',#11765,#11788,#11790,.T.);
#11788 = VERTEX_POINT('',#11789);
#11789 = CARTESIAN_POINT('',(24.892014063028,-10.98947196478,
    12.411482159407));
#11790 = SURFACE_CURVE('',#11791,(#11796,#11807),.PCURVE_S1.);
#11791 = ELLIPSE('',#11792,0.973124496996,0.7);
#11792 = AXIS2_PLACEMENT_3D('',#11793,#11794,#11795);
#11793 = CARTESIAN_POINT('',(24.334715190682,-11.36528480931,
    11.820919117995));
#11794 = DIRECTION('',(0.719332420631,2.42434942052E-02,-0.694242840523)
  );
#11795 = DIRECTION('',(0.694666012289,-2.510433944182E-02,0.718894222756
    ));
#11796 = PCURVE('',#8639,#11797);
#11797 = DEFINITIONAL_REPRESENTATION('',(#11798),#11806);
#11798 = B_SPLINE_CURVE_WITH_KNOTS('',6,(#11799,#11800,#11801,#11802,
    #11803,#11804,#11805),.UNSPECIFIED.,.F.,.F.,(7,7),(4.712388980385,
    5.681549504616),.PIECEWISE_BEZIER_KNOTS.);
#11799 = CARTESIAN_POINT('',(1.569578351624,4.775531916391));
#11800 = CARTESIAN_POINT('',(1.408051597585,4.884723439005));
#11801 = CARTESIAN_POINT('',(1.246524843546,4.993914402305));
#11802 = CARTESIAN_POINT('',(1.084998089508,5.097980900727));
#11803 = CARTESIAN_POINT('',(0.923471335469,5.191779799234));
#11804 = CARTESIAN_POINT('',(0.761944581431,5.27102928193));
#11805 = CARTESIAN_POINT('',(0.600417827392,5.332830788736));
#11806 = ( GEOMETRIC_REPRESENTATION_CONTEXT(2) 
PARAMETRIC_REPRESENTATION_CONTEXT() REPRESENTATION_CONTEXT('2D SPACE',''
  ) );
#11807 = PCURVE('',#11808,#11813);
#11808 = CYLINDRICAL_SURFACE('',#11809,0.7);
#11809 = AXIS2_PLACEMENT_3D('',#11810,#11811,#11812);
#11810 = CARTESIAN_POINT('',(22.978572132359,-11.36528480931,
    11.820919117995));
#11811 = DIRECTION('',(1.,-0.,0.));
#11812 = DIRECTION('',(0.,0.999390827019,3.48994967025E-02));
#11813 = DEFINITIONAL_REPRESENTATION('',(#11814),#11822);
#11814 = B_SPLINE_CURVE_WITH_KNOTS('',6,(#11815,#11816,#11817,#11818,
    #11819,#11820,#11821),.UNSPECIFIED.,.F.,.F.,(7,7),(4.712388980385,
    5.681549504616),.PIECEWISE_BEZIER_KNOTS.);
#11815 = CARTESIAN_POINT('',(0.,1.356143058323));
#11816 = CARTESIAN_POINT('',(0.161526754039,1.465334580937));
#11817 = CARTESIAN_POINT('',(0.323053508077,1.574525544237));
#11818 = CARTESIAN_POINT('',(0.484580262116,1.678592042659));
#11819 = CARTESIAN_POINT('',(0.646107016154,1.772390941166));
#11820 = CARTESIAN_POINT('',(0.807633770193,1.851640423862));
#11821 = CARTESIAN_POINT('',(0.969160524231,1.913441930669));
#11822 = ( GEOMETRIC_REPRESENTATION_CONTEXT(2) 
PARAMETRIC_REPRESENTATION_CONTEXT() REPRESENTATION_CONTEXT('2D SPACE',''
  ) );
#11823 = ORIENTED_EDGE('',*,*,#11824,.T.);
#11824 = EDGE_CURVE('',#11788,#10235,#11825,.T.);
#11825 = SURFACE_CURVE('',#11826,(#11831,#11841),.PCURVE_S1.);
#11826 = ELLIPSE('',#11827,0.84960811303,0.7);
#11827 = AXIS2_PLACEMENT_3D('',#11828,#11829,#11830);
#11828 = CARTESIAN_POINT('',(24.305082335688,-11.39491766431,
    12.669493059108));
#11829 = DIRECTION('',(0.,-0.536875492193,-0.843661487732));
#11830 = DIRECTION('',(-6.154389556142E-02,-0.842062224259,
    0.535857779074));
#11831 = PCURVE('',#8639,#11832);
#11832 = DEFINITIONAL_REPRESENTATION('',(#11833),#11840);
#11833 = B_SPLINE_CURVE_WITH_KNOTS('',5,(#11834,#11835,#11836,#11837,
    #11838,#11839),.UNSPECIFIED.,.F.,.F.,(6,6),(4.05999392742,
    4.660411754813),.PIECEWISE_BEZIER_KNOTS.);
#11834 = CARTESIAN_POINT('',(0.600417827392,5.332830788736));
#11835 = CARTESIAN_POINT('',(0.480334261914,5.378775779914));
#11836 = CARTESIAN_POINT('',(0.360250696435,5.429989411009));
#11837 = CARTESIAN_POINT('',(0.240167130957,5.485093168627));
#11838 = CARTESIAN_POINT('',(0.120083565478,5.542383595049));
#11839 = CARTESIAN_POINT('',(-2.6645352591E-15,5.600124710778));
#11840 = ( GEOMETRIC_REPRESENTATION_CONTEXT(2) 
PARAMETRIC_REPRESENTATION_CONTEXT() REPRESENTATION_CONTEXT('2D SPACE',''
  ) );
#11841 = PCURVE('',#10251,#11842);
#11842 = DEFINITIONAL_REPRESENTATION('',(#11843),#11847);
#11843 = ELLIPSE('',#11844,0.84960811303,0.7);
#11844 = AXIS2_PLACEMENT_2D('',#11845,#11846);
#11845 = CARTESIAN_POINT('',(2.246063962699,-3.305082335688));
#11846 = DIRECTION('',(0.998104377768,6.154389556142E-02));
#11847 = ( GEOMETRIC_REPRESENTATION_CONTEXT(2) 
PARAMETRIC_REPRESENTATION_CONTEXT() REPRESENTATION_CONTEXT('2D SPACE',''
  ) );
#11848 = ORIENTED_EDGE('',*,*,#10262,.F.);
#11849 = ORIENTED_EDGE('',*,*,#8622,.F.);
#11850 = ADVANCED_FACE('',(#11851),#8671,.F.);
#11851 = FACE_BOUND('',#11852,.F.);
#11852 = EDGE_LOOP('',(#11853,#11854,#11855,#11878));
#11853 = ORIENTED_EDGE('',*,*,#8655,.F.);
#11854 = ORIENTED_EDGE('',*,*,#11764,.T.);
#11855 = ORIENTED_EDGE('',*,*,#11856,.F.);
#11856 = EDGE_CURVE('',#11857,#11765,#11859,.T.);
#11857 = VERTEX_POINT('',#11858);
#11858 = CARTESIAN_POINT('',(23.665284809318,-10.6657112304,
    11.845348765686));
#11859 = SURFACE_CURVE('',#11860,(#11864,#11871),.PCURVE_S1.);
#11860 = LINE('',#11861,#11862);
#11861 = CARTESIAN_POINT('',(22.978572132359,-10.6657112304,
    11.845348765686));
#11862 = VECTOR('',#11863,1.);
#11863 = DIRECTION('',(1.,-0.,0.));
#11864 = PCURVE('',#8671,#11865);
#11865 = DEFINITIONAL_REPRESENTATION('',(#11866),#11870);
#11866 = LINE('',#11867,#11868);
#11867 = CARTESIAN_POINT('',(4.748241265972,2.221427867641));
#11868 = VECTOR('',#11869,1.);
#11869 = DIRECTION('',(0.,-1.));
#11870 = ( GEOMETRIC_REPRESENTATION_CONTEXT(2) 
PARAMETRIC_REPRESENTATION_CONTEXT() REPRESENTATION_CONTEXT('2D SPACE',''
  ) );
#11871 = PCURVE('',#11808,#11872);
#11872 = DEFINITIONAL_REPRESENTATION('',(#11873),#11877);
#11873 = LINE('',#11874,#11875);
#11874 = CARTESIAN_POINT('',(0.,0.));
#11875 = VECTOR('',#11876,1.);
#11876 = DIRECTION('',(0.,1.));
#11877 = ( GEOMETRIC_REPRESENTATION_CONTEXT(2) 
PARAMETRIC_REPRESENTATION_CONTEXT() REPRESENTATION_CONTEXT('2D SPACE',''
  ) );
#11878 = ORIENTED_EDGE('',*,*,#11879,.F.);
#11879 = EDGE_CURVE('',#8656,#11857,#11880,.T.);
#11880 = SURFACE_CURVE('',#11881,(#11885,#11892),.PCURVE_S1.);
#11881 = LINE('',#11882,#11883);
#11882 = CARTESIAN_POINT('',(23.498722552403,-10.49914897349,
    7.075629789309));
#11883 = VECTOR('',#11884,1.);
#11884 = DIRECTION('',(3.487826274237E-02,-3.487826274237E-02,
    0.998782765959));
#11885 = PCURVE('',#8671,#11886);
#11886 = DEFINITIONAL_REPRESENTATION('',(#11887),#11891);
#11887 = LINE('',#11888,#11889);
#11888 = CARTESIAN_POINT('',(-2.438506541356E-02,1.701277447597));
#11889 = VECTOR('',#11890,1.);
#11890 = DIRECTION('',(0.999391568299,-3.487826274237E-02));
#11891 = ( GEOMETRIC_REPRESENTATION_CONTEXT(2) 
PARAMETRIC_REPRESENTATION_CONTEXT() REPRESENTATION_CONTEXT('2D SPACE',''
  ) );
#11892 = PCURVE('',#8699,#11893);
#11893 = DEFINITIONAL_REPRESENTATION('',(#11894),#11898);
#11894 = LINE('',#11895,#11896);
#11895 = CARTESIAN_POINT('',(0.,0.));
#11896 = VECTOR('',#11897,1.);
#11897 = DIRECTION('',(0.,1.));
#11898 = ( GEOMETRIC_REPRESENTATION_CONTEXT(2) 
PARAMETRIC_REPRESENTATION_CONTEXT() REPRESENTATION_CONTEXT('2D SPACE',''
  ) );
#11899 = ADVANCED_FACE('',(#11900),#8699,.T.);
#11900 = FACE_BOUND('',#11901,.T.);
#11901 = EDGE_LOOP('',(#11902,#11934,#11935,#11936,#11937));
#11902 = ORIENTED_EDGE('',*,*,#11903,.F.);
#11903 = EDGE_CURVE('',#11857,#11904,#11906,.T.);
#11904 = VERTEX_POINT('',#11905);
#11905 = CARTESIAN_POINT('',(23.107985936973,-10.98947196478,
    12.411482159407));
#11906 = SURFACE_CURVE('',#11907,(#11912,#11923),.PCURVE_S1.);
#11907 = ELLIPSE('',#11908,0.973124496996,0.7);
#11908 = AXIS2_PLACEMENT_3D('',#11909,#11910,#11911);
#11909 = CARTESIAN_POINT('',(23.665284809318,-11.36528480931,
    11.820919117995));
#11910 = DIRECTION('',(0.719332420631,-2.42434942052E-02,0.694242840523)
  );
#11911 = DIRECTION('',(0.694666012289,2.510433944182E-02,-0.718894222756
    ));
#11912 = PCURVE('',#8699,#11913);
#11913 = DEFINITIONAL_REPRESENTATION('',(#11914),#11922);
#11914 = B_SPLINE_CURVE_WITH_KNOTS('',6,(#11915,#11916,#11917,#11918,
    #11919,#11920,#11921),.UNSPECIFIED.,.F.,.F.,(7,7),(1.570796167296,
    2.539956851026),.PIECEWISE_BEZIER_KNOTS.);
#11915 = CARTESIAN_POINT('',(-1.594986391851E-07,4.77553180857));
#11916 = CARTESIAN_POINT('',(0.161526621123,4.884723349154));
#11917 = CARTESIAN_POINT('',(0.323053401745,4.993914333799));
#11918 = CARTESIAN_POINT('',(0.484580182366,5.097980854414));
#11919 = CARTESIAN_POINT('',(0.646106962988,5.19177977315));
#11920 = CARTESIAN_POINT('',(0.80763374361,5.271029271759));
#11921 = CARTESIAN_POINT('',(0.969160524231,5.332830788736));
#11922 = ( GEOMETRIC_REPRESENTATION_CONTEXT(2) 
PARAMETRIC_REPRESENTATION_CONTEXT() REPRESENTATION_CONTEXT('2D SPACE',''
  ) );
#11923 = PCURVE('',#11808,#11924);
#11924 = DEFINITIONAL_REPRESENTATION('',(#11925),#11933);
#11925 = B_SPLINE_CURVE_WITH_KNOTS('',6,(#11926,#11927,#11928,#11929,
    #11930,#11931,#11932),.UNSPECIFIED.,.F.,.F.,(7,7),(1.570796167296,
    2.539956851026),.PIECEWISE_BEZIER_KNOTS.);
#11926 = CARTESIAN_POINT('',(-1.594986391851E-07,0.686712784779));
#11927 = CARTESIAN_POINT('',(0.161526621123,0.577521244196));
#11928 = CARTESIAN_POINT('',(0.323053401745,0.468330259551));
#11929 = CARTESIAN_POINT('',(0.484580182366,0.364263738935));
#11930 = CARTESIAN_POINT('',(0.646106962988,0.2704648202));
#11931 = CARTESIAN_POINT('',(0.80763374361,0.191215321591));
#11932 = CARTESIAN_POINT('',(0.969160524231,0.129413804613));
#11933 = ( GEOMETRIC_REPRESENTATION_CONTEXT(2) 
PARAMETRIC_REPRESENTATION_CONTEXT() REPRESENTATION_CONTEXT('2D SPACE',''
  ) );
#11934 = ORIENTED_EDGE('',*,*,#11879,.F.);
#11935 = ORIENTED_EDGE('',*,*,#8682,.F.);
#11936 = ORIENTED_EDGE('',*,*,#10384,.T.);
#11937 = ORIENTED_EDGE('',*,*,#11938,.F.);
#11938 = EDGE_CURVE('',#11904,#10385,#11939,.T.);
#11939 = SURFACE_CURVE('',#11940,(#11945,#11955),.PCURVE_S1.);
#11940 = ELLIPSE('',#11941,0.84960811303,0.7);
#11941 = AXIS2_PLACEMENT_3D('',#11942,#11943,#11944);
#11942 = CARTESIAN_POINT('',(23.694917664312,-11.39491766431,
    12.669493059108));
#11943 = DIRECTION('',(0.,0.536875492193,0.843661487732));
#11944 = DIRECTION('',(6.154389556142E-02,-0.842062224259,0.535857779074
    ));
#11945 = PCURVE('',#8699,#11946);
#11946 = DEFINITIONAL_REPRESENTATION('',(#11947),#11954);
#11947 = B_SPLINE_CURVE_WITH_KNOTS('',5,(#11948,#11949,#11950,#11951,
    #11952,#11953),.UNSPECIFIED.,.F.,.F.,(6,6),(4.05999392742,
    4.660411754813),.PIECEWISE_BEZIER_KNOTS.);
#11948 = CARTESIAN_POINT('',(0.969160524231,5.332830788736));
#11949 = CARTESIAN_POINT('',(1.08924408971,5.378775779914));
#11950 = CARTESIAN_POINT('',(1.209327655188,5.429989411009));
#11951 = CARTESIAN_POINT('',(1.329411220667,5.485093168627));
#11952 = CARTESIAN_POINT('',(1.449494786145,5.542383595049));
#11953 = CARTESIAN_POINT('',(1.569578351624,5.600124710778));
#11954 = ( GEOMETRIC_REPRESENTATION_CONTEXT(2) 
PARAMETRIC_REPRESENTATION_CONTEXT() REPRESENTATION_CONTEXT('2D SPACE',''
  ) );
#11955 = PCURVE('',#10251,#11956);
#11956 = DEFINITIONAL_REPRESENTATION('',(#11957),#11965);
#11957 = ( BOUNDED_CURVE() B_SPLINE_CURVE(2,(#11958,#11959,#11960,#11961
    ,#11962,#11963,#11964),.UNSPECIFIED.,.T.,.F.) 
B_SPLINE_CURVE_WITH_KNOTS((1,2,2,2,2,1),(-2.094395102393,0.,
    2.094395102393,4.188790204786,6.28318530718,8.377580409573),
.UNSPECIFIED.) CURVE() GEOMETRIC_REPRESENTATION_ITEM() 
RATIONAL_B_SPLINE_CURVE((1.,0.5,1.,0.5,1.,0.5,1.)) REPRESENTATION_ITEM(
  '') );
#11958 = CARTESIAN_POINT('',(3.094061539701,-2.747205857289));
#11959 = CARTESIAN_POINT('',(3.019443531896,-3.957343102774));
#11960 = CARTESIAN_POINT('',(1.784756170295,-3.273842190567));
#11961 = CARTESIAN_POINT('',(0.550068808695,-2.590341278359));
#11962 = CARTESIAN_POINT('',(1.859374178101,-2.063704945081));
#11963 = CARTESIAN_POINT('',(3.168679547507,-1.537068611803));
#11964 = CARTESIAN_POINT('',(3.094061539701,-2.747205857289));
#11965 = ( GEOMETRIC_REPRESENTATION_CONTEXT(2) 
PARAMETRIC_REPRESENTATION_CONTEXT() REPRESENTATION_CONTEXT('2D SPACE',''
  ) );
#11966 = ADVANCED_FACE('',(#11967),#8753,.F.);
#11967 = FACE_BOUND('',#11968,.F.);
#11968 = EDGE_LOOP('',(#11969,#11970,#11971,#11972));
#11969 = ORIENTED_EDGE('',*,*,#10575,.F.);
#11970 = ORIENTED_EDGE('',*,*,#8737,.T.);
#11971 = ORIENTED_EDGE('',*,*,#10449,.F.);
#11972 = ORIENTED_EDGE('',*,*,#10500,.F.);
#11973 = ADVANCED_FACE('',(#11974),#8804,.T.);
#11974 = FACE_BOUND('',#11975,.T.);
#11975 = EDGE_LOOP('',(#11976,#11999,#12036,#12061,#12062));
#11976 = ORIENTED_EDGE('',*,*,#11977,.T.);
#11977 = EDGE_CURVE('',#8788,#11978,#11980,.T.);
#11978 = VERTEX_POINT('',#11979);
#11979 = CARTESIAN_POINT('',(0.334715190682,-10.6657112304,
    11.845348765686));
#11980 = SURFACE_CURVE('',#11981,(#11985,#11992),.PCURVE_S1.);
#11981 = LINE('',#11982,#11983);
#11982 = CARTESIAN_POINT('',(0.501277447597,-10.49914897349,
    7.075629789309));
#11983 = VECTOR('',#11984,1.);
#11984 = DIRECTION('',(-3.487826274237E-02,-3.487826274237E-02,
    0.998782765959));
#11985 = PCURVE('',#8804,#11986);
#11986 = DEFINITIONAL_REPRESENTATION('',(#11987),#11991);
#11987 = LINE('',#11988,#11989);
#11988 = CARTESIAN_POINT('',(1.569578351624,0.));
#11989 = VECTOR('',#11990,1.);
#11990 = DIRECTION('',(0.,1.));
#11991 = ( GEOMETRIC_REPRESENTATION_CONTEXT(2) 
PARAMETRIC_REPRESENTATION_CONTEXT() REPRESENTATION_CONTEXT('2D SPACE',''
  ) );
#11992 = PCURVE('',#8836,#11993);
#11993 = DEFINITIONAL_REPRESENTATION('',(#11994),#11998);
#11994 = LINE('',#11995,#11996);
#11995 = CARTESIAN_POINT('',(-2.438506541356E-02,0.698722552403));
#11996 = VECTOR('',#11997,1.);
#11997 = DIRECTION('',(0.999391568299,3.487826274237E-02));
#11998 = ( GEOMETRIC_REPRESENTATION_CONTEXT(2) 
PARAMETRIC_REPRESENTATION_CONTEXT() REPRESENTATION_CONTEXT('2D SPACE',''
  ) );
#11999 = ORIENTED_EDGE('',*,*,#12000,.T.);
#12000 = EDGE_CURVE('',#11978,#12001,#12003,.T.);
#12001 = VERTEX_POINT('',#12002);
#12002 = CARTESIAN_POINT('',(0.892014063028,-10.98947196478,
    12.411482159407));
#12003 = SURFACE_CURVE('',#12004,(#12009,#12020),.PCURVE_S1.);
#12004 = ELLIPSE('',#12005,0.973124496996,0.7);
#12005 = AXIS2_PLACEMENT_3D('',#12006,#12007,#12008);
#12006 = CARTESIAN_POINT('',(0.334715190682,-11.36528480931,
    11.820919117995));
#12007 = DIRECTION('',(0.719332420631,2.42434942052E-02,-0.694242840523)
  );
#12008 = DIRECTION('',(0.694666012289,-2.510433944182E-02,0.718894222756
    ));
#12009 = PCURVE('',#8804,#12010);
#12010 = DEFINITIONAL_REPRESENTATION('',(#12011),#12019);
#12011 = B_SPLINE_CURVE_WITH_KNOTS('',6,(#12012,#12013,#12014,#12015,
    #12016,#12017,#12018),.UNSPECIFIED.,.F.,.F.,(7,7),(4.712388980385,
    5.681549504616),.PIECEWISE_BEZIER_KNOTS.);
#12012 = CARTESIAN_POINT('',(1.569578351624,4.775531916391));
#12013 = CARTESIAN_POINT('',(1.408051597585,4.884723439005));
#12014 = CARTESIAN_POINT('',(1.246524843547,4.993914402304));
#12015 = CARTESIAN_POINT('',(1.084998089508,5.097980900727));
#12016 = CARTESIAN_POINT('',(0.923471335469,5.191779799234));
#12017 = CARTESIAN_POINT('',(0.761944581431,5.27102928193));
#12018 = CARTESIAN_POINT('',(0.600417827392,5.332830788736));
#12019 = ( GEOMETRIC_REPRESENTATION_CONTEXT(2) 
PARAMETRIC_REPRESENTATION_CONTEXT() REPRESENTATION_CONTEXT('2D SPACE',''
  ) );
#12020 = PCURVE('',#12021,#12026);
#12021 = CYLINDRICAL_SURFACE('',#12022,0.7);
#12022 = AXIS2_PLACEMENT_3D('',#12023,#12024,#12025);
#12023 = CARTESIAN_POINT('',(-1.021427867641,-11.36528480931,
    11.820919117995));
#12024 = DIRECTION('',(1.,-0.,0.));
#12025 = DIRECTION('',(0.,0.999390827019,3.48994967025E-02));
#12026 = DEFINITIONAL_REPRESENTATION('',(#12027),#12035);
#12027 = B_SPLINE_CURVE_WITH_KNOTS('',6,(#12028,#12029,#12030,#12031,
    #12032,#12033,#12034),.UNSPECIFIED.,.F.,.F.,(7,7),(4.712388980385,
    5.681549504616),.PIECEWISE_BEZIER_KNOTS.);
#12028 = CARTESIAN_POINT('',(0.,1.356143058323));
#12029 = CARTESIAN_POINT('',(0.161526754039,1.465334580937));
#12030 = CARTESIAN_POINT('',(0.323053508077,1.574525544237));
#12031 = CARTESIAN_POINT('',(0.484580262116,1.678592042659));
#12032 = CARTESIAN_POINT('',(0.646107016154,1.772390941166));
#12033 = CARTESIAN_POINT('',(0.807633770193,1.851640423862));
#12034 = CARTESIAN_POINT('',(0.969160524232,1.913441930669));
#12035 = ( GEOMETRIC_REPRESENTATION_CONTEXT(2) 
PARAMETRIC_REPRESENTATION_CONTEXT() REPRESENTATION_CONTEXT('2D SPACE',''
  ) );
#12036 = ORIENTED_EDGE('',*,*,#12037,.T.);
#12037 = EDGE_CURVE('',#12001,#10526,#12038,.T.);
#12038 = SURFACE_CURVE('',#12039,(#12044,#12054),.PCURVE_S1.);
#12039 = ELLIPSE('',#12040,0.84960811303,0.7);
#12040 = AXIS2_PLACEMENT_3D('',#12041,#12042,#12043);
#12041 = CARTESIAN_POINT('',(0.305082335688,-11.39491766431,
    12.669493059108));
#12042 = DIRECTION('',(0.,-0.536875492193,-0.843661487732));
#12043 = DIRECTION('',(-6.154389556142E-02,-0.842062224259,
    0.535857779074));
#12044 = PCURVE('',#8804,#12045);
#12045 = DEFINITIONAL_REPRESENTATION('',(#12046),#12053);
#12046 = B_SPLINE_CURVE_WITH_KNOTS('',5,(#12047,#12048,#12049,#12050,
    #12051,#12052),.UNSPECIFIED.,.F.,.F.,(6,6),(4.05999392742,
    4.660411754813),.PIECEWISE_BEZIER_KNOTS.);
#12047 = CARTESIAN_POINT('',(0.600417827392,5.332830788736));
#12048 = CARTESIAN_POINT('',(0.480334261914,5.378775779914));
#12049 = CARTESIAN_POINT('',(0.360250696435,5.429989411009));
#12050 = CARTESIAN_POINT('',(0.240167130957,5.485093168627));
#12051 = CARTESIAN_POINT('',(0.120083565478,5.542383595049));
#12052 = CARTESIAN_POINT('',(-2.6645352591E-15,5.600124710778));
#12053 = ( GEOMETRIC_REPRESENTATION_CONTEXT(2) 
PARAMETRIC_REPRESENTATION_CONTEXT() REPRESENTATION_CONTEXT('2D SPACE',''
  ) );
#12054 = PCURVE('',#10542,#12055);
#12055 = DEFINITIONAL_REPRESENTATION('',(#12056),#12060);
#12056 = ELLIPSE('',#12057,0.84960811303,0.7);
#12057 = AXIS2_PLACEMENT_2D('',#12058,#12059);
#12058 = CARTESIAN_POINT('',(2.246063962699,-3.305082335688));
#12059 = DIRECTION('',(0.998104377768,6.154389556142E-02));
#12060 = ( GEOMETRIC_REPRESENTATION_CONTEXT(2) 
PARAMETRIC_REPRESENTATION_CONTEXT() REPRESENTATION_CONTEXT('2D SPACE',''
  ) );
#12061 = ORIENTED_EDGE('',*,*,#10553,.F.);
#12062 = ORIENTED_EDGE('',*,*,#8787,.F.);
#12063 = ADVANCED_FACE('',(#12064),#8836,.F.);
#12064 = FACE_BOUND('',#12065,.F.);
#12065 = EDGE_LOOP('',(#12066,#12067,#12068,#12091));
#12066 = ORIENTED_EDGE('',*,*,#8820,.F.);
#12067 = ORIENTED_EDGE('',*,*,#11977,.T.);
#12068 = ORIENTED_EDGE('',*,*,#12069,.F.);
#12069 = EDGE_CURVE('',#12070,#11978,#12072,.T.);
#12070 = VERTEX_POINT('',#12071);
#12071 = CARTESIAN_POINT('',(-0.334715190682,-10.6657112304,
    11.845348765686));
#12072 = SURFACE_CURVE('',#12073,(#12077,#12084),.PCURVE_S1.);
#12073 = LINE('',#12074,#12075);
#12074 = CARTESIAN_POINT('',(-1.021427867641,-10.6657112304,
    11.845348765686));
#12075 = VECTOR('',#12076,1.);
#12076 = DIRECTION('',(1.,-0.,0.));
#12077 = PCURVE('',#8836,#12078);
#12078 = DEFINITIONAL_REPRESENTATION('',(#12079),#12083);
#12079 = LINE('',#12080,#12081);
#12080 = CARTESIAN_POINT('',(4.748241265972,2.221427867641));
#12081 = VECTOR('',#12082,1.);
#12082 = DIRECTION('',(0.,-1.));
#12083 = ( GEOMETRIC_REPRESENTATION_CONTEXT(2) 
PARAMETRIC_REPRESENTATION_CONTEXT() REPRESENTATION_CONTEXT('2D SPACE',''
  ) );
#12084 = PCURVE('',#12021,#12085);
#12085 = DEFINITIONAL_REPRESENTATION('',(#12086),#12090);
#12086 = LINE('',#12087,#12088);
#12087 = CARTESIAN_POINT('',(0.,0.));
#12088 = VECTOR('',#12089,1.);
#12089 = DIRECTION('',(0.,1.));
#12090 = ( GEOMETRIC_REPRESENTATION_CONTEXT(2) 
PARAMETRIC_REPRESENTATION_CONTEXT() REPRESENTATION_CONTEXT('2D SPACE',''
  ) );
#12091 = ORIENTED_EDGE('',*,*,#12092,.F.);
#12092 = EDGE_CURVE('',#8821,#12070,#12093,.T.);
#12093 = SURFACE_CURVE('',#12094,(#12098,#12105),.PCURVE_S1.);
#12094 = LINE('',#12095,#12096);
#12095 = CARTESIAN_POINT('',(-0.501277447597,-10.49914897349,
    7.075629789309));
#12096 = VECTOR('',#12097,1.);
#12097 = DIRECTION('',(3.487826274237E-02,-3.487826274237E-02,
    0.998782765959));
#12098 = PCURVE('',#8836,#12099);
#12099 = DEFINITIONAL_REPRESENTATION('',(#12100),#12104);
#12100 = LINE('',#12101,#12102);
#12101 = CARTESIAN_POINT('',(-2.438506541356E-02,1.701277447597));
#12102 = VECTOR('',#12103,1.);
#12103 = DIRECTION('',(0.999391568299,-3.487826274237E-02));
#12104 = ( GEOMETRIC_REPRESENTATION_CONTEXT(2) 
PARAMETRIC_REPRESENTATION_CONTEXT() REPRESENTATION_CONTEXT('2D SPACE',''
  ) );
#12105 = PCURVE('',#8864,#12106);
#12106 = DEFINITIONAL_REPRESENTATION('',(#12107),#12111);
#12107 = LINE('',#12108,#12109);
#12108 = CARTESIAN_POINT('',(0.,0.));
#12109 = VECTOR('',#12110,1.);
#12110 = DIRECTION('',(0.,1.));
#12111 = ( GEOMETRIC_REPRESENTATION_CONTEXT(2) 
PARAMETRIC_REPRESENTATION_CONTEXT() REPRESENTATION_CONTEXT('2D SPACE',''
  ) );
#12112 = ADVANCED_FACE('',(#12113),#8864,.T.);
#12113 = FACE_BOUND('',#12114,.T.);
#12114 = EDGE_LOOP('',(#12115,#12147,#12148,#12149,#12150));
#12115 = ORIENTED_EDGE('',*,*,#12116,.F.);
#12116 = EDGE_CURVE('',#12070,#12117,#12119,.T.);
#12117 = VERTEX_POINT('',#12118);
#12118 = CARTESIAN_POINT('',(-0.892014063028,-10.98947196478,
    12.411482159407));
#12119 = SURFACE_CURVE('',#12120,(#12125,#12136),.PCURVE_S1.);
#12120 = ELLIPSE('',#12121,0.973124496996,0.7);
#12121 = AXIS2_PLACEMENT_3D('',#12122,#12123,#12124);
#12122 = CARTESIAN_POINT('',(-0.334715190682,-11.36528480931,
    11.820919117995));
#12123 = DIRECTION('',(0.719332420631,-2.42434942052E-02,0.694242840523)
  );
#12124 = DIRECTION('',(0.694666012289,2.510433944182E-02,-0.718894222756
    ));
#12125 = PCURVE('',#8864,#12126);
#12126 = DEFINITIONAL_REPRESENTATION('',(#12127),#12135);
#12127 = B_SPLINE_CURVE_WITH_KNOTS('',6,(#12128,#12129,#12130,#12131,
    #12132,#12133,#12134),.UNSPECIFIED.,.F.,.F.,(7,7),(1.570796179222,
    2.539956851026),.PIECEWISE_BEZIER_KNOTS.);
#12128 = CARTESIAN_POINT('',(-1.475730355693E-07,4.775531816632));
#12129 = CARTESIAN_POINT('',(0.161526631061,4.884723355872));
#12130 = CARTESIAN_POINT('',(0.323053409695,4.993914338921));
#12131 = CARTESIAN_POINT('',(0.484580188329,5.097980857877));
#12132 = CARTESIAN_POINT('',(0.646106966963,5.1917797751));
#12133 = CARTESIAN_POINT('',(0.807633745597,5.271029272519));
#12134 = CARTESIAN_POINT('',(0.969160524231,5.332830788736));
#12135 = ( GEOMETRIC_REPRESENTATION_CONTEXT(2) 
PARAMETRIC_REPRESENTATION_CONTEXT() REPRESENTATION_CONTEXT('2D SPACE',''
  ) );
#12136 = PCURVE('',#12021,#12137);
#12137 = DEFINITIONAL_REPRESENTATION('',(#12138),#12146);
#12138 = B_SPLINE_CURVE_WITH_KNOTS('',6,(#12139,#12140,#12141,#12142,
    #12143,#12144,#12145),.UNSPECIFIED.,.F.,.F.,(7,7),(1.570796179222,
    2.539956851026),.PIECEWISE_BEZIER_KNOTS.);
#12139 = CARTESIAN_POINT('',(-1.475730373457E-07,0.686712776718));
#12140 = CARTESIAN_POINT('',(0.161526631061,0.577521237478));
#12141 = CARTESIAN_POINT('',(0.323053409695,0.468330254428));
#12142 = CARTESIAN_POINT('',(0.484580188329,0.364263735472));
#12143 = CARTESIAN_POINT('',(0.646106966963,0.27046481825));
#12144 = CARTESIAN_POINT('',(0.807633745597,0.19121532083));
#12145 = CARTESIAN_POINT('',(0.969160524231,0.129413804613));
#12146 = ( GEOMETRIC_REPRESENTATION_CONTEXT(2) 
PARAMETRIC_REPRESENTATION_CONTEXT() REPRESENTATION_CONTEXT('2D SPACE',''
  ) );
#12147 = ORIENTED_EDGE('',*,*,#12092,.F.);
#12148 = ORIENTED_EDGE('',*,*,#8847,.F.);
#12149 = ORIENTED_EDGE('',*,*,#10675,.T.);
#12150 = ORIENTED_EDGE('',*,*,#12151,.F.);
#12151 = EDGE_CURVE('',#12117,#10676,#12152,.T.);
#12152 = SURFACE_CURVE('',#12153,(#12158,#12168),.PCURVE_S1.);
#12153 = ELLIPSE('',#12154,0.84960811303,0.7);
#12154 = AXIS2_PLACEMENT_3D('',#12155,#12156,#12157);
#12155 = CARTESIAN_POINT('',(-0.305082335688,-11.39491766431,
    12.669493059108));
#12156 = DIRECTION('',(0.,0.536875492193,0.843661487732));
#12157 = DIRECTION('',(6.154389556142E-02,-0.842062224259,0.535857779074
    ));
#12158 = PCURVE('',#8864,#12159);
#12159 = DEFINITIONAL_REPRESENTATION('',(#12160),#12167);
#12160 = B_SPLINE_CURVE_WITH_KNOTS('',5,(#12161,#12162,#12163,#12164,
    #12165,#12166),.UNSPECIFIED.,.F.,.F.,(6,6),(4.05999392742,
    4.660411754813),.PIECEWISE_BEZIER_KNOTS.);
#12161 = CARTESIAN_POINT('',(0.969160524231,5.332830788736));
#12162 = CARTESIAN_POINT('',(1.08924408971,5.378775779914));
#12163 = CARTESIAN_POINT('',(1.209327655188,5.429989411009));
#12164 = CARTESIAN_POINT('',(1.329411220667,5.485093168627));
#12165 = CARTESIAN_POINT('',(1.449494786145,5.542383595049));
#12166 = CARTESIAN_POINT('',(1.569578351624,5.600124710778));
#12167 = ( GEOMETRIC_REPRESENTATION_CONTEXT(2) 
PARAMETRIC_REPRESENTATION_CONTEXT() REPRESENTATION_CONTEXT('2D SPACE',''
  ) );
#12168 = PCURVE('',#10542,#12169);
#12169 = DEFINITIONAL_REPRESENTATION('',(#12170),#12178);
#12170 = ( BOUNDED_CURVE() B_SPLINE_CURVE(2,(#12171,#12172,#12173,#12174
    ,#12175,#12176,#12177),.UNSPECIFIED.,.T.,.F.) 
B_SPLINE_CURVE_WITH_KNOTS((1,2,2,2,2,1),(-2.094395102393,0.,
    2.094395102393,4.188790204786,6.28318530718,8.377580409573),
.UNSPECIFIED.) CURVE() GEOMETRIC_REPRESENTATION_ITEM() 
RATIONAL_B_SPLINE_CURVE((1.,0.5,1.,0.5,1.,0.5,1.)) REPRESENTATION_ITEM(
  '') );
#12171 = CARTESIAN_POINT('',(3.094061539701,-2.747205857289));
#12172 = CARTESIAN_POINT('',(3.019443531896,-3.957343102774));
#12173 = CARTESIAN_POINT('',(1.784756170295,-3.273842190567));
#12174 = CARTESIAN_POINT('',(0.550068808695,-2.590341278359));
#12175 = CARTESIAN_POINT('',(1.859374178101,-2.063704945081));
#12176 = CARTESIAN_POINT('',(3.168679547507,-1.537068611803));
#12177 = CARTESIAN_POINT('',(3.094061539701,-2.747205857289));
#12178 = ( GEOMETRIC_REPRESENTATION_CONTEXT(2) 
PARAMETRIC_REPRESENTATION_CONTEXT() REPRESENTATION_CONTEXT('2D SPACE',''
  ) );
#12179 = ADVANCED_FACE('',(#12180),#8918,.F.);
#12180 = FACE_BOUND('',#12181,.F.);
#12181 = EDGE_LOOP('',(#12182,#12183,#12184,#12185));
#12182 = ORIENTED_EDGE('',*,*,#10866,.F.);
#12183 = ORIENTED_EDGE('',*,*,#8902,.T.);
#12184 = ORIENTED_EDGE('',*,*,#10740,.F.);
#12185 = ORIENTED_EDGE('',*,*,#10791,.F.);
#12186 = ADVANCED_FACE('',(#12187),#8969,.T.);
#12187 = FACE_BOUND('',#12188,.T.);
#12188 = EDGE_LOOP('',(#12189,#12212,#12249,#12274,#12275));
#12189 = ORIENTED_EDGE('',*,*,#12190,.T.);
#12190 = EDGE_CURVE('',#8953,#12191,#12193,.T.);
#12191 = VERTEX_POINT('',#12192);
#12192 = CARTESIAN_POINT('',(-23.66528480931,-10.6657112304,
    11.845348765686));
#12193 = SURFACE_CURVE('',#12194,(#12198,#12205),.PCURVE_S1.);
#12194 = LINE('',#12195,#12196);
#12195 = CARTESIAN_POINT('',(-23.4987225524,-10.49914897349,
    7.075629789309));
#12196 = VECTOR('',#12197,1.);
#12197 = DIRECTION('',(-3.487826274237E-02,-3.487826274237E-02,
    0.998782765959));
#12198 = PCURVE('',#8969,#12199);
#12199 = DEFINITIONAL_REPRESENTATION('',(#12200),#12204);
#12200 = LINE('',#12201,#12202);
#12201 = CARTESIAN_POINT('',(1.569578351624,0.));
#12202 = VECTOR('',#12203,1.);
#12203 = DIRECTION('',(0.,1.));
#12204 = ( GEOMETRIC_REPRESENTATION_CONTEXT(2) 
PARAMETRIC_REPRESENTATION_CONTEXT() REPRESENTATION_CONTEXT('2D SPACE',''
  ) );
#12205 = PCURVE('',#9001,#12206);
#12206 = DEFINITIONAL_REPRESENTATION('',(#12207),#12211);
#12207 = LINE('',#12208,#12209);
#12208 = CARTESIAN_POINT('',(-2.438506541356E-02,0.698722552403));
#12209 = VECTOR('',#12210,1.);
#12210 = DIRECTION('',(0.999391568299,3.487826274237E-02));
#12211 = ( GEOMETRIC_REPRESENTATION_CONTEXT(2) 
PARAMETRIC_REPRESENTATION_CONTEXT() REPRESENTATION_CONTEXT('2D SPACE',''
  ) );
#12212 = ORIENTED_EDGE('',*,*,#12213,.T.);
#12213 = EDGE_CURVE('',#12191,#12214,#12216,.T.);
#12214 = VERTEX_POINT('',#12215);
#12215 = CARTESIAN_POINT('',(-23.10798593697,-10.98947196478,
    12.411482159407));
#12216 = SURFACE_CURVE('',#12217,(#12222,#12233),.PCURVE_S1.);
#12217 = ELLIPSE('',#12218,0.973124496996,0.7);
#12218 = AXIS2_PLACEMENT_3D('',#12219,#12220,#12221);
#12219 = CARTESIAN_POINT('',(-23.66528480931,-11.36528480931,
    11.820919117995));
#12220 = DIRECTION('',(0.719332420631,2.42434942052E-02,-0.694242840523)
  );
#12221 = DIRECTION('',(0.694666012289,-2.510433944182E-02,0.718894222756
    ));
#12222 = PCURVE('',#8969,#12223);
#12223 = DEFINITIONAL_REPRESENTATION('',(#12224),#12232);
#12224 = B_SPLINE_CURVE_WITH_KNOTS('',6,(#12225,#12226,#12227,#12228,
    #12229,#12230,#12231),.UNSPECIFIED.,.F.,.F.,(7,7),(4.712388980385,
    5.681549504616),.PIECEWISE_BEZIER_KNOTS.);
#12225 = CARTESIAN_POINT('',(1.569578351624,4.775531916391));
#12226 = CARTESIAN_POINT('',(1.408051597585,4.884723439005));
#12227 = CARTESIAN_POINT('',(1.246524843547,4.993914402304));
#12228 = CARTESIAN_POINT('',(1.084998089508,5.097980900727));
#12229 = CARTESIAN_POINT('',(0.923471335469,5.191779799234));
#12230 = CARTESIAN_POINT('',(0.761944581431,5.27102928193));
#12231 = CARTESIAN_POINT('',(0.600417827392,5.332830788736));
#12232 = ( GEOMETRIC_REPRESENTATION_CONTEXT(2) 
PARAMETRIC_REPRESENTATION_CONTEXT() REPRESENTATION_CONTEXT('2D SPACE',''
  ) );
#12233 = PCURVE('',#12234,#12239);
#12234 = CYLINDRICAL_SURFACE('',#12235,0.7);
#12235 = AXIS2_PLACEMENT_3D('',#12236,#12237,#12238);
#12236 = CARTESIAN_POINT('',(-25.02142786764,-11.36528480931,
    11.820919117995));
#12237 = DIRECTION('',(1.,-0.,0.));
#12238 = DIRECTION('',(0.,0.999390827019,3.48994967025E-02));
#12239 = DEFINITIONAL_REPRESENTATION('',(#12240),#12248);
#12240 = B_SPLINE_CURVE_WITH_KNOTS('',6,(#12241,#12242,#12243,#12244,
    #12245,#12246,#12247),.UNSPECIFIED.,.F.,.F.,(7,7),(4.712388980385,
    5.681549504616),.PIECEWISE_BEZIER_KNOTS.);
#12241 = CARTESIAN_POINT('',(0.,1.356143058323));
#12242 = CARTESIAN_POINT('',(0.161526754039,1.465334580937));
#12243 = CARTESIAN_POINT('',(0.323053508077,1.574525544237));
#12244 = CARTESIAN_POINT('',(0.484580262116,1.678592042659));
#12245 = CARTESIAN_POINT('',(0.646107016154,1.772390941166));
#12246 = CARTESIAN_POINT('',(0.807633770193,1.851640423862));
#12247 = CARTESIAN_POINT('',(0.969160524231,1.913441930669));
#12248 = ( GEOMETRIC_REPRESENTATION_CONTEXT(2) 
PARAMETRIC_REPRESENTATION_CONTEXT() REPRESENTATION_CONTEXT('2D SPACE',''
  ) );
#12249 = ORIENTED_EDGE('',*,*,#12250,.T.);
#12250 = EDGE_CURVE('',#12214,#10817,#12251,.T.);
#12251 = SURFACE_CURVE('',#12252,(#12257,#12267),.PCURVE_S1.);
#12252 = ELLIPSE('',#12253,0.84960811303,0.7);
#12253 = AXIS2_PLACEMENT_3D('',#12254,#12255,#12256);
#12254 = CARTESIAN_POINT('',(-23.69491766431,-11.39491766431,
    12.669493059108));
#12255 = DIRECTION('',(0.,-0.536875492193,-0.843661487732));
#12256 = DIRECTION('',(-6.154389556142E-02,-0.842062224259,
    0.535857779074));
#12257 = PCURVE('',#8969,#12258);
#12258 = DEFINITIONAL_REPRESENTATION('',(#12259),#12266);
#12259 = B_SPLINE_CURVE_WITH_KNOTS('',5,(#12260,#12261,#12262,#12263,
    #12264,#12265),.UNSPECIFIED.,.F.,.F.,(6,6),(4.05999392742,
    4.660411754813),.PIECEWISE_BEZIER_KNOTS.);
#12260 = CARTESIAN_POINT('',(0.600417827392,5.332830788736));
#12261 = CARTESIAN_POINT('',(0.480334261914,5.378775779914));
#12262 = CARTESIAN_POINT('',(0.360250696435,5.429989411009));
#12263 = CARTESIAN_POINT('',(0.240167130957,5.485093168627));
#12264 = CARTESIAN_POINT('',(0.120083565478,5.542383595049));
#12265 = CARTESIAN_POINT('',(-5.329070518201E-15,5.600124710778));
#12266 = ( GEOMETRIC_REPRESENTATION_CONTEXT(2) 
PARAMETRIC_REPRESENTATION_CONTEXT() REPRESENTATION_CONTEXT('2D SPACE',''
  ) );
#12267 = PCURVE('',#10833,#12268);
#12268 = DEFINITIONAL_REPRESENTATION('',(#12269),#12273);
#12269 = ELLIPSE('',#12270,0.84960811303,0.7);
#12270 = AXIS2_PLACEMENT_2D('',#12271,#12272);
#12271 = CARTESIAN_POINT('',(2.246063962699,-3.305082335688));
#12272 = DIRECTION('',(0.998104377768,6.154389556142E-02));
#12273 = ( GEOMETRIC_REPRESENTATION_CONTEXT(2) 
PARAMETRIC_REPRESENTATION_CONTEXT() REPRESENTATION_CONTEXT('2D SPACE',''
  ) );
#12274 = ORIENTED_EDGE('',*,*,#10844,.F.);
#12275 = ORIENTED_EDGE('',*,*,#8952,.F.);
#12276 = ADVANCED_FACE('',(#12277),#9001,.F.);
#12277 = FACE_BOUND('',#12278,.F.);
#12278 = EDGE_LOOP('',(#12279,#12280,#12281,#12304));
#12279 = ORIENTED_EDGE('',*,*,#8985,.F.);
#12280 = ORIENTED_EDGE('',*,*,#12190,.T.);
#12281 = ORIENTED_EDGE('',*,*,#12282,.F.);
#12282 = EDGE_CURVE('',#12283,#12191,#12285,.T.);
#12283 = VERTEX_POINT('',#12284);
#12284 = CARTESIAN_POINT('',(-24.33471519068,-10.6657112304,
    11.845348765686));
#12285 = SURFACE_CURVE('',#12286,(#12290,#12297),.PCURVE_S1.);
#12286 = LINE('',#12287,#12288);
#12287 = CARTESIAN_POINT('',(-25.02142786764,-10.6657112304,
    11.845348765686));
#12288 = VECTOR('',#12289,1.);
#12289 = DIRECTION('',(1.,-0.,0.));
#12290 = PCURVE('',#9001,#12291);
#12291 = DEFINITIONAL_REPRESENTATION('',(#12292),#12296);
#12292 = LINE('',#12293,#12294);
#12293 = CARTESIAN_POINT('',(4.748241265972,2.221427867641));
#12294 = VECTOR('',#12295,1.);
#12295 = DIRECTION('',(0.,-1.));
#12296 = ( GEOMETRIC_REPRESENTATION_CONTEXT(2) 
PARAMETRIC_REPRESENTATION_CONTEXT() REPRESENTATION_CONTEXT('2D SPACE',''
  ) );
#12297 = PCURVE('',#12234,#12298);
#12298 = DEFINITIONAL_REPRESENTATION('',(#12299),#12303);
#12299 = LINE('',#12300,#12301);
#12300 = CARTESIAN_POINT('',(0.,0.));
#12301 = VECTOR('',#12302,1.);
#12302 = DIRECTION('',(0.,1.));
#12303 = ( GEOMETRIC_REPRESENTATION_CONTEXT(2) 
PARAMETRIC_REPRESENTATION_CONTEXT() REPRESENTATION_CONTEXT('2D SPACE',''
  ) );
#12304 = ORIENTED_EDGE('',*,*,#12305,.F.);
#12305 = EDGE_CURVE('',#8986,#12283,#12306,.T.);
#12306 = SURFACE_CURVE('',#12307,(#12311,#12318),.PCURVE_S1.);
#12307 = LINE('',#12308,#12309);
#12308 = CARTESIAN_POINT('',(-24.50127744759,-10.49914897349,
    7.075629789309));
#12309 = VECTOR('',#12310,1.);
#12310 = DIRECTION('',(3.487826274237E-02,-3.487826274237E-02,
    0.998782765959));
#12311 = PCURVE('',#9001,#12312);
#12312 = DEFINITIONAL_REPRESENTATION('',(#12313),#12317);
#12313 = LINE('',#12314,#12315);
#12314 = CARTESIAN_POINT('',(-2.438506541356E-02,1.701277447597));
#12315 = VECTOR('',#12316,1.);
#12316 = DIRECTION('',(0.999391568299,-3.487826274237E-02));
#12317 = ( GEOMETRIC_REPRESENTATION_CONTEXT(2) 
PARAMETRIC_REPRESENTATION_CONTEXT() REPRESENTATION_CONTEXT('2D SPACE',''
  ) );
#12318 = PCURVE('',#9029,#12319);
#12319 = DEFINITIONAL_REPRESENTATION('',(#12320),#12324);
#12320 = LINE('',#12321,#12322);
#12321 = CARTESIAN_POINT('',(0.,0.));
#12322 = VECTOR('',#12323,1.);
#12323 = DIRECTION('',(0.,1.));
#12324 = ( GEOMETRIC_REPRESENTATION_CONTEXT(2) 
PARAMETRIC_REPRESENTATION_CONTEXT() REPRESENTATION_CONTEXT('2D SPACE',''
  ) );
#12325 = ADVANCED_FACE('',(#12326),#9029,.T.);
#12326 = FACE_BOUND('',#12327,.T.);
#12327 = EDGE_LOOP('',(#12328,#12360,#12361,#12362,#12363));
#12328 = ORIENTED_EDGE('',*,*,#12329,.F.);
#12329 = EDGE_CURVE('',#12283,#12330,#12332,.T.);
#12330 = VERTEX_POINT('',#12331);
#12331 = CARTESIAN_POINT('',(-24.89201406302,-10.98947196478,
    12.411482159407));
#12332 = SURFACE_CURVE('',#12333,(#12338,#12349),.PCURVE_S1.);
#12333 = ELLIPSE('',#12334,0.973124496996,0.7);
#12334 = AXIS2_PLACEMENT_3D('',#12335,#12336,#12337);
#12335 = CARTESIAN_POINT('',(-24.33471519068,-11.36528480931,
    11.820919117995));
#12336 = DIRECTION('',(0.719332420631,-2.42434942052E-02,0.694242840523)
  );
#12337 = DIRECTION('',(0.694666012289,2.510433944182E-02,-0.718894222756
    ));
#12338 = PCURVE('',#9029,#12339);
#12339 = DEFINITIONAL_REPRESENTATION('',(#12340),#12348);
#12340 = B_SPLINE_CURVE_WITH_KNOTS('',6,(#12341,#12342,#12343,#12344,
    #12345,#12346,#12347),.UNSPECIFIED.,.F.,.F.,(7,7),(1.570796167296,
    2.539956851026),.PIECEWISE_BEZIER_KNOTS.);
#12341 = CARTESIAN_POINT('',(-1.594986391851E-07,4.77553180857));
#12342 = CARTESIAN_POINT('',(0.161526621123,4.884723349154));
#12343 = CARTESIAN_POINT('',(0.323053401745,4.993914333799));
#12344 = CARTESIAN_POINT('',(0.484580182366,5.097980854415));
#12345 = CARTESIAN_POINT('',(0.646106962988,5.19177977315));
#12346 = CARTESIAN_POINT('',(0.80763374361,5.271029271759));
#12347 = CARTESIAN_POINT('',(0.969160524231,5.332830788736));
#12348 = ( GEOMETRIC_REPRESENTATION_CONTEXT(2) 
PARAMETRIC_REPRESENTATION_CONTEXT() REPRESENTATION_CONTEXT('2D SPACE',''
  ) );
#12349 = PCURVE('',#12234,#12350);
#12350 = DEFINITIONAL_REPRESENTATION('',(#12351),#12359);
#12351 = B_SPLINE_CURVE_WITH_KNOTS('',6,(#12352,#12353,#12354,#12355,
    #12356,#12357,#12358),.UNSPECIFIED.,.F.,.F.,(7,7),(1.570796167296,
    2.539956851026),.PIECEWISE_BEZIER_KNOTS.);
#12352 = CARTESIAN_POINT('',(-1.594986391851E-07,0.686712784779));
#12353 = CARTESIAN_POINT('',(0.161526621123,0.577521244196));
#12354 = CARTESIAN_POINT('',(0.323053401745,0.46833025955));
#12355 = CARTESIAN_POINT('',(0.484580182366,0.364263738935));
#12356 = CARTESIAN_POINT('',(0.646106962988,0.2704648202));
#12357 = CARTESIAN_POINT('',(0.80763374361,0.191215321591));
#12358 = CARTESIAN_POINT('',(0.969160524231,0.129413804613));
#12359 = ( GEOMETRIC_REPRESENTATION_CONTEXT(2) 
PARAMETRIC_REPRESENTATION_CONTEXT() REPRESENTATION_CONTEXT('2D SPACE',''
  ) );
#12360 = ORIENTED_EDGE('',*,*,#12305,.F.);
#12361 = ORIENTED_EDGE('',*,*,#9012,.F.);
#12362 = ORIENTED_EDGE('',*,*,#10966,.T.);
#12363 = ORIENTED_EDGE('',*,*,#12364,.F.);
#12364 = EDGE_CURVE('',#12330,#10967,#12365,.T.);
#12365 = SURFACE_CURVE('',#12366,(#12371,#12381),.PCURVE_S1.);
#12366 = ELLIPSE('',#12367,0.84960811303,0.7);
#12367 = AXIS2_PLACEMENT_3D('',#12368,#12369,#12370);
#12368 = CARTESIAN_POINT('',(-24.30508233568,-11.39491766431,
    12.669493059108));
#12369 = DIRECTION('',(0.,0.536875492193,0.843661487732));
#12370 = DIRECTION('',(6.154389556142E-02,-0.842062224259,0.535857779074
    ));
#12371 = PCURVE('',#9029,#12372);
#12372 = DEFINITIONAL_REPRESENTATION('',(#12373),#12380);
#12373 = B_SPLINE_CURVE_WITH_KNOTS('',5,(#12374,#12375,#12376,#12377,
    #12378,#12379),.UNSPECIFIED.,.F.,.F.,(6,6),(4.05999392742,
    4.660411754813),.PIECEWISE_BEZIER_KNOTS.);
#12374 = CARTESIAN_POINT('',(0.969160524231,5.332830788736));
#12375 = CARTESIAN_POINT('',(1.08924408971,5.378775779914));
#12376 = CARTESIAN_POINT('',(1.209327655188,5.429989411009));
#12377 = CARTESIAN_POINT('',(1.329411220667,5.485093168627));
#12378 = CARTESIAN_POINT('',(1.449494786145,5.542383595049));
#12379 = CARTESIAN_POINT('',(1.569578351624,5.600124710778));
#12380 = ( GEOMETRIC_REPRESENTATION_CONTEXT(2) 
PARAMETRIC_REPRESENTATION_CONTEXT() REPRESENTATION_CONTEXT('2D SPACE',''
  ) );
#12381 = PCURVE('',#10833,#12382);
#12382 = DEFINITIONAL_REPRESENTATION('',(#12383),#12391);
#12383 = ( BOUNDED_CURVE() B_SPLINE_CURVE(2,(#12384,#12385,#12386,#12387
    ,#12388,#12389,#12390),.UNSPECIFIED.,.T.,.F.) 
B_SPLINE_CURVE_WITH_KNOTS((1,2,2,2,2,1),(-2.094395102393,0.,
    2.094395102393,4.188790204786,6.28318530718,8.377580409573),
.UNSPECIFIED.) CURVE() GEOMETRIC_REPRESENTATION_ITEM() 
RATIONAL_B_SPLINE_CURVE((1.,0.5,1.,0.5,1.,0.5,1.)) REPRESENTATION_ITEM(
  '') );
#12384 = CARTESIAN_POINT('',(3.094061539701,-2.747205857289));
#12385 = CARTESIAN_POINT('',(3.019443531896,-3.957343102774));
#12386 = CARTESIAN_POINT('',(1.784756170295,-3.273842190567));
#12387 = CARTESIAN_POINT('',(0.550068808695,-2.590341278359));
#12388 = CARTESIAN_POINT('',(1.859374178101,-2.063704945081));
#12389 = CARTESIAN_POINT('',(3.168679547507,-1.537068611803));
#12390 = CARTESIAN_POINT('',(3.094061539701,-2.747205857289));
#12391 = ( GEOMETRIC_REPRESENTATION_CONTEXT(2) 
PARAMETRIC_REPRESENTATION_CONTEXT() REPRESENTATION_CONTEXT('2D SPACE',''
  ) );
#12392 = ADVANCED_FACE('',(#12393),#9083,.F.);
#12393 = FACE_BOUND('',#12394,.F.);
#12394 = EDGE_LOOP('',(#12395,#12396,#12397,#12398));
#12395 = ORIENTED_EDGE('',*,*,#11157,.F.);
#12396 = ORIENTED_EDGE('',*,*,#9067,.T.);
#12397 = ORIENTED_EDGE('',*,*,#11031,.F.);
#12398 = ORIENTED_EDGE('',*,*,#11082,.F.);
#12399 = ADVANCED_FACE('',(#12400),#9134,.T.);
#12400 = FACE_BOUND('',#12401,.T.);
#12401 = EDGE_LOOP('',(#12402,#12425,#12462,#12487,#12488));
#12402 = ORIENTED_EDGE('',*,*,#12403,.T.);
#12403 = EDGE_CURVE('',#9118,#12404,#12406,.T.);
#12404 = VERTEX_POINT('',#12405);
#12405 = CARTESIAN_POINT('',(-47.66528480931,-10.6657112304,
    11.845348765686));
#12406 = SURFACE_CURVE('',#12407,(#12411,#12418),.PCURVE_S1.);
#12407 = LINE('',#12408,#12409);
#12408 = CARTESIAN_POINT('',(-47.4987225524,-10.49914897349,
    7.075629789309));
#12409 = VECTOR('',#12410,1.);
#12410 = DIRECTION('',(-3.487826274237E-02,-3.487826274237E-02,
    0.998782765959));
#12411 = PCURVE('',#9134,#12412);
#12412 = DEFINITIONAL_REPRESENTATION('',(#12413),#12417);
#12413 = LINE('',#12414,#12415);
#12414 = CARTESIAN_POINT('',(1.569578351624,0.));
#12415 = VECTOR('',#12416,1.);
#12416 = DIRECTION('',(0.,1.));
#12417 = ( GEOMETRIC_REPRESENTATION_CONTEXT(2) 
PARAMETRIC_REPRESENTATION_CONTEXT() REPRESENTATION_CONTEXT('2D SPACE',''
  ) );
#12418 = PCURVE('',#9166,#12419);
#12419 = DEFINITIONAL_REPRESENTATION('',(#12420),#12424);
#12420 = LINE('',#12421,#12422);
#12421 = CARTESIAN_POINT('',(-2.438506541356E-02,0.698722552403));
#12422 = VECTOR('',#12423,1.);
#12423 = DIRECTION('',(0.999391568299,3.487826274237E-02));
#12424 = ( GEOMETRIC_REPRESENTATION_CONTEXT(2) 
PARAMETRIC_REPRESENTATION_CONTEXT() REPRESENTATION_CONTEXT('2D SPACE',''
  ) );
#12425 = ORIENTED_EDGE('',*,*,#12426,.T.);
#12426 = EDGE_CURVE('',#12404,#12427,#12429,.T.);
#12427 = VERTEX_POINT('',#12428);
#12428 = CARTESIAN_POINT('',(-47.10798593697,-10.98947196478,
    12.411482159407));
#12429 = SURFACE_CURVE('',#12430,(#12435,#12446),.PCURVE_S1.);
#12430 = ELLIPSE('',#12431,0.973124496996,0.7);
#12431 = AXIS2_PLACEMENT_3D('',#12432,#12433,#12434);
#12432 = CARTESIAN_POINT('',(-47.66528480931,-11.36528480931,
    11.820919117995));
#12433 = DIRECTION('',(0.719332420631,2.42434942052E-02,-0.694242840523)
  );
#12434 = DIRECTION('',(0.694666012289,-2.510433944182E-02,0.718894222756
    ));
#12435 = PCURVE('',#9134,#12436);
#12436 = DEFINITIONAL_REPRESENTATION('',(#12437),#12445);
#12437 = B_SPLINE_CURVE_WITH_KNOTS('',6,(#12438,#12439,#12440,#12441,
    #12442,#12443,#12444),.UNSPECIFIED.,.F.,.F.,(7,7),(4.712389651683,
    5.681549504617),.PIECEWISE_BEZIER_KNOTS.);
#12438 = CARTESIAN_POINT('',(1.569577680325,4.775532370186));
#12439 = CARTESIAN_POINT('',(1.40805103817,4.884723817167));
#12440 = CARTESIAN_POINT('',(1.246524396014,4.99391469063));
#12441 = CARTESIAN_POINT('',(1.084997753858,5.097981095645));
#12442 = CARTESIAN_POINT('',(0.923471111703,5.191779909018));
#12443 = CARTESIAN_POINT('',(0.761944469547,5.271029324738));
#12444 = CARTESIAN_POINT('',(0.600417827391,5.332830788737));
#12445 = ( GEOMETRIC_REPRESENTATION_CONTEXT(2) 
PARAMETRIC_REPRESENTATION_CONTEXT() REPRESENTATION_CONTEXT('2D SPACE',''
  ) );
#12446 = PCURVE('',#12447,#12452);
#12447 = CYLINDRICAL_SURFACE('',#12448,0.7);
#12448 = AXIS2_PLACEMENT_3D('',#12449,#12450,#12451);
#12449 = CARTESIAN_POINT('',(-49.02142786764,-11.36528480931,
    11.820919117995));
#12450 = DIRECTION('',(1.,-0.,0.));
#12451 = DIRECTION('',(0.,0.999390827019,3.48994967025E-02));
#12452 = DEFINITIONAL_REPRESENTATION('',(#12453),#12461);
#12453 = B_SPLINE_CURVE_WITH_KNOTS('',6,(#12454,#12455,#12456,#12457,
    #12458,#12459,#12460),.UNSPECIFIED.,.F.,.F.,(7,7),(4.712389651683,
    5.681549504617),.PIECEWISE_BEZIER_KNOTS.);
#12454 = CARTESIAN_POINT('',(6.712985240703E-07,1.356143512119));
#12455 = CARTESIAN_POINT('',(0.161527313454,1.4653349591));
#12456 = CARTESIAN_POINT('',(0.32305395561,1.574525832562));
#12457 = CARTESIAN_POINT('',(0.484580597765,1.678592237577));
#12458 = CARTESIAN_POINT('',(0.646107239921,1.772391050951));
#12459 = CARTESIAN_POINT('',(0.807633882077,1.85164046667));
#12460 = CARTESIAN_POINT('',(0.969160524232,1.913441930669));
#12461 = ( GEOMETRIC_REPRESENTATION_CONTEXT(2) 
PARAMETRIC_REPRESENTATION_CONTEXT() REPRESENTATION_CONTEXT('2D SPACE',''
  ) );
#12462 = ORIENTED_EDGE('',*,*,#12463,.T.);
#12463 = EDGE_CURVE('',#12427,#11108,#12464,.T.);
#12464 = SURFACE_CURVE('',#12465,(#12470,#12480),.PCURVE_S1.);
#12465 = ELLIPSE('',#12466,0.84960811303,0.7);
#12466 = AXIS2_PLACEMENT_3D('',#12467,#12468,#12469);
#12467 = CARTESIAN_POINT('',(-47.69491766431,-11.39491766431,
    12.669493059108));
#12468 = DIRECTION('',(0.,-0.536875492193,-0.843661487732));
#12469 = DIRECTION('',(-6.154389556142E-02,-0.842062224259,
    0.535857779074));
#12470 = PCURVE('',#9134,#12471);
#12471 = DEFINITIONAL_REPRESENTATION('',(#12472),#12479);
#12472 = B_SPLINE_CURVE_WITH_KNOTS('',5,(#12473,#12474,#12475,#12476,
    #12477,#12478),.UNSPECIFIED.,.F.,.F.,(6,6),(4.059993927421,
    4.660411754813),.PIECEWISE_BEZIER_KNOTS.);
#12473 = CARTESIAN_POINT('',(0.600417827391,5.332830788737));
#12474 = CARTESIAN_POINT('',(0.480334261913,5.378775779914));
#12475 = CARTESIAN_POINT('',(0.360250696435,5.429989411009));
#12476 = CARTESIAN_POINT('',(0.240167130957,5.485093168627));
#12477 = CARTESIAN_POINT('',(0.120083565478,5.54238359505));
#12478 = CARTESIAN_POINT('',(0.,5.600124710778));
#12479 = ( GEOMETRIC_REPRESENTATION_CONTEXT(2) 
PARAMETRIC_REPRESENTATION_CONTEXT() REPRESENTATION_CONTEXT('2D SPACE',''
  ) );
#12480 = PCURVE('',#11124,#12481);
#12481 = DEFINITIONAL_REPRESENTATION('',(#12482),#12486);
#12482 = ELLIPSE('',#12483,0.84960811303,0.7);
#12483 = AXIS2_PLACEMENT_2D('',#12484,#12485);
#12484 = CARTESIAN_POINT('',(2.246063962699,-3.305082335688));
#12485 = DIRECTION('',(0.998104377768,6.154389556142E-02));
#12486 = ( GEOMETRIC_REPRESENTATION_CONTEXT(2) 
PARAMETRIC_REPRESENTATION_CONTEXT() REPRESENTATION_CONTEXT('2D SPACE',''
  ) );
#12487 = ORIENTED_EDGE('',*,*,#11135,.F.);
#12488 = ORIENTED_EDGE('',*,*,#9117,.F.);
#12489 = ADVANCED_FACE('',(#12490),#9166,.F.);
#12490 = FACE_BOUND('',#12491,.F.);
#12491 = EDGE_LOOP('',(#12492,#12493,#12494,#12517));
#12492 = ORIENTED_EDGE('',*,*,#9150,.F.);
#12493 = ORIENTED_EDGE('',*,*,#12403,.T.);
#12494 = ORIENTED_EDGE('',*,*,#12495,.F.);
#12495 = EDGE_CURVE('',#12496,#12404,#12498,.T.);
#12496 = VERTEX_POINT('',#12497);
#12497 = CARTESIAN_POINT('',(-48.33471519068,-10.6657112304,
    11.845348765686));
#12498 = SURFACE_CURVE('',#12499,(#12503,#12510),.PCURVE_S1.);
#12499 = LINE('',#12500,#12501);
#12500 = CARTESIAN_POINT('',(-49.02142786764,-10.6657112304,
    11.845348765686));
#12501 = VECTOR('',#12502,1.);
#12502 = DIRECTION('',(1.,-0.,0.));
#12503 = PCURVE('',#9166,#12504);
#12504 = DEFINITIONAL_REPRESENTATION('',(#12505),#12509);
#12505 = LINE('',#12506,#12507);
#12506 = CARTESIAN_POINT('',(4.748241265972,2.221427867641));
#12507 = VECTOR('',#12508,1.);
#12508 = DIRECTION('',(0.,-1.));
#12509 = ( GEOMETRIC_REPRESENTATION_CONTEXT(2) 
PARAMETRIC_REPRESENTATION_CONTEXT() REPRESENTATION_CONTEXT('2D SPACE',''
  ) );
#12510 = PCURVE('',#12447,#12511);
#12511 = DEFINITIONAL_REPRESENTATION('',(#12512),#12516);
#12512 = LINE('',#12513,#12514);
#12513 = CARTESIAN_POINT('',(0.,0.));
#12514 = VECTOR('',#12515,1.);
#12515 = DIRECTION('',(0.,1.));
#12516 = ( GEOMETRIC_REPRESENTATION_CONTEXT(2) 
PARAMETRIC_REPRESENTATION_CONTEXT() REPRESENTATION_CONTEXT('2D SPACE',''
  ) );
#12517 = ORIENTED_EDGE('',*,*,#12518,.F.);
#12518 = EDGE_CURVE('',#9151,#12496,#12519,.T.);
#12519 = SURFACE_CURVE('',#12520,(#12524,#12531),.PCURVE_S1.);
#12520 = LINE('',#12521,#12522);
#12521 = CARTESIAN_POINT('',(-48.50127652371,-10.49914989737,
    7.075656245758));
#12522 = VECTOR('',#12523,1.);
#12523 = DIRECTION('',(3.487826274237E-02,-3.487826274237E-02,
    0.998782765959));
#12524 = PCURVE('',#9166,#12525);
#12525 = DEFINITIONAL_REPRESENTATION('',(#12526),#12530);
#12526 = LINE('',#12527,#12528);
#12527 = CARTESIAN_POINT('',(-2.435859283889E-02,1.701276523717));
#12528 = VECTOR('',#12529,1.);
#12529 = DIRECTION('',(0.999391568299,-3.487826274237E-02));
#12530 = ( GEOMETRIC_REPRESENTATION_CONTEXT(2) 
PARAMETRIC_REPRESENTATION_CONTEXT() REPRESENTATION_CONTEXT('2D SPACE',''
  ) );
#12531 = PCURVE('',#9194,#12532);
#12532 = DEFINITIONAL_REPRESENTATION('',(#12533),#12537);
#12533 = LINE('',#12534,#12535);
#12534 = CARTESIAN_POINT('',(0.,0.));
#12535 = VECTOR('',#12536,1.);
#12536 = DIRECTION('',(0.,1.));
#12537 = ( GEOMETRIC_REPRESENTATION_CONTEXT(2) 
PARAMETRIC_REPRESENTATION_CONTEXT() REPRESENTATION_CONTEXT('2D SPACE',''
  ) );
#12538 = ADVANCED_FACE('',(#12539),#9194,.T.);
#12539 = FACE_BOUND('',#12540,.T.);
#12540 = EDGE_LOOP('',(#12541,#12573,#12574,#12575,#12576));
#12541 = ORIENTED_EDGE('',*,*,#12542,.F.);
#12542 = EDGE_CURVE('',#12496,#12543,#12545,.T.);
#12543 = VERTEX_POINT('',#12544);
#12544 = CARTESIAN_POINT('',(-48.89201406302,-10.98947196478,
    12.411482159407));
#12545 = SURFACE_CURVE('',#12546,(#12551,#12562),.PCURVE_S1.);
#12546 = ELLIPSE('',#12547,0.973124496996,0.7);
#12547 = AXIS2_PLACEMENT_3D('',#12548,#12549,#12550);
#12548 = CARTESIAN_POINT('',(-48.33471519068,-11.36528480931,
    11.820919117995));
#12549 = DIRECTION('',(0.719332420631,-2.42434942052E-02,0.694242840523)
  );
#12550 = DIRECTION('',(0.694666012289,2.510433944182E-02,-0.718894222756
    ));
#12551 = PCURVE('',#9194,#12552);
#12552 = DEFINITIONAL_REPRESENTATION('',(#12553),#12561);
#12553 = B_SPLINE_CURVE_WITH_KNOTS('',6,(#12554,#12555,#12556,#12557,
    #12558,#12559,#12560),.UNSPECIFIED.,.F.,.F.,(7,7),(1.570796326795,
    2.539956851026),.PIECEWISE_BEZIER_KNOTS.);
#12554 = CARTESIAN_POINT('',(-9.769962616701E-15,4.7755054277));
#12555 = CARTESIAN_POINT('',(0.161526754038,4.884696950313));
#12556 = CARTESIAN_POINT('',(0.323053508077,4.993887913613));
#12557 = CARTESIAN_POINT('',(0.484580262115,5.097954412035));
#12558 = CARTESIAN_POINT('',(0.646107016154,5.191753310542));
#12559 = CARTESIAN_POINT('',(0.807633770192,5.271002793238));
#12560 = CARTESIAN_POINT('',(0.969160524231,5.332804300045));
#12561 = ( GEOMETRIC_REPRESENTATION_CONTEXT(2) 
PARAMETRIC_REPRESENTATION_CONTEXT() REPRESENTATION_CONTEXT('2D SPACE',''
  ) );
#12562 = PCURVE('',#12447,#12563);
#12563 = DEFINITIONAL_REPRESENTATION('',(#12564),#12572);
#12564 = B_SPLINE_CURVE_WITH_KNOTS('',6,(#12565,#12566,#12567,#12568,
    #12569,#12570,#12571),.UNSPECIFIED.,.F.,.F.,(7,7),(1.570796326795,
    2.539956851026),.PIECEWISE_BEZIER_KNOTS.);
#12565 = CARTESIAN_POINT('',(0.,0.686712676959));
#12566 = CARTESIAN_POINT('',(0.161526754038,0.577521154345));
#12567 = CARTESIAN_POINT('',(0.323053508077,0.468330191045));
#12568 = CARTESIAN_POINT('',(0.484580262115,0.364263692623));
#12569 = CARTESIAN_POINT('',(0.646107016154,0.270464794116));
#12570 = CARTESIAN_POINT('',(0.807633770192,0.19121531142));
#12571 = CARTESIAN_POINT('',(0.969160524231,0.129413804614));
#12572 = ( GEOMETRIC_REPRESENTATION_CONTEXT(2) 
PARAMETRIC_REPRESENTATION_CONTEXT() REPRESENTATION_CONTEXT('2D SPACE',''
  ) );
#12573 = ORIENTED_EDGE('',*,*,#12518,.F.);
#12574 = ORIENTED_EDGE('',*,*,#9177,.F.);
#12575 = ORIENTED_EDGE('',*,*,#11257,.T.);
#12576 = ORIENTED_EDGE('',*,*,#12577,.F.);
#12577 = EDGE_CURVE('',#12543,#11258,#12578,.T.);
#12578 = SURFACE_CURVE('',#12579,(#12584,#12594),.PCURVE_S1.);
#12579 = ELLIPSE('',#12580,0.84960811303,0.7);
#12580 = AXIS2_PLACEMENT_3D('',#12581,#12582,#12583);
#12581 = CARTESIAN_POINT('',(-48.30508233568,-11.39491766431,
    12.669493059108));
#12582 = DIRECTION('',(0.,0.536875492193,0.843661487732));
#12583 = DIRECTION('',(6.154389556142E-02,-0.842062224259,0.535857779074
    ));
#12584 = PCURVE('',#9194,#12585);
#12585 = DEFINITIONAL_REPRESENTATION('',(#12586),#12593);
#12586 = B_SPLINE_CURVE_WITH_KNOTS('',5,(#12587,#12588,#12589,#12590,
    #12591,#12592),.UNSPECIFIED.,.F.,.F.,(6,6),(4.059993927419,
    4.660411754813),.PIECEWISE_BEZIER_KNOTS.);
#12587 = CARTESIAN_POINT('',(0.96916052423,5.332804300045));
#12588 = CARTESIAN_POINT('',(1.089244089709,5.378749291222));
#12589 = CARTESIAN_POINT('',(1.209327655188,5.429962922317));
#12590 = CARTESIAN_POINT('',(1.329411220666,5.485066679935));
#12591 = CARTESIAN_POINT('',(1.449494786145,5.542357106358));
#12592 = CARTESIAN_POINT('',(1.569578351624,5.600098222087));
#12593 = ( GEOMETRIC_REPRESENTATION_CONTEXT(2) 
PARAMETRIC_REPRESENTATION_CONTEXT() REPRESENTATION_CONTEXT('2D SPACE',''
  ) );
#12594 = PCURVE('',#11124,#12595);
#12595 = DEFINITIONAL_REPRESENTATION('',(#12596),#12604);
#12596 = ( BOUNDED_CURVE() B_SPLINE_CURVE(2,(#12597,#12598,#12599,#12600
    ,#12601,#12602,#12603),.UNSPECIFIED.,.T.,.F.) 
B_SPLINE_CURVE_WITH_KNOTS((1,2,2,2,2,1),(-2.094395102393,0.,
    2.094395102393,4.188790204786,6.28318530718,8.377580409573),
.UNSPECIFIED.) CURVE() GEOMETRIC_REPRESENTATION_ITEM() 
RATIONAL_B_SPLINE_CURVE((1.,0.5,1.,0.5,1.,0.5,1.)) REPRESENTATION_ITEM(
  '') );
#12597 = CARTESIAN_POINT('',(3.094061539701,-2.747205857289));
#12598 = CARTESIAN_POINT('',(3.019443531896,-3.957343102774));
#12599 = CARTESIAN_POINT('',(1.784756170295,-3.273842190567));
#12600 = CARTESIAN_POINT('',(0.550068808695,-2.590341278359));
#12601 = CARTESIAN_POINT('',(1.859374178101,-2.063704945081));
#12602 = CARTESIAN_POINT('',(3.168679547507,-1.537068611803));
#12603 = CARTESIAN_POINT('',(3.094061539701,-2.747205857289));
#12604 = ( GEOMETRIC_REPRESENTATION_CONTEXT(2) 
PARAMETRIC_REPRESENTATION_CONTEXT() REPRESENTATION_CONTEXT('2D SPACE',''
  ) );
#12605 = ADVANCED_FACE('',(#12606),#9254,.F.);
#12606 = FACE_BOUND('',#12607,.T.);
#12607 = EDGE_LOOP('',(#12608,#12609,#12633,#12660));
#12608 = ORIENTED_EDGE('',*,*,#9233,.T.);
#12609 = ORIENTED_EDGE('',*,*,#12610,.T.);
#12610 = EDGE_CURVE('',#9234,#12611,#12613,.T.);
#12611 = VERTEX_POINT('',#12612);
#12612 = CARTESIAN_POINT('',(68.,0.,9.6));
#12613 = SEAM_CURVE('',#12614,(#12619,#12626),.PCURVE_S1.);
#12614 = CIRCLE('',#12615,2.);
#12615 = AXIS2_PLACEMENT_3D('',#12616,#12617,#12618);
#12616 = CARTESIAN_POINT('',(70.,0.,9.6));
#12617 = DIRECTION('',(0.,1.,0.));
#12618 = DIRECTION('',(8.881784197001E-16,0.,-1.));
#12619 = PCURVE('',#9254,#12620);
#12620 = DEFINITIONAL_REPRESENTATION('',(#12621),#12625);
#12621 = LINE('',#12622,#12623);
#12622 = CARTESIAN_POINT('',(-0.,1.570796326795));
#12623 = VECTOR('',#12624,1.);
#12624 = DIRECTION('',(-0.,1.));
#12625 = ( GEOMETRIC_REPRESENTATION_CONTEXT(2) 
PARAMETRIC_REPRESENTATION_CONTEXT() REPRESENTATION_CONTEXT('2D SPACE',''
  ) );
#12626 = PCURVE('',#9254,#12627);
#12627 = DEFINITIONAL_REPRESENTATION('',(#12628),#12632);
#12628 = LINE('',#12629,#12630);
#12629 = CARTESIAN_POINT('',(-6.28318530718,1.570796326795));
#12630 = VECTOR('',#12631,1.);
#12631 = DIRECTION('',(-0.,1.));
#12632 = ( GEOMETRIC_REPRESENTATION_CONTEXT(2) 
PARAMETRIC_REPRESENTATION_CONTEXT() REPRESENTATION_CONTEXT('2D SPACE',''
  ) );
#12633 = ORIENTED_EDGE('',*,*,#12634,.F.);
#12634 = EDGE_CURVE('',#12611,#12611,#12635,.T.);
#12635 = SURFACE_CURVE('',#12636,(#12641,#12648),.PCURVE_S1.);
#12636 = CIRCLE('',#12637,8.);
#12637 = AXIS2_PLACEMENT_3D('',#12638,#12639,#12640);
#12638 = CARTESIAN_POINT('',(60.,0.,9.6));
#12639 = DIRECTION('',(0.,0.,1.));
#12640 = DIRECTION('',(1.,0.,-0.));
#12641 = PCURVE('',#9254,#12642);
#12642 = DEFINITIONAL_REPRESENTATION('',(#12643),#12647);
#12643 = LINE('',#12644,#12645);
#12644 = CARTESIAN_POINT('',(-0.,3.14159265359));
#12645 = VECTOR('',#12646,1.);
#12646 = DIRECTION('',(-1.,0.));
#12647 = ( GEOMETRIC_REPRESENTATION_CONTEXT(2) 
PARAMETRIC_REPRESENTATION_CONTEXT() REPRESENTATION_CONTEXT('2D SPACE',''
  ) );
#12648 = PCURVE('',#12649,#12654);
#12649 = CYLINDRICAL_SURFACE('',#12650,8.);
#12650 = AXIS2_PLACEMENT_3D('',#12651,#12652,#12653);
#12651 = CARTESIAN_POINT('',(60.,0.,9.6));
#12652 = DIRECTION('',(0.,0.,1.));
#12653 = DIRECTION('',(1.,0.,-0.));
#12654 = DEFINITIONAL_REPRESENTATION('',(#12655),#12659);
#12655 = LINE('',#12656,#12657);
#12656 = CARTESIAN_POINT('',(0.,0.));
#12657 = VECTOR('',#12658,1.);
#12658 = DIRECTION('',(1.,0.));
#12659 = ( GEOMETRIC_REPRESENTATION_CONTEXT(2) 
PARAMETRIC_REPRESENTATION_CONTEXT() REPRESENTATION_CONTEXT('2D SPACE',''
  ) );
#12660 = ORIENTED_EDGE('',*,*,#12610,.F.);
#12661 = ADVANCED_FACE('',(#12662),#9289,.F.);
#12662 = FACE_BOUND('',#12663,.T.);
#12663 = EDGE_LOOP('',(#12664,#12665,#12689,#12716));
#12664 = ORIENTED_EDGE('',*,*,#9268,.T.);
#12665 = ORIENTED_EDGE('',*,*,#12666,.T.);
#12666 = EDGE_CURVE('',#9269,#12667,#12669,.T.);
#12667 = VERTEX_POINT('',#12668);
#12668 = CARTESIAN_POINT('',(44.,0.,9.6));
#12669 = SEAM_CURVE('',#12670,(#12675,#12682),.PCURVE_S1.);
#12670 = CIRCLE('',#12671,2.);
#12671 = AXIS2_PLACEMENT_3D('',#12672,#12673,#12674);
#12672 = CARTESIAN_POINT('',(46.,0.,9.6));
#12673 = DIRECTION('',(0.,1.,0.));
#12674 = DIRECTION('',(8.881784197001E-16,0.,-1.));
#12675 = PCURVE('',#9289,#12676);
#12676 = DEFINITIONAL_REPRESENTATION('',(#12677),#12681);
#12677 = LINE('',#12678,#12679);
#12678 = CARTESIAN_POINT('',(-0.,1.570796326795));
#12679 = VECTOR('',#12680,1.);
#12680 = DIRECTION('',(-0.,1.));
#12681 = ( GEOMETRIC_REPRESENTATION_CONTEXT(2) 
PARAMETRIC_REPRESENTATION_CONTEXT() REPRESENTATION_CONTEXT('2D SPACE',''
  ) );
#12682 = PCURVE('',#9289,#12683);
#12683 = DEFINITIONAL_REPRESENTATION('',(#12684),#12688);
#12684 = LINE('',#12685,#12686);
#12685 = CARTESIAN_POINT('',(-6.28318530718,1.570796326795));
#12686 = VECTOR('',#12687,1.);
#12687 = DIRECTION('',(-0.,1.));
#12688 = ( GEOMETRIC_REPRESENTATION_CONTEXT(2) 
PARAMETRIC_REPRESENTATION_CONTEXT() REPRESENTATION_CONTEXT('2D SPACE',''
  ) );
#12689 = ORIENTED_EDGE('',*,*,#12690,.F.);
#12690 = EDGE_CURVE('',#12667,#12667,#12691,.T.);
#12691 = SURFACE_CURVE('',#12692,(#12697,#12704),.PCURVE_S1.);
#12692 = CIRCLE('',#12693,8.);
#12693 = AXIS2_PLACEMENT_3D('',#12694,#12695,#12696);
#12694 = CARTESIAN_POINT('',(36.,0.,9.6));
#12695 = DIRECTION('',(0.,0.,1.));
#12696 = DIRECTION('',(1.,0.,-0.));
#12697 = PCURVE('',#9289,#12698);
#12698 = DEFINITIONAL_REPRESENTATION('',(#12699),#12703);
#12699 = LINE('',#12700,#12701);
#12700 = CARTESIAN_POINT('',(-0.,3.14159265359));
#12701 = VECTOR('',#12702,1.);
#12702 = DIRECTION('',(-1.,0.));
#12703 = ( GEOMETRIC_REPRESENTATION_CONTEXT(2) 
PARAMETRIC_REPRESENTATION_CONTEXT() REPRESENTATION_CONTEXT('2D SPACE',''
  ) );
#12704 = PCURVE('',#12705,#12710);
#12705 = CYLINDRICAL_SURFACE('',#12706,8.);
#12706 = AXIS2_PLACEMENT_3D('',#12707,#12708,#12709);
#12707 = CARTESIAN_POINT('',(36.,0.,9.6));
#12708 = DIRECTION('',(0.,0.,1.));
#12709 = DIRECTION('',(1.,0.,-0.));
#12710 = DEFINITIONAL_REPRESENTATION('',(#12711),#12715);
#12711 = LINE('',#12712,#12713);
#12712 = CARTESIAN_POINT('',(0.,0.));
#12713 = VECTOR('',#12714,1.);
#12714 = DIRECTION('',(1.,0.));
#12715 = ( GEOMETRIC_REPRESENTATION_CONTEXT(2) 
PARAMETRIC_REPRESENTATION_CONTEXT() REPRESENTATION_CONTEXT('2D SPACE',''
  ) );
#12716 = ORIENTED_EDGE('',*,*,#12666,.F.);
#12717 = ADVANCED_FACE('',(#12718),#9324,.F.);
#12718 = FACE_BOUND('',#12719,.T.);
#12719 = EDGE_LOOP('',(#12720,#12721,#12745,#12772));
#12720 = ORIENTED_EDGE('',*,*,#9303,.T.);
#12721 = ORIENTED_EDGE('',*,*,#12722,.T.);
#12722 = EDGE_CURVE('',#9304,#12723,#12725,.T.);
#12723 = VERTEX_POINT('',#12724);
#12724 = CARTESIAN_POINT('',(20.,0.,9.6));
#12725 = SEAM_CURVE('',#12726,(#12731,#12738),.PCURVE_S1.);
#12726 = CIRCLE('',#12727,2.);
#12727 = AXIS2_PLACEMENT_3D('',#12728,#12729,#12730);
#12728 = CARTESIAN_POINT('',(22.,0.,9.6));
#12729 = DIRECTION('',(0.,1.,0.));
#12730 = DIRECTION('',(8.881784197001E-16,0.,-1.));
#12731 = PCURVE('',#9324,#12732);
#12732 = DEFINITIONAL_REPRESENTATION('',(#12733),#12737);
#12733 = LINE('',#12734,#12735);
#12734 = CARTESIAN_POINT('',(-0.,1.570796326795));
#12735 = VECTOR('',#12736,1.);
#12736 = DIRECTION('',(-0.,1.));
#12737 = ( GEOMETRIC_REPRESENTATION_CONTEXT(2) 
PARAMETRIC_REPRESENTATION_CONTEXT() REPRESENTATION_CONTEXT('2D SPACE',''
  ) );
#12738 = PCURVE('',#9324,#12739);
#12739 = DEFINITIONAL_REPRESENTATION('',(#12740),#12744);
#12740 = LINE('',#12741,#12742);
#12741 = CARTESIAN_POINT('',(-6.28318530718,1.570796326795));
#12742 = VECTOR('',#12743,1.);
#12743 = DIRECTION('',(-0.,1.));
#12744 = ( GEOMETRIC_REPRESENTATION_CONTEXT(2) 
PARAMETRIC_REPRESENTATION_CONTEXT() REPRESENTATION_CONTEXT('2D SPACE',''
  ) );
#12745 = ORIENTED_EDGE('',*,*,#12746,.F.);
#12746 = EDGE_CURVE('',#12723,#12723,#12747,.T.);
#12747 = SURFACE_CURVE('',#12748,(#12753,#12760),.PCURVE_S1.);
#12748 = CIRCLE('',#12749,8.);
#12749 = AXIS2_PLACEMENT_3D('',#12750,#12751,#12752);
#12750 = CARTESIAN_POINT('',(12.,0.,9.6));
#12751 = DIRECTION('',(0.,0.,1.));
#12752 = DIRECTION('',(1.,0.,-0.));
#12753 = PCURVE('',#9324,#12754);
#12754 = DEFINITIONAL_REPRESENTATION('',(#12755),#12759);
#12755 = LINE('',#12756,#12757);
#12756 = CARTESIAN_POINT('',(-0.,3.14159265359));
#12757 = VECTOR('',#12758,1.);
#12758 = DIRECTION('',(-1.,0.));
#12759 = ( GEOMETRIC_REPRESENTATION_CONTEXT(2) 
PARAMETRIC_REPRESENTATION_CONTEXT() REPRESENTATION_CONTEXT('2D SPACE',''
  ) );
#12760 = PCURVE('',#12761,#12766);
#12761 = CYLINDRICAL_SURFACE('',#12762,8.);
#12762 = AXIS2_PLACEMENT_3D('',#12763,#12764,#12765);
#12763 = CARTESIAN_POINT('',(12.,0.,9.6));
#12764 = DIRECTION('',(0.,0.,1.));
#12765 = DIRECTION('',(1.,0.,-0.));
#12766 = DEFINITIONAL_REPRESENTATION('',(#12767),#12771);
#12767 = LINE('',#12768,#12769);
#12768 = CARTESIAN_POINT('',(0.,0.));
#12769 = VECTOR('',#12770,1.);
#12770 = DIRECTION('',(1.,0.));
#12771 = ( GEOMETRIC_REPRESENTATION_CONTEXT(2) 
PARAMETRIC_REPRESENTATION_CONTEXT() REPRESENTATION_CONTEXT('2D SPACE',''
  ) );
#12772 = ORIENTED_EDGE('',*,*,#12722,.F.);
#12773 = ADVANCED_FACE('',(#12774),#9359,.F.);
#12774 = FACE_BOUND('',#12775,.T.);
#12775 = EDGE_LOOP('',(#12776,#12777,#12801,#12828));
#12776 = ORIENTED_EDGE('',*,*,#9338,.T.);
#12777 = ORIENTED_EDGE('',*,*,#12778,.T.);
#12778 = EDGE_CURVE('',#9339,#12779,#12781,.T.);
#12779 = VERTEX_POINT('',#12780);
#12780 = CARTESIAN_POINT('',(-4.,0.,9.6));
#12781 = SEAM_CURVE('',#12782,(#12787,#12794),.PCURVE_S1.);
#12782 = CIRCLE('',#12783,2.);
#12783 = AXIS2_PLACEMENT_3D('',#12784,#12785,#12786);
#12784 = CARTESIAN_POINT('',(-2.,0.,9.6));
#12785 = DIRECTION('',(0.,1.,0.));
#12786 = DIRECTION('',(8.881784197001E-16,0.,-1.));
#12787 = PCURVE('',#9359,#12788);
#12788 = DEFINITIONAL_REPRESENTATION('',(#12789),#12793);
#12789 = LINE('',#12790,#12791);
#12790 = CARTESIAN_POINT('',(-0.,1.570796326795));
#12791 = VECTOR('',#12792,1.);
#12792 = DIRECTION('',(-0.,1.));
#12793 = ( GEOMETRIC_REPRESENTATION_CONTEXT(2) 
PARAMETRIC_REPRESENTATION_CONTEXT() REPRESENTATION_CONTEXT('2D SPACE',''
  ) );
#12794 = PCURVE('',#9359,#12795);
#12795 = DEFINITIONAL_REPRESENTATION('',(#12796),#12800);
#12796 = LINE('',#12797,#12798);
#12797 = CARTESIAN_POINT('',(-6.28318530718,1.570796326795));
#12798 = VECTOR('',#12799,1.);
#12799 = DIRECTION('',(-0.,1.));
#12800 = ( GEOMETRIC_REPRESENTATION_CONTEXT(2) 
PARAMETRIC_REPRESENTATION_CONTEXT() REPRESENTATION_CONTEXT('2D SPACE',''
  ) );
#12801 = ORIENTED_EDGE('',*,*,#12802,.F.);
#12802 = EDGE_CURVE('',#12779,#12779,#12803,.T.);
#12803 = SURFACE_CURVE('',#12804,(#12809,#12816),.PCURVE_S1.);
#12804 = CIRCLE('',#12805,8.);
#12805 = AXIS2_PLACEMENT_3D('',#12806,#12807,#12808);
#12806 = CARTESIAN_POINT('',(-12.,0.,9.6));
#12807 = DIRECTION('',(0.,0.,1.));
#12808 = DIRECTION('',(1.,0.,-0.));
#12809 = PCURVE('',#9359,#12810);
#12810 = DEFINITIONAL_REPRESENTATION('',(#12811),#12815);
#12811 = LINE('',#12812,#12813);
#12812 = CARTESIAN_POINT('',(-0.,3.14159265359));
#12813 = VECTOR('',#12814,1.);
#12814 = DIRECTION('',(-1.,0.));
#12815 = ( GEOMETRIC_REPRESENTATION_CONTEXT(2) 
PARAMETRIC_REPRESENTATION_CONTEXT() REPRESENTATION_CONTEXT('2D SPACE',''
  ) );
#12816 = PCURVE('',#12817,#12822);
#12817 = CYLINDRICAL_SURFACE('',#12818,8.);
#12818 = AXIS2_PLACEMENT_3D('',#12819,#12820,#12821);
#12819 = CARTESIAN_POINT('',(-12.,0.,9.6));
#12820 = DIRECTION('',(0.,0.,1.));
#12821 = DIRECTION('',(1.,0.,-0.));
#12822 = DEFINITIONAL_REPRESENTATION('',(#12823),#12827);
#12823 = LINE('',#12824,#12825);
#12824 = CARTESIAN_POINT('',(0.,0.));
#12825 = VECTOR('',#12826,1.);
#12826 = DIRECTION('',(1.,0.));
#12827 = ( GEOMETRIC_REPRESENTATION_CONTEXT(2) 
PARAMETRIC_REPRESENTATION_CONTEXT() REPRESENTATION_CONTEXT('2D SPACE',''
  ) );
#12828 = ORIENTED_EDGE('',*,*,#12778,.F.);
#12829 = ADVANCED_FACE('',(#12830),#9394,.F.);
#12830 = FACE_BOUND('',#12831,.T.);
#12831 = EDGE_LOOP('',(#12832,#12833,#12857,#12884));
#12832 = ORIENTED_EDGE('',*,*,#9373,.T.);
#12833 = ORIENTED_EDGE('',*,*,#12834,.T.);
#12834 = EDGE_CURVE('',#9374,#12835,#12837,.T.);
#12835 = VERTEX_POINT('',#12836);
#12836 = CARTESIAN_POINT('',(-28.,0.,9.6));
#12837 = SEAM_CURVE('',#12838,(#12843,#12850),.PCURVE_S1.);
#12838 = CIRCLE('',#12839,2.);
#12839 = AXIS2_PLACEMENT_3D('',#12840,#12841,#12842);
#12840 = CARTESIAN_POINT('',(-26.,0.,9.6));
#12841 = DIRECTION('',(0.,1.,0.));
#12842 = DIRECTION('',(8.881784197001E-16,0.,-1.));
#12843 = PCURVE('',#9394,#12844);
#12844 = DEFINITIONAL_REPRESENTATION('',(#12845),#12849);
#12845 = LINE('',#12846,#12847);
#12846 = CARTESIAN_POINT('',(-0.,1.570796326795));
#12847 = VECTOR('',#12848,1.);
#12848 = DIRECTION('',(-0.,1.));
#12849 = ( GEOMETRIC_REPRESENTATION_CONTEXT(2) 
PARAMETRIC_REPRESENTATION_CONTEXT() REPRESENTATION_CONTEXT('2D SPACE',''
  ) );
#12850 = PCURVE('',#9394,#12851);
#12851 = DEFINITIONAL_REPRESENTATION('',(#12852),#12856);
#12852 = LINE('',#12853,#12854);
#12853 = CARTESIAN_POINT('',(-6.28318530718,1.570796326795));
#12854 = VECTOR('',#12855,1.);
#12855 = DIRECTION('',(-0.,1.));
#12856 = ( GEOMETRIC_REPRESENTATION_CONTEXT(2) 
PARAMETRIC_REPRESENTATION_CONTEXT() REPRESENTATION_CONTEXT('2D SPACE',''
  ) );
#12857 = ORIENTED_EDGE('',*,*,#12858,.F.);
#12858 = EDGE_CURVE('',#12835,#12835,#12859,.T.);
#12859 = SURFACE_CURVE('',#12860,(#12865,#12872),.PCURVE_S1.);
#12860 = CIRCLE('',#12861,8.);
#12861 = AXIS2_PLACEMENT_3D('',#12862,#12863,#12864);
#12862 = CARTESIAN_POINT('',(-36.,0.,9.6));
#12863 = DIRECTION('',(0.,0.,1.));
#12864 = DIRECTION('',(1.,0.,-0.));
#12865 = PCURVE('',#9394,#12866);
#12866 = DEFINITIONAL_REPRESENTATION('',(#12867),#12871);
#12867 = LINE('',#12868,#12869);
#12868 = CARTESIAN_POINT('',(-0.,3.14159265359));
#12869 = VECTOR('',#12870,1.);
#12870 = DIRECTION('',(-1.,0.));
#12871 = ( GEOMETRIC_REPRESENTATION_CONTEXT(2) 
PARAMETRIC_REPRESENTATION_CONTEXT() REPRESENTATION_CONTEXT('2D SPACE',''
  ) );
#12872 = PCURVE('',#12873,#12878);
#12873 = CYLINDRICAL_SURFACE('',#12874,8.);
#12874 = AXIS2_PLACEMENT_3D('',#12875,#12876,#12877);
#12875 = CARTESIAN_POINT('',(-36.,0.,9.6));
#12876 = DIRECTION('',(0.,0.,1.));
#12877 = DIRECTION('',(1.,0.,-0.));
#12878 = DEFINITIONAL_REPRESENTATION('',(#12879),#12883);
#12879 = LINE('',#12880,#12881);
#12880 = CARTESIAN_POINT('',(0.,0.));
#12881 = VECTOR('',#12882,1.);
#12882 = DIRECTION('',(1.,0.));
#12883 = ( GEOMETRIC_REPRESENTATION_CONTEXT(2) 
PARAMETRIC_REPRESENTATION_CONTEXT() REPRESENTATION_CONTEXT('2D SPACE',''
  ) );
#12884 = ORIENTED_EDGE('',*,*,#12834,.F.);
#12885 = ADVANCED_FACE('',(#12886),#9429,.F.);
#12886 = FACE_BOUND('',#12887,.T.);
#12887 = EDGE_LOOP('',(#12888,#12889,#12913,#12940));
#12888 = ORIENTED_EDGE('',*,*,#9408,.T.);
#12889 = ORIENTED_EDGE('',*,*,#12890,.T.);
#12890 = EDGE_CURVE('',#9409,#12891,#12893,.T.);
#12891 = VERTEX_POINT('',#12892);
#12892 = CARTESIAN_POINT('',(-52.,0.,9.6));
#12893 = SEAM_CURVE('',#12894,(#12899,#12906),.PCURVE_S1.);
#12894 = CIRCLE('',#12895,2.);
#12895 = AXIS2_PLACEMENT_3D('',#12896,#12897,#12898);
#12896 = CARTESIAN_POINT('',(-50.,0.,9.6));
#12897 = DIRECTION('',(0.,1.,0.));
#12898 = DIRECTION('',(8.881784197001E-16,0.,-1.));
#12899 = PCURVE('',#9429,#12900);
#12900 = DEFINITIONAL_REPRESENTATION('',(#12901),#12905);
#12901 = LINE('',#12902,#12903);
#12902 = CARTESIAN_POINT('',(-0.,1.570796326795));
#12903 = VECTOR('',#12904,1.);
#12904 = DIRECTION('',(-0.,1.));
#12905 = ( GEOMETRIC_REPRESENTATION_CONTEXT(2) 
PARAMETRIC_REPRESENTATION_CONTEXT() REPRESENTATION_CONTEXT('2D SPACE',''
  ) );
#12906 = PCURVE('',#9429,#12907);
#12907 = DEFINITIONAL_REPRESENTATION('',(#12908),#12912);
#12908 = LINE('',#12909,#12910);
#12909 = CARTESIAN_POINT('',(-6.28318530718,1.570796326795));
#12910 = VECTOR('',#12911,1.);
#12911 = DIRECTION('',(-0.,1.));
#12912 = ( GEOMETRIC_REPRESENTATION_CONTEXT(2) 
PARAMETRIC_REPRESENTATION_CONTEXT() REPRESENTATION_CONTEXT('2D SPACE',''
  ) );
#12913 = ORIENTED_EDGE('',*,*,#12914,.F.);
#12914 = EDGE_CURVE('',#12891,#12891,#12915,.T.);
#12915 = SURFACE_CURVE('',#12916,(#12921,#12928),.PCURVE_S1.);
#12916 = CIRCLE('',#12917,8.);
#12917 = AXIS2_PLACEMENT_3D('',#12918,#12919,#12920);
#12918 = CARTESIAN_POINT('',(-60.,0.,9.6));
#12919 = DIRECTION('',(0.,0.,1.));
#12920 = DIRECTION('',(1.,0.,-0.));
#12921 = PCURVE('',#9429,#12922);
#12922 = DEFINITIONAL_REPRESENTATION('',(#12923),#12927);
#12923 = LINE('',#12924,#12925);
#12924 = CARTESIAN_POINT('',(-0.,3.14159265359));
#12925 = VECTOR('',#12926,1.);
#12926 = DIRECTION('',(-1.,0.));
#12927 = ( GEOMETRIC_REPRESENTATION_CONTEXT(2) 
PARAMETRIC_REPRESENTATION_CONTEXT() REPRESENTATION_CONTEXT('2D SPACE',''
  ) );
#12928 = PCURVE('',#12929,#12934);
#12929 = CYLINDRICAL_SURFACE('',#12930,8.);
#12930 = AXIS2_PLACEMENT_3D('',#12931,#12932,#12933);
#12931 = CARTESIAN_POINT('',(-60.,0.,9.6));
#12932 = DIRECTION('',(0.,0.,1.));
#12933 = DIRECTION('',(1.,0.,-0.));
#12934 = DEFINITIONAL_REPRESENTATION('',(#12935),#12939);
#12935 = LINE('',#12936,#12937);
#12936 = CARTESIAN_POINT('',(0.,0.));
#12937 = VECTOR('',#12938,1.);
#12938 = DIRECTION('',(1.,0.));
#12939 = ( GEOMETRIC_REPRESENTATION_CONTEXT(2) 
PARAMETRIC_REPRESENTATION_CONTEXT() REPRESENTATION_CONTEXT('2D SPACE',''
  ) );
#12940 = ORIENTED_EDGE('',*,*,#12890,.F.);
#12941 = ADVANCED_FACE('',(#12942),#9985,.F.);
#12942 = FACE_BOUND('',#12943,.F.);
#12943 = EDGE_LOOP('',(#12944,#12945,#12946,#12947,#12948,#12969));
#12944 = ORIENTED_EDGE('',*,*,#9968,.T.);
#12945 = ORIENTED_EDGE('',*,*,#10045,.F.);
#12946 = ORIENTED_EDGE('',*,*,#10116,.T.);
#12947 = ORIENTED_EDGE('',*,*,#11725,.F.);
#12948 = ORIENTED_EDGE('',*,*,#12949,.T.);
#12949 = EDGE_CURVE('',#11691,#11575,#12950,.T.);
#12950 = SURFACE_CURVE('',#12951,(#12955,#12962),.PCURVE_S1.);
#12951 = LINE('',#12952,#12953);
#12952 = CARTESIAN_POINT('',(46.978572132359,-10.98947196478,
    12.411482159407));
#12953 = VECTOR('',#12954,1.);
#12954 = DIRECTION('',(1.,-0.,0.));
#12955 = PCURVE('',#9985,#12956);
#12956 = DEFINITIONAL_REPRESENTATION('',(#12957),#12961);
#12957 = LINE('',#12958,#12959);
#12958 = CARTESIAN_POINT('',(1.765485311871,-1.978572132359));
#12959 = VECTOR('',#12960,1.);
#12960 = DIRECTION('',(0.,-1.));
#12961 = ( GEOMETRIC_REPRESENTATION_CONTEXT(2) 
PARAMETRIC_REPRESENTATION_CONTEXT() REPRESENTATION_CONTEXT('2D SPACE',''
  ) );
#12962 = PCURVE('',#11595,#12963);
#12963 = DEFINITIONAL_REPRESENTATION('',(#12964),#12968);
#12964 = LINE('',#12965,#12966);
#12965 = CARTESIAN_POINT('',(0.969160524232,0.));
#12966 = VECTOR('',#12967,1.);
#12967 = DIRECTION('',(0.,1.));
#12968 = ( GEOMETRIC_REPRESENTATION_CONTEXT(2) 
PARAMETRIC_REPRESENTATION_CONTEXT() REPRESENTATION_CONTEXT('2D SPACE',''
  ) );
#12969 = ORIENTED_EDGE('',*,*,#11611,.T.);
#12970 = ADVANCED_FACE('',(#12971),#10251,.F.);
#12971 = FACE_BOUND('',#12972,.F.);
#12972 = EDGE_LOOP('',(#12973,#12974,#12975,#12976,#12977,#12998));
#12973 = ORIENTED_EDGE('',*,*,#10234,.T.);
#12974 = ORIENTED_EDGE('',*,*,#10336,.F.);
#12975 = ORIENTED_EDGE('',*,*,#10407,.T.);
#12976 = ORIENTED_EDGE('',*,*,#11938,.F.);
#12977 = ORIENTED_EDGE('',*,*,#12978,.T.);
#12978 = EDGE_CURVE('',#11904,#11788,#12979,.T.);
#12979 = SURFACE_CURVE('',#12980,(#12984,#12991),.PCURVE_S1.);
#12980 = LINE('',#12981,#12982);
#12981 = CARTESIAN_POINT('',(22.978572132359,-10.98947196478,
    12.411482159407));
#12982 = VECTOR('',#12983,1.);
#12983 = DIRECTION('',(1.,-0.,0.));
#12984 = PCURVE('',#10251,#12985);
#12985 = DEFINITIONAL_REPRESENTATION('',(#12986),#12990);
#12986 = LINE('',#12987,#12988);
#12987 = CARTESIAN_POINT('',(1.765485311871,-1.978572132359));
#12988 = VECTOR('',#12989,1.);
#12989 = DIRECTION('',(0.,-1.));
#12990 = ( GEOMETRIC_REPRESENTATION_CONTEXT(2) 
PARAMETRIC_REPRESENTATION_CONTEXT() REPRESENTATION_CONTEXT('2D SPACE',''
  ) );
#12991 = PCURVE('',#11808,#12992);
#12992 = DEFINITIONAL_REPRESENTATION('',(#12993),#12997);
#12993 = LINE('',#12994,#12995);
#12994 = CARTESIAN_POINT('',(0.969160524232,0.));
#12995 = VECTOR('',#12996,1.);
#12996 = DIRECTION('',(0.,1.));
#12997 = ( GEOMETRIC_REPRESENTATION_CONTEXT(2) 
PARAMETRIC_REPRESENTATION_CONTEXT() REPRESENTATION_CONTEXT('2D SPACE',''
  ) );
#12998 = ORIENTED_EDGE('',*,*,#11824,.T.);
#12999 = ADVANCED_FACE('',(#13000),#10542,.F.);
#13000 = FACE_BOUND('',#13001,.F.);
#13001 = EDGE_LOOP('',(#13002,#13003,#13004,#13005,#13006,#13027));
#13002 = ORIENTED_EDGE('',*,*,#10525,.T.);
#13003 = ORIENTED_EDGE('',*,*,#10627,.F.);
#13004 = ORIENTED_EDGE('',*,*,#10698,.T.);
#13005 = ORIENTED_EDGE('',*,*,#12151,.F.);
#13006 = ORIENTED_EDGE('',*,*,#13007,.T.);
#13007 = EDGE_CURVE('',#12117,#12001,#13008,.T.);
#13008 = SURFACE_CURVE('',#13009,(#13013,#13020),.PCURVE_S1.);
#13009 = LINE('',#13010,#13011);
#13010 = CARTESIAN_POINT('',(-1.021427867641,-10.98947196478,
    12.411482159407));
#13011 = VECTOR('',#13012,1.);
#13012 = DIRECTION('',(1.,-0.,0.));
#13013 = PCURVE('',#10542,#13014);
#13014 = DEFINITIONAL_REPRESENTATION('',(#13015),#13019);
#13015 = LINE('',#13016,#13017);
#13016 = CARTESIAN_POINT('',(1.765485311871,-1.978572132359));
#13017 = VECTOR('',#13018,1.);
#13018 = DIRECTION('',(0.,-1.));
#13019 = ( GEOMETRIC_REPRESENTATION_CONTEXT(2) 
PARAMETRIC_REPRESENTATION_CONTEXT() REPRESENTATION_CONTEXT('2D SPACE',''
  ) );
#13020 = PCURVE('',#12021,#13021);
#13021 = DEFINITIONAL_REPRESENTATION('',(#13022),#13026);
#13022 = LINE('',#13023,#13024);
#13023 = CARTESIAN_POINT('',(0.969160524232,0.));
#13024 = VECTOR('',#13025,1.);
#13025 = DIRECTION('',(0.,1.));
#13026 = ( GEOMETRIC_REPRESENTATION_CONTEXT(2) 
PARAMETRIC_REPRESENTATION_CONTEXT() REPRESENTATION_CONTEXT('2D SPACE',''
  ) );
#13027 = ORIENTED_EDGE('',*,*,#12037,.T.);
#13028 = ADVANCED_FACE('',(#13029),#10833,.F.);
#13029 = FACE_BOUND('',#13030,.F.);
#13030 = EDGE_LOOP('',(#13031,#13032,#13033,#13034,#13035,#13056));
#13031 = ORIENTED_EDGE('',*,*,#10816,.T.);
#13032 = ORIENTED_EDGE('',*,*,#10918,.F.);
#13033 = ORIENTED_EDGE('',*,*,#10989,.T.);
#13034 = ORIENTED_EDGE('',*,*,#12364,.F.);
#13035 = ORIENTED_EDGE('',*,*,#13036,.T.);
#13036 = EDGE_CURVE('',#12330,#12214,#13037,.T.);
#13037 = SURFACE_CURVE('',#13038,(#13042,#13049),.PCURVE_S1.);
#13038 = LINE('',#13039,#13040);
#13039 = CARTESIAN_POINT('',(-25.02142786764,-10.98947196478,
    12.411482159407));
#13040 = VECTOR('',#13041,1.);
#13041 = DIRECTION('',(1.,-0.,0.));
#13042 = PCURVE('',#10833,#13043);
#13043 = DEFINITIONAL_REPRESENTATION('',(#13044),#13048);
#13044 = LINE('',#13045,#13046);
#13045 = CARTESIAN_POINT('',(1.765485311871,-1.978572132359));
#13046 = VECTOR('',#13047,1.);
#13047 = DIRECTION('',(0.,-1.));
#13048 = ( GEOMETRIC_REPRESENTATION_CONTEXT(2) 
PARAMETRIC_REPRESENTATION_CONTEXT() REPRESENTATION_CONTEXT('2D SPACE',''
  ) );
#13049 = PCURVE('',#12234,#13050);
#13050 = DEFINITIONAL_REPRESENTATION('',(#13051),#13055);
#13051 = LINE('',#13052,#13053);
#13052 = CARTESIAN_POINT('',(0.969160524232,0.));
#13053 = VECTOR('',#13054,1.);
#13054 = DIRECTION('',(0.,1.));
#13055 = ( GEOMETRIC_REPRESENTATION_CONTEXT(2) 
PARAMETRIC_REPRESENTATION_CONTEXT() REPRESENTATION_CONTEXT('2D SPACE',''
  ) );
#13056 = ORIENTED_EDGE('',*,*,#12250,.T.);
#13057 = ADVANCED_FACE('',(#13058),#11124,.F.);
#13058 = FACE_BOUND('',#13059,.F.);
#13059 = EDGE_LOOP('',(#13060,#13061,#13062,#13063,#13064,#13085));
#13060 = ORIENTED_EDGE('',*,*,#11107,.T.);
#13061 = ORIENTED_EDGE('',*,*,#11209,.F.);
#13062 = ORIENTED_EDGE('',*,*,#11280,.T.);
#13063 = ORIENTED_EDGE('',*,*,#12577,.F.);
#13064 = ORIENTED_EDGE('',*,*,#13065,.T.);
#13065 = EDGE_CURVE('',#12543,#12427,#13066,.T.);
#13066 = SURFACE_CURVE('',#13067,(#13071,#13078),.PCURVE_S1.);
#13067 = LINE('',#13068,#13069);
#13068 = CARTESIAN_POINT('',(-49.02142786764,-10.98947196478,
    12.411482159407));
#13069 = VECTOR('',#13070,1.);
#13070 = DIRECTION('',(1.,-0.,0.));
#13071 = PCURVE('',#11124,#13072);
#13072 = DEFINITIONAL_REPRESENTATION('',(#13073),#13077);
#13073 = LINE('',#13074,#13075);
#13074 = CARTESIAN_POINT('',(1.765485311871,-1.978572132359));
#13075 = VECTOR('',#13076,1.);
#13076 = DIRECTION('',(0.,-1.));
#13077 = ( GEOMETRIC_REPRESENTATION_CONTEXT(2) 
PARAMETRIC_REPRESENTATION_CONTEXT() REPRESENTATION_CONTEXT('2D SPACE',''
  ) );
#13078 = PCURVE('',#12447,#13079);
#13079 = DEFINITIONAL_REPRESENTATION('',(#13080),#13084);
#13080 = LINE('',#13081,#13082);
#13081 = CARTESIAN_POINT('',(0.969160524232,0.));
#13082 = VECTOR('',#13083,1.);
#13083 = DIRECTION('',(0.,1.));
#13084 = ( GEOMETRIC_REPRESENTATION_CONTEXT(2) 
PARAMETRIC_REPRESENTATION_CONTEXT() REPRESENTATION_CONTEXT('2D SPACE',''
  ) );
#13085 = ORIENTED_EDGE('',*,*,#12463,.T.);
#13086 = ADVANCED_FACE('',(#13087),#11334,.T.);
#13087 = FACE_BOUND('',#13088,.T.);
#13088 = EDGE_LOOP('',(#13089,#13112,#13113,#13136));
#13089 = ORIENTED_EDGE('',*,*,#13090,.T.);
#13090 = EDGE_CURVE('',#13091,#11317,#13093,.T.);
#13091 = VERTEX_POINT('',#13092);
#13092 = CARTESIAN_POINT('',(4.69287109375,-18.,9.5333984375));
#13093 = SURFACE_CURVE('',#13094,(#13098,#13105),.PCURVE_S1.);
#13094 = LINE('',#13095,#13096);
#13095 = CARTESIAN_POINT('',(4.69287109375,-18.,9.5333984375));
#13096 = VECTOR('',#13097,1.);
#13097 = DIRECTION('',(0.,-1.,0.));
#13098 = PCURVE('',#11334,#13099);
#13099 = DEFINITIONAL_REPRESENTATION('',(#13100),#13104);
#13100 = LINE('',#13101,#13102);
#13101 = CARTESIAN_POINT('',(0.,0.));
#13102 = VECTOR('',#13103,1.);
#13103 = DIRECTION('',(0.,-1.));
#13104 = ( GEOMETRIC_REPRESENTATION_CONTEXT(2) 
PARAMETRIC_REPRESENTATION_CONTEXT() REPRESENTATION_CONTEXT('2D SPACE',''
  ) );
#13105 = PCURVE('',#11388,#13106);
#13106 = DEFINITIONAL_REPRESENTATION('',(#13107),#13111);
#13107 = LINE('',#13108,#13109);
#13108 = CARTESIAN_POINT('',(2.146669416288,0.));
#13109 = VECTOR('',#13110,1.);
#13110 = DIRECTION('',(0.,-1.));
#13111 = ( GEOMETRIC_REPRESENTATION_CONTEXT(2) 
PARAMETRIC_REPRESENTATION_CONTEXT() REPRESENTATION_CONTEXT('2D SPACE',''
  ) );
#13112 = ORIENTED_EDGE('',*,*,#11316,.T.);
#13113 = ORIENTED_EDGE('',*,*,#13114,.F.);
#13114 = EDGE_CURVE('',#13115,#11319,#13117,.T.);
#13115 = VERTEX_POINT('',#13116);
#13116 = CARTESIAN_POINT('',(3.9921875,-18.,7.503125));
#13117 = SURFACE_CURVE('',#13118,(#13122,#13129),.PCURVE_S1.);
#13118 = LINE('',#13119,#13120);
#13119 = CARTESIAN_POINT('',(3.9921875,-18.,7.503125));
#13120 = VECTOR('',#13121,1.);
#13121 = DIRECTION('',(0.,-1.,0.));
#13122 = PCURVE('',#11334,#13123);
#13123 = DEFINITIONAL_REPRESENTATION('',(#13124),#13128);
#13124 = LINE('',#13125,#13126);
#13125 = CARTESIAN_POINT('',(2.147782048898,0.));
#13126 = VECTOR('',#13127,1.);
#13127 = DIRECTION('',(0.,-1.));
#13128 = ( GEOMETRIC_REPRESENTATION_CONTEXT(2) 
PARAMETRIC_REPRESENTATION_CONTEXT() REPRESENTATION_CONTEXT('2D SPACE',''
  ) );
#13129 = PCURVE('',#11362,#13130);
#13130 = DEFINITIONAL_REPRESENTATION('',(#13131),#13135);
#13131 = LINE('',#13132,#13133);
#13132 = CARTESIAN_POINT('',(0.,0.));
#13133 = VECTOR('',#13134,1.);
#13134 = DIRECTION('',(0.,-1.));
#13135 = ( GEOMETRIC_REPRESENTATION_CONTEXT(2) 
PARAMETRIC_REPRESENTATION_CONTEXT() REPRESENTATION_CONTEXT('2D SPACE',''
  ) );
#13136 = ORIENTED_EDGE('',*,*,#13137,.F.);
#13137 = EDGE_CURVE('',#13091,#13115,#13138,.T.);
#13138 = SURFACE_CURVE('',#13139,(#13143,#13150),.PCURVE_S1.);
#13139 = LINE('',#13140,#13141);
#13140 = CARTESIAN_POINT('',(4.69287109375,-18.,9.5333984375));
#13141 = VECTOR('',#13142,1.);
#13142 = DIRECTION('',(-0.326235892562,-0.,-0.94528839113));
#13143 = PCURVE('',#11334,#13144);
#13144 = DEFINITIONAL_REPRESENTATION('',(#13145),#13149);
#13145 = LINE('',#13146,#13147);
#13146 = CARTESIAN_POINT('',(0.,0.));
#13147 = VECTOR('',#13148,1.);
#13148 = DIRECTION('',(1.,0.));
#13149 = ( GEOMETRIC_REPRESENTATION_CONTEXT(2) 
PARAMETRIC_REPRESENTATION_CONTEXT() REPRESENTATION_CONTEXT('2D SPACE',''
  ) );
#13150 = PCURVE('',#13151,#13156);
#13151 = PLANE('',#13152);
#13152 = AXIS2_PLACEMENT_3D('',#13153,#13154,#13155);
#13153 = CARTESIAN_POINT('',(-75.,-18.,15.1));
#13154 = DIRECTION('',(-0.,1.,0.));
#13155 = DIRECTION('',(0.,0.,-1.));
#13156 = DEFINITIONAL_REPRESENTATION('',(#13157),#13161);
#13157 = LINE('',#13158,#13159);
#13158 = CARTESIAN_POINT('',(5.5666015625,-79.69287109375));
#13159 = VECTOR('',#13160,1.);
#13160 = DIRECTION('',(0.94528839113,0.326235892562));
#13161 = ( GEOMETRIC_REPRESENTATION_CONTEXT(2) 
PARAMETRIC_REPRESENTATION_CONTEXT() REPRESENTATION_CONTEXT('2D SPACE',''
  ) );
#13162 = ADVANCED_FACE('',(#13163),#11362,.T.);
#13163 = FACE_BOUND('',#13164,.T.);
#13164 = EDGE_LOOP('',(#13165,#13166,#13167,#13190));
#13165 = ORIENTED_EDGE('',*,*,#13114,.T.);
#13166 = ORIENTED_EDGE('',*,*,#11346,.T.);
#13167 = ORIENTED_EDGE('',*,*,#13168,.F.);
#13168 = EDGE_CURVE('',#13169,#11347,#13171,.T.);
#13169 = VERTEX_POINT('',#13170);
#13170 = CARTESIAN_POINT('',(5.39013671875,-18.,7.503125));
#13171 = SURFACE_CURVE('',#13172,(#13176,#13183),.PCURVE_S1.);
#13172 = LINE('',#13173,#13174);
#13173 = CARTESIAN_POINT('',(5.39013671875,-18.,7.503125));
#13174 = VECTOR('',#13175,1.);
#13175 = DIRECTION('',(0.,-1.,0.));
#13176 = PCURVE('',#11362,#13177);
#13177 = DEFINITIONAL_REPRESENTATION('',(#13178),#13182);
#13178 = LINE('',#13179,#13180);
#13179 = CARTESIAN_POINT('',(1.39794921875,0.));
#13180 = VECTOR('',#13181,1.);
#13181 = DIRECTION('',(0.,-1.));
#13182 = ( GEOMETRIC_REPRESENTATION_CONTEXT(2) 
PARAMETRIC_REPRESENTATION_CONTEXT() REPRESENTATION_CONTEXT('2D SPACE',''
  ) );
#13183 = PCURVE('',#11388,#13184);
#13184 = DEFINITIONAL_REPRESENTATION('',(#13185),#13189);
#13185 = LINE('',#13186,#13187);
#13186 = CARTESIAN_POINT('',(0.,0.));
#13187 = VECTOR('',#13188,1.);
#13188 = DIRECTION('',(0.,-1.));
#13189 = ( GEOMETRIC_REPRESENTATION_CONTEXT(2) 
PARAMETRIC_REPRESENTATION_CONTEXT() REPRESENTATION_CONTEXT('2D SPACE',''
  ) );
#13190 = ORIENTED_EDGE('',*,*,#13191,.F.);
#13191 = EDGE_CURVE('',#13115,#13169,#13192,.T.);
#13192 = SURFACE_CURVE('',#13193,(#13197,#13204),.PCURVE_S1.);
#13193 = LINE('',#13194,#13195);
#13194 = CARTESIAN_POINT('',(3.9921875,-18.,7.503125));
#13195 = VECTOR('',#13196,1.);
#13196 = DIRECTION('',(1.,0.,0.));
#13197 = PCURVE('',#11362,#13198);
#13198 = DEFINITIONAL_REPRESENTATION('',(#13199),#13203);
#13199 = LINE('',#13200,#13201);
#13200 = CARTESIAN_POINT('',(0.,0.));
#13201 = VECTOR('',#13202,1.);
#13202 = DIRECTION('',(1.,0.));
#13203 = ( GEOMETRIC_REPRESENTATION_CONTEXT(2) 
PARAMETRIC_REPRESENTATION_CONTEXT() REPRESENTATION_CONTEXT('2D SPACE',''
  ) );
#13204 = PCURVE('',#13151,#13205);
#13205 = DEFINITIONAL_REPRESENTATION('',(#13206),#13210);
#13206 = LINE('',#13207,#13208);
#13207 = CARTESIAN_POINT('',(7.596875,-78.9921875));
#13208 = VECTOR('',#13209,1.);
#13209 = DIRECTION('',(0.,-1.));
#13210 = ( GEOMETRIC_REPRESENTATION_CONTEXT(2) 
PARAMETRIC_REPRESENTATION_CONTEXT() REPRESENTATION_CONTEXT('2D SPACE',''
  ) );
#13211 = ADVANCED_FACE('',(#13212),#11388,.T.);
#13212 = FACE_BOUND('',#13213,.T.);
#13213 = EDGE_LOOP('',(#13214,#13215,#13216,#13217));
#13214 = ORIENTED_EDGE('',*,*,#13168,.T.);
#13215 = ORIENTED_EDGE('',*,*,#11374,.T.);
#13216 = ORIENTED_EDGE('',*,*,#13090,.F.);
#13217 = ORIENTED_EDGE('',*,*,#13218,.F.);
#13218 = EDGE_CURVE('',#13169,#13091,#13219,.T.);
#13219 = SURFACE_CURVE('',#13220,(#13224,#13231),.PCURVE_S1.);
#13220 = LINE('',#13221,#13222);
#13221 = CARTESIAN_POINT('',(5.39013671875,-18.,7.503125));
#13222 = VECTOR('',#13223,1.);
#13223 = DIRECTION('',(-0.324812763302,0.,0.945778340203));
#13224 = PCURVE('',#11388,#13225);
#13225 = DEFINITIONAL_REPRESENTATION('',(#13226),#13230);
#13226 = LINE('',#13227,#13228);
#13227 = CARTESIAN_POINT('',(0.,0.));
#13228 = VECTOR('',#13229,1.);
#13229 = DIRECTION('',(1.,0.));
#13230 = ( GEOMETRIC_REPRESENTATION_CONTEXT(2) 
PARAMETRIC_REPRESENTATION_CONTEXT() REPRESENTATION_CONTEXT('2D SPACE',''
  ) );
#13231 = PCURVE('',#13151,#13232);
#13232 = DEFINITIONAL_REPRESENTATION('',(#13233),#13237);
#13233 = LINE('',#13234,#13235);
#13234 = CARTESIAN_POINT('',(7.596875,-80.39013671875));
#13235 = VECTOR('',#13236,1.);
#13236 = DIRECTION('',(-0.945778340203,0.324812763302));
#13237 = ( GEOMETRIC_REPRESENTATION_CONTEXT(2) 
PARAMETRIC_REPRESENTATION_CONTEXT() REPRESENTATION_CONTEXT('2D SPACE',''
  ) );
#13238 = ADVANCED_FACE('',(#13239),#11482,.T.);
#13239 = FACE_BOUND('',#13240,.T.);
#13240 = EDGE_LOOP('',(#13241,#13264,#13265,#13288));
#13241 = ORIENTED_EDGE('',*,*,#13242,.T.);
#13242 = EDGE_CURVE('',#13243,#11465,#13245,.T.);
#13243 = VERTEX_POINT('',#13244);
#13244 = CARTESIAN_POINT('',(-9.41650390625,-18.,9.5333984375));
#13245 = SURFACE_CURVE('',#13246,(#13250,#13257),.PCURVE_S1.);
#13246 = LINE('',#13247,#13248);
#13247 = CARTESIAN_POINT('',(-9.41650390625,-18.,9.5333984375));
#13248 = VECTOR('',#13249,1.);
#13249 = DIRECTION('',(0.,-1.,0.));
#13250 = PCURVE('',#11482,#13251);
#13251 = DEFINITIONAL_REPRESENTATION('',(#13252),#13256);
#13252 = LINE('',#13253,#13254);
#13253 = CARTESIAN_POINT('',(0.,0.));
#13254 = VECTOR('',#13255,1.);
#13255 = DIRECTION('',(0.,-1.));
#13256 = ( GEOMETRIC_REPRESENTATION_CONTEXT(2) 
PARAMETRIC_REPRESENTATION_CONTEXT() REPRESENTATION_CONTEXT('2D SPACE',''
  ) );
#13257 = PCURVE('',#11536,#13258);
#13258 = DEFINITIONAL_REPRESENTATION('',(#13259),#13263);
#13259 = LINE('',#13260,#13261);
#13260 = CARTESIAN_POINT('',(2.146669416288,0.));
#13261 = VECTOR('',#13262,1.);
#13262 = DIRECTION('',(0.,-1.));
#13263 = ( GEOMETRIC_REPRESENTATION_CONTEXT(2) 
PARAMETRIC_REPRESENTATION_CONTEXT() REPRESENTATION_CONTEXT('2D SPACE',''
  ) );
#13264 = ORIENTED_EDGE('',*,*,#11464,.T.);
#13265 = ORIENTED_EDGE('',*,*,#13266,.F.);
#13266 = EDGE_CURVE('',#13267,#11467,#13269,.T.);
#13267 = VERTEX_POINT('',#13268);
#13268 = CARTESIAN_POINT('',(-10.1171875,-18.,7.503125));
#13269 = SURFACE_CURVE('',#13270,(#13274,#13281),.PCURVE_S1.);
#13270 = LINE('',#13271,#13272);
#13271 = CARTESIAN_POINT('',(-10.1171875,-18.,7.503125));
#13272 = VECTOR('',#13273,1.);
#13273 = DIRECTION('',(0.,-1.,0.));
#13274 = PCURVE('',#11482,#13275);
#13275 = DEFINITIONAL_REPRESENTATION('',(#13276),#13280);
#13276 = LINE('',#13277,#13278);
#13277 = CARTESIAN_POINT('',(2.147782048898,0.));
#13278 = VECTOR('',#13279,1.);
#13279 = DIRECTION('',(0.,-1.));
#13280 = ( GEOMETRIC_REPRESENTATION_CONTEXT(2) 
PARAMETRIC_REPRESENTATION_CONTEXT() REPRESENTATION_CONTEXT('2D SPACE',''
  ) );
#13281 = PCURVE('',#11510,#13282);
#13282 = DEFINITIONAL_REPRESENTATION('',(#13283),#13287);
#13283 = LINE('',#13284,#13285);
#13284 = CARTESIAN_POINT('',(0.,0.));
#13285 = VECTOR('',#13286,1.);
#13286 = DIRECTION('',(0.,-1.));
#13287 = ( GEOMETRIC_REPRESENTATION_CONTEXT(2) 
PARAMETRIC_REPRESENTATION_CONTEXT() REPRESENTATION_CONTEXT('2D SPACE',''
  ) );
#13288 = ORIENTED_EDGE('',*,*,#13289,.F.);
#13289 = EDGE_CURVE('',#13243,#13267,#13290,.T.);
#13290 = SURFACE_CURVE('',#13291,(#13295,#13302),.PCURVE_S1.);
#13291 = LINE('',#13292,#13293);
#13292 = CARTESIAN_POINT('',(-9.41650390625,-18.,9.5333984375));
#13293 = VECTOR('',#13294,1.);
#13294 = DIRECTION('',(-0.326235892562,-0.,-0.94528839113));
#13295 = PCURVE('',#11482,#13296);
#13296 = DEFINITIONAL_REPRESENTATION('',(#13297),#13301);
#13297 = LINE('',#13298,#13299);
#13298 = CARTESIAN_POINT('',(0.,0.));
#13299 = VECTOR('',#13300,1.);
#13300 = DIRECTION('',(1.,0.));
#13301 = ( GEOMETRIC_REPRESENTATION_CONTEXT(2) 
PARAMETRIC_REPRESENTATION_CONTEXT() REPRESENTATION_CONTEXT('2D SPACE',''
  ) );
#13302 = PCURVE('',#13303,#13308);
#13303 = PLANE('',#13304);
#13304 = AXIS2_PLACEMENT_3D('',#13305,#13306,#13307);
#13305 = CARTESIAN_POINT('',(-75.,-18.,15.1));
#13306 = DIRECTION('',(-0.,1.,0.));
#13307 = DIRECTION('',(0.,0.,-1.));
#13308 = DEFINITIONAL_REPRESENTATION('',(#13309),#13313);
#13309 = LINE('',#13310,#13311);
#13310 = CARTESIAN_POINT('',(5.5666015625,-65.58349609375));
#13311 = VECTOR('',#13312,1.);
#13312 = DIRECTION('',(0.94528839113,0.326235892562));
#13313 = ( GEOMETRIC_REPRESENTATION_CONTEXT(2) 
PARAMETRIC_REPRESENTATION_CONTEXT() REPRESENTATION_CONTEXT('2D SPACE',''
  ) );
#13314 = ADVANCED_FACE('',(#13315),#11510,.T.);
#13315 = FACE_BOUND('',#13316,.T.);
#13316 = EDGE_LOOP('',(#13317,#13318,#13319,#13342));
#13317 = ORIENTED_EDGE('',*,*,#13266,.T.);
#13318 = ORIENTED_EDGE('',*,*,#11494,.T.);
#13319 = ORIENTED_EDGE('',*,*,#13320,.F.);
#13320 = EDGE_CURVE('',#13321,#11495,#13323,.T.);
#13321 = VERTEX_POINT('',#13322);
#13322 = CARTESIAN_POINT('',(-8.71923828125,-18.,7.503125));
#13323 = SURFACE_CURVE('',#13324,(#13328,#13335),.PCURVE_S1.);
#13324 = LINE('',#13325,#13326);
#13325 = CARTESIAN_POINT('',(-8.71923828125,-18.,7.503125));
#13326 = VECTOR('',#13327,1.);
#13327 = DIRECTION('',(0.,-1.,0.));
#13328 = PCURVE('',#11510,#13329);
#13329 = DEFINITIONAL_REPRESENTATION('',(#13330),#13334);
#13330 = LINE('',#13331,#13332);
#13331 = CARTESIAN_POINT('',(1.39794921875,0.));
#13332 = VECTOR('',#13333,1.);
#13333 = DIRECTION('',(0.,-1.));
#13334 = ( GEOMETRIC_REPRESENTATION_CONTEXT(2) 
PARAMETRIC_REPRESENTATION_CONTEXT() REPRESENTATION_CONTEXT('2D SPACE',''
  ) );
#13335 = PCURVE('',#11536,#13336);
#13336 = DEFINITIONAL_REPRESENTATION('',(#13337),#13341);
#13337 = LINE('',#13338,#13339);
#13338 = CARTESIAN_POINT('',(0.,0.));
#13339 = VECTOR('',#13340,1.);
#13340 = DIRECTION('',(0.,-1.));
#13341 = ( GEOMETRIC_REPRESENTATION_CONTEXT(2) 
PARAMETRIC_REPRESENTATION_CONTEXT() REPRESENTATION_CONTEXT('2D SPACE',''
  ) );
#13342 = ORIENTED_EDGE('',*,*,#13343,.F.);
#13343 = EDGE_CURVE('',#13267,#13321,#13344,.T.);
#13344 = SURFACE_CURVE('',#13345,(#13349,#13356),.PCURVE_S1.);
#13345 = LINE('',#13346,#13347);
#13346 = CARTESIAN_POINT('',(-10.1171875,-18.,7.503125));
#13347 = VECTOR('',#13348,1.);
#13348 = DIRECTION('',(1.,0.,0.));
#13349 = PCURVE('',#11510,#13350);
#13350 = DEFINITIONAL_REPRESENTATION('',(#13351),#13355);
#13351 = LINE('',#13352,#13353);
#13352 = CARTESIAN_POINT('',(0.,0.));
#13353 = VECTOR('',#13354,1.);
#13354 = DIRECTION('',(1.,0.));
#13355 = ( GEOMETRIC_REPRESENTATION_CONTEXT(2) 
PARAMETRIC_REPRESENTATION_CONTEXT() REPRESENTATION_CONTEXT('2D SPACE',''
  ) );
#13356 = PCURVE('',#13303,#13357);
#13357 = DEFINITIONAL_REPRESENTATION('',(#13358),#13362);
#13358 = LINE('',#13359,#13360);
#13359 = CARTESIAN_POINT('',(7.596875,-64.8828125));
#13360 = VECTOR('',#13361,1.);
#13361 = DIRECTION('',(0.,-1.));
#13362 = ( GEOMETRIC_REPRESENTATION_CONTEXT(2) 
PARAMETRIC_REPRESENTATION_CONTEXT() REPRESENTATION_CONTEXT('2D SPACE',''
  ) );
#13363 = ADVANCED_FACE('',(#13364),#11536,.T.);
#13364 = FACE_BOUND('',#13365,.T.);
#13365 = EDGE_LOOP('',(#13366,#13367,#13368,#13369));
#13366 = ORIENTED_EDGE('',*,*,#13320,.T.);
#13367 = ORIENTED_EDGE('',*,*,#11522,.T.);
#13368 = ORIENTED_EDGE('',*,*,#13242,.F.);
#13369 = ORIENTED_EDGE('',*,*,#13370,.F.);
#13370 = EDGE_CURVE('',#13321,#13243,#13371,.T.);
#13371 = SURFACE_CURVE('',#13372,(#13376,#13383),.PCURVE_S1.);
#13372 = LINE('',#13373,#13374);
#13373 = CARTESIAN_POINT('',(-8.71923828125,-18.,7.503125));
#13374 = VECTOR('',#13375,1.);
#13375 = DIRECTION('',(-0.324812763302,0.,0.945778340203));
#13376 = PCURVE('',#11536,#13377);
#13377 = DEFINITIONAL_REPRESENTATION('',(#13378),#13382);
#13378 = LINE('',#13379,#13380);
#13379 = CARTESIAN_POINT('',(0.,0.));
#13380 = VECTOR('',#13381,1.);
#13381 = DIRECTION('',(1.,0.));
#13382 = ( GEOMETRIC_REPRESENTATION_CONTEXT(2) 
PARAMETRIC_REPRESENTATION_CONTEXT() REPRESENTATION_CONTEXT('2D SPACE',''
  ) );
#13383 = PCURVE('',#13303,#13384);
#13384 = DEFINITIONAL_REPRESENTATION('',(#13385),#13389);
#13385 = LINE('',#13386,#13387);
#13386 = CARTESIAN_POINT('',(7.596875,-66.28076171875));
#13387 = VECTOR('',#13388,1.);
#13388 = DIRECTION('',(-0.945778340203,0.324812763302));
#13389 = ( GEOMETRIC_REPRESENTATION_CONTEXT(2) 
PARAMETRIC_REPRESENTATION_CONTEXT() REPRESENTATION_CONTEXT('2D SPACE',''
  ) );
#13390 = ADVANCED_FACE('',(#13391),#11595,.T.);
#13391 = FACE_BOUND('',#13392,.T.);
#13392 = EDGE_LOOP('',(#13393,#13394,#13395,#13396));
#13393 = ORIENTED_EDGE('',*,*,#11690,.T.);
#13394 = ORIENTED_EDGE('',*,*,#12949,.T.);
#13395 = ORIENTED_EDGE('',*,*,#11574,.F.);
#13396 = ORIENTED_EDGE('',*,*,#11643,.F.);
#13397 = ADVANCED_FACE('',(#13398),#11808,.T.);
#13398 = FACE_BOUND('',#13399,.T.);
#13399 = EDGE_LOOP('',(#13400,#13401,#13402,#13403));
#13400 = ORIENTED_EDGE('',*,*,#11903,.T.);
#13401 = ORIENTED_EDGE('',*,*,#12978,.T.);
#13402 = ORIENTED_EDGE('',*,*,#11787,.F.);
#13403 = ORIENTED_EDGE('',*,*,#11856,.F.);
#13404 = ADVANCED_FACE('',(#13405),#12021,.T.);
#13405 = FACE_BOUND('',#13406,.T.);
#13406 = EDGE_LOOP('',(#13407,#13408,#13409,#13410));
#13407 = ORIENTED_EDGE('',*,*,#12116,.T.);
#13408 = ORIENTED_EDGE('',*,*,#13007,.T.);
#13409 = ORIENTED_EDGE('',*,*,#12000,.F.);
#13410 = ORIENTED_EDGE('',*,*,#12069,.F.);
#13411 = ADVANCED_FACE('',(#13412),#12234,.T.);
#13412 = FACE_BOUND('',#13413,.T.);
#13413 = EDGE_LOOP('',(#13414,#13415,#13416,#13417));
#13414 = ORIENTED_EDGE('',*,*,#12329,.T.);
#13415 = ORIENTED_EDGE('',*,*,#13036,.T.);
#13416 = ORIENTED_EDGE('',*,*,#12213,.F.);
#13417 = ORIENTED_EDGE('',*,*,#12282,.F.);
#13418 = ADVANCED_FACE('',(#13419),#12447,.T.);
#13419 = FACE_BOUND('',#13420,.T.);
#13420 = EDGE_LOOP('',(#13421,#13422,#13423,#13424));
#13421 = ORIENTED_EDGE('',*,*,#12542,.T.);
#13422 = ORIENTED_EDGE('',*,*,#13065,.T.);
#13423 = ORIENTED_EDGE('',*,*,#12426,.F.);
#13424 = ORIENTED_EDGE('',*,*,#12495,.F.);
#13425 = ADVANCED_FACE('',(#13426),#12649,.T.);
#13426 = FACE_BOUND('',#13427,.T.);
#13427 = EDGE_LOOP('',(#13428,#13429,#13452,#13479));
#13428 = ORIENTED_EDGE('',*,*,#12634,.T.);
#13429 = ORIENTED_EDGE('',*,*,#13430,.T.);
#13430 = EDGE_CURVE('',#12611,#13431,#13433,.T.);
#13431 = VERTEX_POINT('',#13432);
#13432 = CARTESIAN_POINT('',(68.,0.,20.5));
#13433 = SEAM_CURVE('',#13434,(#13438,#13445),.PCURVE_S1.);
#13434 = LINE('',#13435,#13436);
#13435 = CARTESIAN_POINT('',(68.,0.,9.6));
#13436 = VECTOR('',#13437,1.);
#13437 = DIRECTION('',(0.,0.,1.));
#13438 = PCURVE('',#12649,#13439);
#13439 = DEFINITIONAL_REPRESENTATION('',(#13440),#13444);
#13440 = LINE('',#13441,#13442);
#13441 = CARTESIAN_POINT('',(0.,0.));
#13442 = VECTOR('',#13443,1.);
#13443 = DIRECTION('',(0.,1.));
#13444 = ( GEOMETRIC_REPRESENTATION_CONTEXT(2) 
PARAMETRIC_REPRESENTATION_CONTEXT() REPRESENTATION_CONTEXT('2D SPACE',''
  ) );
#13445 = PCURVE('',#12649,#13446);
#13446 = DEFINITIONAL_REPRESENTATION('',(#13447),#13451);
#13447 = LINE('',#13448,#13449);
#13448 = CARTESIAN_POINT('',(6.28318530718,0.));
#13449 = VECTOR('',#13450,1.);
#13450 = DIRECTION('',(0.,1.));
#13451 = ( GEOMETRIC_REPRESENTATION_CONTEXT(2) 
PARAMETRIC_REPRESENTATION_CONTEXT() REPRESENTATION_CONTEXT('2D SPACE',''
  ) );
#13452 = ORIENTED_EDGE('',*,*,#13453,.F.);
#13453 = EDGE_CURVE('',#13431,#13431,#13454,.T.);
#13454 = SURFACE_CURVE('',#13455,(#13460,#13467),.PCURVE_S1.);
#13455 = CIRCLE('',#13456,8.);
#13456 = AXIS2_PLACEMENT_3D('',#13457,#13458,#13459);
#13457 = CARTESIAN_POINT('',(60.,0.,20.5));
#13458 = DIRECTION('',(0.,0.,1.));
#13459 = DIRECTION('',(1.,0.,-0.));
#13460 = PCURVE('',#12649,#13461);
#13461 = DEFINITIONAL_REPRESENTATION('',(#13462),#13466);
#13462 = LINE('',#13463,#13464);
#13463 = CARTESIAN_POINT('',(0.,10.9));
#13464 = VECTOR('',#13465,1.);
#13465 = DIRECTION('',(1.,0.));
#13466 = ( GEOMETRIC_REPRESENTATION_CONTEXT(2) 
PARAMETRIC_REPRESENTATION_CONTEXT() REPRESENTATION_CONTEXT('2D SPACE',''
  ) );
#13467 = PCURVE('',#13468,#13473);
#13468 = CONICAL_SURFACE('',#13469,8.,0.785398163397);
#13469 = AXIS2_PLACEMENT_3D('',#13470,#13471,#13472);
#13470 = CARTESIAN_POINT('',(60.,0.,20.5));
#13471 = DIRECTION('',(0.,0.,1.));
#13472 = DIRECTION('',(1.,0.,-0.));
#13473 = DEFINITIONAL_REPRESENTATION('',(#13474),#13478);
#13474 = LINE('',#13475,#13476);
#13475 = CARTESIAN_POINT('',(0.,0.));
#13476 = VECTOR('',#13477,1.);
#13477 = DIRECTION('',(1.,0.));
#13478 = ( GEOMETRIC_REPRESENTATION_CONTEXT(2) 
PARAMETRIC_REPRESENTATION_CONTEXT() REPRESENTATION_CONTEXT('2D SPACE',''
  ) );
#13479 = ORIENTED_EDGE('',*,*,#13430,.F.);
#13480 = ADVANCED_FACE('',(#13481),#12705,.T.);
#13481 = FACE_BOUND('',#13482,.T.);
#13482 = EDGE_LOOP('',(#13483,#13484,#13507,#13534));
#13483 = ORIENTED_EDGE('',*,*,#12690,.T.);
#13484 = ORIENTED_EDGE('',*,*,#13485,.T.);
#13485 = EDGE_CURVE('',#12667,#13486,#13488,.T.);
#13486 = VERTEX_POINT('',#13487);
#13487 = CARTESIAN_POINT('',(44.,0.,20.5));
#13488 = SEAM_CURVE('',#13489,(#13493,#13500),.PCURVE_S1.);
#13489 = LINE('',#13490,#13491);
#13490 = CARTESIAN_POINT('',(44.,0.,9.6));
#13491 = VECTOR('',#13492,1.);
#13492 = DIRECTION('',(0.,0.,1.));
#13493 = PCURVE('',#12705,#13494);
#13494 = DEFINITIONAL_REPRESENTATION('',(#13495),#13499);
#13495 = LINE('',#13496,#13497);
#13496 = CARTESIAN_POINT('',(0.,0.));
#13497 = VECTOR('',#13498,1.);
#13498 = DIRECTION('',(0.,1.));
#13499 = ( GEOMETRIC_REPRESENTATION_CONTEXT(2) 
PARAMETRIC_REPRESENTATION_CONTEXT() REPRESENTATION_CONTEXT('2D SPACE',''
  ) );
#13500 = PCURVE('',#12705,#13501);
#13501 = DEFINITIONAL_REPRESENTATION('',(#13502),#13506);
#13502 = LINE('',#13503,#13504);
#13503 = CARTESIAN_POINT('',(6.28318530718,0.));
#13504 = VECTOR('',#13505,1.);
#13505 = DIRECTION('',(0.,1.));
#13506 = ( GEOMETRIC_REPRESENTATION_CONTEXT(2) 
PARAMETRIC_REPRESENTATION_CONTEXT() REPRESENTATION_CONTEXT('2D SPACE',''
  ) );
#13507 = ORIENTED_EDGE('',*,*,#13508,.F.);
#13508 = EDGE_CURVE('',#13486,#13486,#13509,.T.);
#13509 = SURFACE_CURVE('',#13510,(#13515,#13522),.PCURVE_S1.);
#13510 = CIRCLE('',#13511,8.);
#13511 = AXIS2_PLACEMENT_3D('',#13512,#13513,#13514);
#13512 = CARTESIAN_POINT('',(36.,0.,20.5));
#13513 = DIRECTION('',(0.,0.,1.));
#13514 = DIRECTION('',(1.,0.,-0.));
#13515 = PCURVE('',#12705,#13516);
#13516 = DEFINITIONAL_REPRESENTATION('',(#13517),#13521);
#13517 = LINE('',#13518,#13519);
#13518 = CARTESIAN_POINT('',(0.,10.9));
#13519 = VECTOR('',#13520,1.);
#13520 = DIRECTION('',(1.,0.));
#13521 = ( GEOMETRIC_REPRESENTATION_CONTEXT(2) 
PARAMETRIC_REPRESENTATION_CONTEXT() REPRESENTATION_CONTEXT('2D SPACE',''
  ) );
#13522 = PCURVE('',#13523,#13528);
#13523 = CONICAL_SURFACE('',#13524,8.,0.785398163397);
#13524 = AXIS2_PLACEMENT_3D('',#13525,#13526,#13527);
#13525 = CARTESIAN_POINT('',(36.,0.,20.5));
#13526 = DIRECTION('',(0.,0.,1.));
#13527 = DIRECTION('',(1.,0.,-0.));
#13528 = DEFINITIONAL_REPRESENTATION('',(#13529),#13533);
#13529 = LINE('',#13530,#13531);
#13530 = CARTESIAN_POINT('',(0.,0.));
#13531 = VECTOR('',#13532,1.);
#13532 = DIRECTION('',(1.,0.));
#13533 = ( GEOMETRIC_REPRESENTATION_CONTEXT(2) 
PARAMETRIC_REPRESENTATION_CONTEXT() REPRESENTATION_CONTEXT('2D SPACE',''
  ) );
#13534 = ORIENTED_EDGE('',*,*,#13485,.F.);
#13535 = ADVANCED_FACE('',(#13536),#12761,.T.);
#13536 = FACE_BOUND('',#13537,.T.);
#13537 = EDGE_LOOP('',(#13538,#13539,#13562,#13589));
#13538 = ORIENTED_EDGE('',*,*,#12746,.T.);
#13539 = ORIENTED_EDGE('',*,*,#13540,.T.);
#13540 = EDGE_CURVE('',#12723,#13541,#13543,.T.);
#13541 = VERTEX_POINT('',#13542);
#13542 = CARTESIAN_POINT('',(20.,0.,20.5));
#13543 = SEAM_CURVE('',#13544,(#13548,#13555),.PCURVE_S1.);
#13544 = LINE('',#13545,#13546);
#13545 = CARTESIAN_POINT('',(20.,0.,9.6));
#13546 = VECTOR('',#13547,1.);
#13547 = DIRECTION('',(0.,0.,1.));
#13548 = PCURVE('',#12761,#13549);
#13549 = DEFINITIONAL_REPRESENTATION('',(#13550),#13554);
#13550 = LINE('',#13551,#13552);
#13551 = CARTESIAN_POINT('',(0.,0.));
#13552 = VECTOR('',#13553,1.);
#13553 = DIRECTION('',(0.,1.));
#13554 = ( GEOMETRIC_REPRESENTATION_CONTEXT(2) 
PARAMETRIC_REPRESENTATION_CONTEXT() REPRESENTATION_CONTEXT('2D SPACE',''
  ) );
#13555 = PCURVE('',#12761,#13556);
#13556 = DEFINITIONAL_REPRESENTATION('',(#13557),#13561);
#13557 = LINE('',#13558,#13559);
#13558 = CARTESIAN_POINT('',(6.28318530718,0.));
#13559 = VECTOR('',#13560,1.);
#13560 = DIRECTION('',(0.,1.));
#13561 = ( GEOMETRIC_REPRESENTATION_CONTEXT(2) 
PARAMETRIC_REPRESENTATION_CONTEXT() REPRESENTATION_CONTEXT('2D SPACE',''
  ) );
#13562 = ORIENTED_EDGE('',*,*,#13563,.F.);
#13563 = EDGE_CURVE('',#13541,#13541,#13564,.T.);
#13564 = SURFACE_CURVE('',#13565,(#13570,#13577),.PCURVE_S1.);
#13565 = CIRCLE('',#13566,8.);
#13566 = AXIS2_PLACEMENT_3D('',#13567,#13568,#13569);
#13567 = CARTESIAN_POINT('',(12.,0.,20.5));
#13568 = DIRECTION('',(0.,0.,1.));
#13569 = DIRECTION('',(1.,0.,-0.));
#13570 = PCURVE('',#12761,#13571);
#13571 = DEFINITIONAL_REPRESENTATION('',(#13572),#13576);
#13572 = LINE('',#13573,#13574);
#13573 = CARTESIAN_POINT('',(0.,10.9));
#13574 = VECTOR('',#13575,1.);
#13575 = DIRECTION('',(1.,0.));
#13576 = ( GEOMETRIC_REPRESENTATION_CONTEXT(2) 
PARAMETRIC_REPRESENTATION_CONTEXT() REPRESENTATION_CONTEXT('2D SPACE',''
  ) );
#13577 = PCURVE('',#13578,#13583);
#13578 = CONICAL_SURFACE('',#13579,8.,0.785398163397);
#13579 = AXIS2_PLACEMENT_3D('',#13580,#13581,#13582);
#13580 = CARTESIAN_POINT('',(12.,0.,20.5));
#13581 = DIRECTION('',(0.,0.,1.));
#13582 = DIRECTION('',(1.,0.,-0.));
#13583 = DEFINITIONAL_REPRESENTATION('',(#13584),#13588);
#13584 = LINE('',#13585,#13586);
#13585 = CARTESIAN_POINT('',(0.,0.));
#13586 = VECTOR('',#13587,1.);
#13587 = DIRECTION('',(1.,0.));
#13588 = ( GEOMETRIC_REPRESENTATION_CONTEXT(2) 
PARAMETRIC_REPRESENTATION_CONTEXT() REPRESENTATION_CONTEXT('2D SPACE',''
  ) );
#13589 = ORIENTED_EDGE('',*,*,#13540,.F.);
#13590 = ADVANCED_FACE('',(#13591),#12817,.T.);
#13591 = FACE_BOUND('',#13592,.T.);
#13592 = EDGE_LOOP('',(#13593,#13594,#13617,#13644));
#13593 = ORIENTED_EDGE('',*,*,#12802,.T.);
#13594 = ORIENTED_EDGE('',*,*,#13595,.T.);
#13595 = EDGE_CURVE('',#12779,#13596,#13598,.T.);
#13596 = VERTEX_POINT('',#13597);
#13597 = CARTESIAN_POINT('',(-4.,0.,20.5));
#13598 = SEAM_CURVE('',#13599,(#13603,#13610),.PCURVE_S1.);
#13599 = LINE('',#13600,#13601);
#13600 = CARTESIAN_POINT('',(-4.,0.,9.6));
#13601 = VECTOR('',#13602,1.);
#13602 = DIRECTION('',(0.,0.,1.));
#13603 = PCURVE('',#12817,#13604);
#13604 = DEFINITIONAL_REPRESENTATION('',(#13605),#13609);
#13605 = LINE('',#13606,#13607);
#13606 = CARTESIAN_POINT('',(0.,0.));
#13607 = VECTOR('',#13608,1.);
#13608 = DIRECTION('',(0.,1.));
#13609 = ( GEOMETRIC_REPRESENTATION_CONTEXT(2) 
PARAMETRIC_REPRESENTATION_CONTEXT() REPRESENTATION_CONTEXT('2D SPACE',''
  ) );
#13610 = PCURVE('',#12817,#13611);
#13611 = DEFINITIONAL_REPRESENTATION('',(#13612),#13616);
#13612 = LINE('',#13613,#13614);
#13613 = CARTESIAN_POINT('',(6.28318530718,0.));
#13614 = VECTOR('',#13615,1.);
#13615 = DIRECTION('',(0.,1.));
#13616 = ( GEOMETRIC_REPRESENTATION_CONTEXT(2) 
PARAMETRIC_REPRESENTATION_CONTEXT() REPRESENTATION_CONTEXT('2D SPACE',''
  ) );
#13617 = ORIENTED_EDGE('',*,*,#13618,.F.);
#13618 = EDGE_CURVE('',#13596,#13596,#13619,.T.);
#13619 = SURFACE_CURVE('',#13620,(#13625,#13632),.PCURVE_S1.);
#13620 = CIRCLE('',#13621,8.);
#13621 = AXIS2_PLACEMENT_3D('',#13622,#13623,#13624);
#13622 = CARTESIAN_POINT('',(-12.,0.,20.5));
#13623 = DIRECTION('',(0.,0.,1.));
#13624 = DIRECTION('',(1.,0.,-0.));
#13625 = PCURVE('',#12817,#13626);
#13626 = DEFINITIONAL_REPRESENTATION('',(#13627),#13631);
#13627 = LINE('',#13628,#13629);
#13628 = CARTESIAN_POINT('',(0.,10.9));
#13629 = VECTOR('',#13630,1.);
#13630 = DIRECTION('',(1.,0.));
#13631 = ( GEOMETRIC_REPRESENTATION_CONTEXT(2) 
PARAMETRIC_REPRESENTATION_CONTEXT() REPRESENTATION_CONTEXT('2D SPACE',''
  ) );
#13632 = PCURVE('',#13633,#13638);
#13633 = CONICAL_SURFACE('',#13634,8.,0.785398163397);
#13634 = AXIS2_PLACEMENT_3D('',#13635,#13636,#13637);
#13635 = CARTESIAN_POINT('',(-12.,0.,20.5));
#13636 = DIRECTION('',(0.,0.,1.));
#13637 = DIRECTION('',(1.,0.,-0.));
#13638 = DEFINITIONAL_REPRESENTATION('',(#13639),#13643);
#13639 = LINE('',#13640,#13641);
#13640 = CARTESIAN_POINT('',(0.,0.));
#13641 = VECTOR('',#13642,1.);
#13642 = DIRECTION('',(1.,0.));
#13643 = ( GEOMETRIC_REPRESENTATION_CONTEXT(2) 
PARAMETRIC_REPRESENTATION_CONTEXT() REPRESENTATION_CONTEXT('2D SPACE',''
  ) );
#13644 = ORIENTED_EDGE('',*,*,#13595,.F.);
#13645 = ADVANCED_FACE('',(#13646),#12873,.T.);
#13646 = FACE_BOUND('',#13647,.T.);
#13647 = EDGE_LOOP('',(#13648,#13649,#13672,#13699));
#13648 = ORIENTED_EDGE('',*,*,#12858,.T.);
#13649 = ORIENTED_EDGE('',*,*,#13650,.T.);
#13650 = EDGE_CURVE('',#12835,#13651,#13653,.T.);
#13651 = VERTEX_POINT('',#13652);
#13652 = CARTESIAN_POINT('',(-28.,0.,20.5));
#13653 = SEAM_CURVE('',#13654,(#13658,#13665),.PCURVE_S1.);
#13654 = LINE('',#13655,#13656);
#13655 = CARTESIAN_POINT('',(-28.,0.,9.6));
#13656 = VECTOR('',#13657,1.);
#13657 = DIRECTION('',(0.,0.,1.));
#13658 = PCURVE('',#12873,#13659);
#13659 = DEFINITIONAL_REPRESENTATION('',(#13660),#13664);
#13660 = LINE('',#13661,#13662);
#13661 = CARTESIAN_POINT('',(0.,0.));
#13662 = VECTOR('',#13663,1.);
#13663 = DIRECTION('',(0.,1.));
#13664 = ( GEOMETRIC_REPRESENTATION_CONTEXT(2) 
PARAMETRIC_REPRESENTATION_CONTEXT() REPRESENTATION_CONTEXT('2D SPACE',''
  ) );
#13665 = PCURVE('',#12873,#13666);
#13666 = DEFINITIONAL_REPRESENTATION('',(#13667),#13671);
#13667 = LINE('',#13668,#13669);
#13668 = CARTESIAN_POINT('',(6.28318530718,0.));
#13669 = VECTOR('',#13670,1.);
#13670 = DIRECTION('',(0.,1.));
#13671 = ( GEOMETRIC_REPRESENTATION_CONTEXT(2) 
PARAMETRIC_REPRESENTATION_CONTEXT() REPRESENTATION_CONTEXT('2D SPACE',''
  ) );
#13672 = ORIENTED_EDGE('',*,*,#13673,.F.);
#13673 = EDGE_CURVE('',#13651,#13651,#13674,.T.);
#13674 = SURFACE_CURVE('',#13675,(#13680,#13687),.PCURVE_S1.);
#13675 = CIRCLE('',#13676,8.);
#13676 = AXIS2_PLACEMENT_3D('',#13677,#13678,#13679);
#13677 = CARTESIAN_POINT('',(-36.,0.,20.5));
#13678 = DIRECTION('',(0.,0.,1.));
#13679 = DIRECTION('',(1.,0.,-0.));
#13680 = PCURVE('',#12873,#13681);
#13681 = DEFINITIONAL_REPRESENTATION('',(#13682),#13686);
#13682 = LINE('',#13683,#13684);
#13683 = CARTESIAN_POINT('',(0.,10.9));
#13684 = VECTOR('',#13685,1.);
#13685 = DIRECTION('',(1.,0.));
#13686 = ( GEOMETRIC_REPRESENTATION_CONTEXT(2) 
PARAMETRIC_REPRESENTATION_CONTEXT() REPRESENTATION_CONTEXT('2D SPACE',''
  ) );
#13687 = PCURVE('',#13688,#13693);
#13688 = CONICAL_SURFACE('',#13689,8.,0.785398163397);
#13689 = AXIS2_PLACEMENT_3D('',#13690,#13691,#13692);
#13690 = CARTESIAN_POINT('',(-36.,0.,20.5));
#13691 = DIRECTION('',(0.,0.,1.));
#13692 = DIRECTION('',(1.,0.,-0.));
#13693 = DEFINITIONAL_REPRESENTATION('',(#13694),#13698);
#13694 = LINE('',#13695,#13696);
#13695 = CARTESIAN_POINT('',(0.,0.));
#13696 = VECTOR('',#13697,1.);
#13697 = DIRECTION('',(1.,0.));
#13698 = ( GEOMETRIC_REPRESENTATION_CONTEXT(2) 
PARAMETRIC_REPRESENTATION_CONTEXT() REPRESENTATION_CONTEXT('2D SPACE',''
  ) );
#13699 = ORIENTED_EDGE('',*,*,#13650,.F.);
#13700 = ADVANCED_FACE('',(#13701),#12929,.T.);
#13701 = FACE_BOUND('',#13702,.T.);
#13702 = EDGE_LOOP('',(#13703,#13704,#13727,#13754));
#13703 = ORIENTED_EDGE('',*,*,#12914,.T.);
#13704 = ORIENTED_EDGE('',*,*,#13705,.T.);
#13705 = EDGE_CURVE('',#12891,#13706,#13708,.T.);
#13706 = VERTEX_POINT('',#13707);
#13707 = CARTESIAN_POINT('',(-52.,0.,20.5));
#13708 = SEAM_CURVE('',#13709,(#13713,#13720),.PCURVE_S1.);
#13709 = LINE('',#13710,#13711);
#13710 = CARTESIAN_POINT('',(-52.,0.,9.6));
#13711 = VECTOR('',#13712,1.);
#13712 = DIRECTION('',(0.,0.,1.));
#13713 = PCURVE('',#12929,#13714);
#13714 = DEFINITIONAL_REPRESENTATION('',(#13715),#13719);
#13715 = LINE('',#13716,#13717);
#13716 = CARTESIAN_POINT('',(0.,0.));
#13717 = VECTOR('',#13718,1.);
#13718 = DIRECTION('',(0.,1.));
#13719 = ( GEOMETRIC_REPRESENTATION_CONTEXT(2) 
PARAMETRIC_REPRESENTATION_CONTEXT() REPRESENTATION_CONTEXT('2D SPACE',''
  ) );
#13720 = PCURVE('',#12929,#13721);
#13721 = DEFINITIONAL_REPRESENTATION('',(#13722),#13726);
#13722 = LINE('',#13723,#13724);
#13723 = CARTESIAN_POINT('',(6.28318530718,0.));
#13724 = VECTOR('',#13725,1.);
#13725 = DIRECTION('',(0.,1.));
#13726 = ( GEOMETRIC_REPRESENTATION_CONTEXT(2) 
PARAMETRIC_REPRESENTATION_CONTEXT() REPRESENTATION_CONTEXT('2D SPACE',''
  ) );
#13727 = ORIENTED_EDGE('',*,*,#13728,.F.);
#13728 = EDGE_CURVE('',#13706,#13706,#13729,.T.);
#13729 = SURFACE_CURVE('',#13730,(#13735,#13742),.PCURVE_S1.);
#13730 = CIRCLE('',#13731,8.);
#13731 = AXIS2_PLACEMENT_3D('',#13732,#13733,#13734);
#13732 = CARTESIAN_POINT('',(-60.,0.,20.5));
#13733 = DIRECTION('',(0.,0.,1.));
#13734 = DIRECTION('',(1.,0.,-0.));
#13735 = PCURVE('',#12929,#13736);
#13736 = DEFINITIONAL_REPRESENTATION('',(#13737),#13741);
#13737 = LINE('',#13738,#13739);
#13738 = CARTESIAN_POINT('',(0.,10.9));
#13739 = VECTOR('',#13740,1.);
#13740 = DIRECTION('',(1.,0.));
#13741 = ( GEOMETRIC_REPRESENTATION_CONTEXT(2) 
PARAMETRIC_REPRESENTATION_CONTEXT() REPRESENTATION_CONTEXT('2D SPACE',''
  ) );
#13742 = PCURVE('',#13743,#13748);
#13743 = CONICAL_SURFACE('',#13744,8.,0.785398163397);
#13744 = AXIS2_PLACEMENT_3D('',#13745,#13746,#13747);
#13745 = CARTESIAN_POINT('',(-60.,0.,20.5));
#13746 = DIRECTION('',(0.,0.,1.));
#13747 = DIRECTION('',(1.,0.,-0.));
#13748 = DEFINITIONAL_REPRESENTATION('',(#13749),#13753);
#13749 = LINE('',#13750,#13751);
#13750 = CARTESIAN_POINT('',(0.,0.));
#13751 = VECTOR('',#13752,1.);
#13752 = DIRECTION('',(1.,0.));
#13753 = ( GEOMETRIC_REPRESENTATION_CONTEXT(2) 
PARAMETRIC_REPRESENTATION_CONTEXT() REPRESENTATION_CONTEXT('2D SPACE',''
  ) );
#13754 = ORIENTED_EDGE('',*,*,#13705,.F.);
#13755 = ADVANCED_FACE('',(#13756),#13151,.F.);
#13756 = FACE_BOUND('',#13757,.F.);
#13757 = EDGE_LOOP('',(#13758,#13759,#13760));
#13758 = ORIENTED_EDGE('',*,*,#13137,.F.);
#13759 = ORIENTED_EDGE('',*,*,#13218,.F.);
#13760 = ORIENTED_EDGE('',*,*,#13191,.F.);
#13761 = ADVANCED_FACE('',(#13762),#13303,.F.);
#13762 = FACE_BOUND('',#13763,.F.);
#13763 = EDGE_LOOP('',(#13764,#13765,#13766));
#13764 = ORIENTED_EDGE('',*,*,#13289,.F.);
#13765 = ORIENTED_EDGE('',*,*,#13370,.F.);
#13766 = ORIENTED_EDGE('',*,*,#13343,.F.);
#13767 = ADVANCED_FACE('',(#13768),#13468,.T.);
#13768 = FACE_BOUND('',#13769,.T.);
#13769 = EDGE_LOOP('',(#13770,#13771,#13794,#13821));
#13770 = ORIENTED_EDGE('',*,*,#13453,.T.);
#13771 = ORIENTED_EDGE('',*,*,#13772,.T.);
#13772 = EDGE_CURVE('',#13431,#13773,#13775,.T.);
#13773 = VERTEX_POINT('',#13774);
#13774 = CARTESIAN_POINT('',(69.,0.,21.5));
#13775 = SEAM_CURVE('',#13776,(#13780,#13787),.PCURVE_S1.);
#13776 = LINE('',#13777,#13778);
#13777 = CARTESIAN_POINT('',(68.,0.,20.5));
#13778 = VECTOR('',#13779,1.);
#13779 = DIRECTION('',(0.707106781187,0.,0.707106781187));
#13780 = PCURVE('',#13468,#13781);
#13781 = DEFINITIONAL_REPRESENTATION('',(#13782),#13786);
#13782 = LINE('',#13783,#13784);
#13783 = CARTESIAN_POINT('',(0.,0.));
#13784 = VECTOR('',#13785,1.);
#13785 = DIRECTION('',(0.,1.));
#13786 = ( GEOMETRIC_REPRESENTATION_CONTEXT(2) 
PARAMETRIC_REPRESENTATION_CONTEXT() REPRESENTATION_CONTEXT('2D SPACE',''
  ) );
#13787 = PCURVE('',#13468,#13788);
#13788 = DEFINITIONAL_REPRESENTATION('',(#13789),#13793);
#13789 = LINE('',#13790,#13791);
#13790 = CARTESIAN_POINT('',(6.28318530718,0.));
#13791 = VECTOR('',#13792,1.);
#13792 = DIRECTION('',(0.,1.));
#13793 = ( GEOMETRIC_REPRESENTATION_CONTEXT(2) 
PARAMETRIC_REPRESENTATION_CONTEXT() REPRESENTATION_CONTEXT('2D SPACE',''
  ) );
#13794 = ORIENTED_EDGE('',*,*,#13795,.F.);
#13795 = EDGE_CURVE('',#13773,#13773,#13796,.T.);
#13796 = SURFACE_CURVE('',#13797,(#13802,#13809),.PCURVE_S1.);
#13797 = CIRCLE('',#13798,9.);
#13798 = AXIS2_PLACEMENT_3D('',#13799,#13800,#13801);
#13799 = CARTESIAN_POINT('',(60.,0.,21.5));
#13800 = DIRECTION('',(0.,0.,1.));
#13801 = DIRECTION('',(1.,0.,-0.));
#13802 = PCURVE('',#13468,#13803);
#13803 = DEFINITIONAL_REPRESENTATION('',(#13804),#13808);
#13804 = LINE('',#13805,#13806);
#13805 = CARTESIAN_POINT('',(0.,1.));
#13806 = VECTOR('',#13807,1.);
#13807 = DIRECTION('',(1.,0.));
#13808 = ( GEOMETRIC_REPRESENTATION_CONTEXT(2) 
PARAMETRIC_REPRESENTATION_CONTEXT() REPRESENTATION_CONTEXT('2D SPACE',''
  ) );
#13809 = PCURVE('',#13810,#13815);
#13810 = CYLINDRICAL_SURFACE('',#13811,9.);
#13811 = AXIS2_PLACEMENT_3D('',#13812,#13813,#13814);
#13812 = CARTESIAN_POINT('',(60.,0.,21.5));
#13813 = DIRECTION('',(0.,0.,1.));
#13814 = DIRECTION('',(1.,0.,-0.));
#13815 = DEFINITIONAL_REPRESENTATION('',(#13816),#13820);
#13816 = LINE('',#13817,#13818);
#13817 = CARTESIAN_POINT('',(0.,0.));
#13818 = VECTOR('',#13819,1.);
#13819 = DIRECTION('',(1.,0.));
#13820 = ( GEOMETRIC_REPRESENTATION_CONTEXT(2) 
PARAMETRIC_REPRESENTATION_CONTEXT() REPRESENTATION_CONTEXT('2D SPACE',''
  ) );
#13821 = ORIENTED_EDGE('',*,*,#13772,.F.);
#13822 = ADVANCED_FACE('',(#13823),#13523,.T.);
#13823 = FACE_BOUND('',#13824,.T.);
#13824 = EDGE_LOOP('',(#13825,#13826,#13849,#13876));
#13825 = ORIENTED_EDGE('',*,*,#13508,.T.);
#13826 = ORIENTED_EDGE('',*,*,#13827,.T.);
#13827 = EDGE_CURVE('',#13486,#13828,#13830,.T.);
#13828 = VERTEX_POINT('',#13829);
#13829 = CARTESIAN_POINT('',(45.,0.,21.5));
#13830 = SEAM_CURVE('',#13831,(#13835,#13842),.PCURVE_S1.);
#13831 = LINE('',#13832,#13833);
#13832 = CARTESIAN_POINT('',(44.,0.,20.5));
#13833 = VECTOR('',#13834,1.);
#13834 = DIRECTION('',(0.707106781187,0.,0.707106781187));
#13835 = PCURVE('',#13523,#13836);
#13836 = DEFINITIONAL_REPRESENTATION('',(#13837),#13841);
#13837 = LINE('',#13838,#13839);
#13838 = CARTESIAN_POINT('',(0.,0.));
#13839 = VECTOR('',#13840,1.);
#13840 = DIRECTION('',(0.,1.));
#13841 = ( GEOMETRIC_REPRESENTATION_CONTEXT(2) 
PARAMETRIC_REPRESENTATION_CONTEXT() REPRESENTATION_CONTEXT('2D SPACE',''
  ) );
#13842 = PCURVE('',#13523,#13843);
#13843 = DEFINITIONAL_REPRESENTATION('',(#13844),#13848);
#13844 = LINE('',#13845,#13846);
#13845 = CARTESIAN_POINT('',(6.28318530718,0.));
#13846 = VECTOR('',#13847,1.);
#13847 = DIRECTION('',(0.,1.));
#13848 = ( GEOMETRIC_REPRESENTATION_CONTEXT(2) 
PARAMETRIC_REPRESENTATION_CONTEXT() REPRESENTATION_CONTEXT('2D SPACE',''
  ) );
#13849 = ORIENTED_EDGE('',*,*,#13850,.F.);
#13850 = EDGE_CURVE('',#13828,#13828,#13851,.T.);
#13851 = SURFACE_CURVE('',#13852,(#13857,#13864),.PCURVE_S1.);
#13852 = CIRCLE('',#13853,9.);
#13853 = AXIS2_PLACEMENT_3D('',#13854,#13855,#13856);
#13854 = CARTESIAN_POINT('',(36.,0.,21.5));
#13855 = DIRECTION('',(0.,0.,1.));
#13856 = DIRECTION('',(1.,0.,-0.));
#13857 = PCURVE('',#13523,#13858);
#13858 = DEFINITIONAL_REPRESENTATION('',(#13859),#13863);
#13859 = LINE('',#13860,#13861);
#13860 = CARTESIAN_POINT('',(0.,1.));
#13861 = VECTOR('',#13862,1.);
#13862 = DIRECTION('',(1.,0.));
#13863 = ( GEOMETRIC_REPRESENTATION_CONTEXT(2) 
PARAMETRIC_REPRESENTATION_CONTEXT() REPRESENTATION_CONTEXT('2D SPACE',''
  ) );
#13864 = PCURVE('',#13865,#13870);
#13865 = CYLINDRICAL_SURFACE('',#13866,9.);
#13866 = AXIS2_PLACEMENT_3D('',#13867,#13868,#13869);
#13867 = CARTESIAN_POINT('',(36.,0.,21.5));
#13868 = DIRECTION('',(0.,0.,1.));
#13869 = DIRECTION('',(1.,0.,-0.));
#13870 = DEFINITIONAL_REPRESENTATION('',(#13871),#13875);
#13871 = LINE('',#13872,#13873);
#13872 = CARTESIAN_POINT('',(0.,0.));
#13873 = VECTOR('',#13874,1.);
#13874 = DIRECTION('',(1.,0.));
#13875 = ( GEOMETRIC_REPRESENTATION_CONTEXT(2) 
PARAMETRIC_REPRESENTATION_CONTEXT() REPRESENTATION_CONTEXT('2D SPACE',''
  ) );
#13876 = ORIENTED_EDGE('',*,*,#13827,.F.);
#13877 = ADVANCED_FACE('',(#13878),#13578,.T.);
#13878 = FACE_BOUND('',#13879,.T.);
#13879 = EDGE_LOOP('',(#13880,#13881,#13904,#13931));
#13880 = ORIENTED_EDGE('',*,*,#13563,.T.);
#13881 = ORIENTED_EDGE('',*,*,#13882,.T.);
#13882 = EDGE_CURVE('',#13541,#13883,#13885,.T.);
#13883 = VERTEX_POINT('',#13884);
#13884 = CARTESIAN_POINT('',(21.,0.,21.5));
#13885 = SEAM_CURVE('',#13886,(#13890,#13897),.PCURVE_S1.);
#13886 = LINE('',#13887,#13888);
#13887 = CARTESIAN_POINT('',(20.,0.,20.5));
#13888 = VECTOR('',#13889,1.);
#13889 = DIRECTION('',(0.707106781187,0.,0.707106781187));
#13890 = PCURVE('',#13578,#13891);
#13891 = DEFINITIONAL_REPRESENTATION('',(#13892),#13896);
#13892 = LINE('',#13893,#13894);
#13893 = CARTESIAN_POINT('',(0.,0.));
#13894 = VECTOR('',#13895,1.);
#13895 = DIRECTION('',(0.,1.));
#13896 = ( GEOMETRIC_REPRESENTATION_CONTEXT(2) 
PARAMETRIC_REPRESENTATION_CONTEXT() REPRESENTATION_CONTEXT('2D SPACE',''
  ) );
#13897 = PCURVE('',#13578,#13898);
#13898 = DEFINITIONAL_REPRESENTATION('',(#13899),#13903);
#13899 = LINE('',#13900,#13901);
#13900 = CARTESIAN_POINT('',(6.28318530718,0.));
#13901 = VECTOR('',#13902,1.);
#13902 = DIRECTION('',(0.,1.));
#13903 = ( GEOMETRIC_REPRESENTATION_CONTEXT(2) 
PARAMETRIC_REPRESENTATION_CONTEXT() REPRESENTATION_CONTEXT('2D SPACE',''
  ) );
#13904 = ORIENTED_EDGE('',*,*,#13905,.F.);
#13905 = EDGE_CURVE('',#13883,#13883,#13906,.T.);
#13906 = SURFACE_CURVE('',#13907,(#13912,#13919),.PCURVE_S1.);
#13907 = CIRCLE('',#13908,9.);
#13908 = AXIS2_PLACEMENT_3D('',#13909,#13910,#13911);
#13909 = CARTESIAN_POINT('',(12.,0.,21.5));
#13910 = DIRECTION('',(0.,0.,1.));
#13911 = DIRECTION('',(1.,0.,-0.));
#13912 = PCURVE('',#13578,#13913);
#13913 = DEFINITIONAL_REPRESENTATION('',(#13914),#13918);
#13914 = LINE('',#13915,#13916);
#13915 = CARTESIAN_POINT('',(0.,1.));
#13916 = VECTOR('',#13917,1.);
#13917 = DIRECTION('',(1.,0.));
#13918 = ( GEOMETRIC_REPRESENTATION_CONTEXT(2) 
PARAMETRIC_REPRESENTATION_CONTEXT() REPRESENTATION_CONTEXT('2D SPACE',''
  ) );
#13919 = PCURVE('',#13920,#13925);
#13920 = CYLINDRICAL_SURFACE('',#13921,9.);
#13921 = AXIS2_PLACEMENT_3D('',#13922,#13923,#13924);
#13922 = CARTESIAN_POINT('',(12.,0.,21.5));
#13923 = DIRECTION('',(0.,0.,1.));
#13924 = DIRECTION('',(1.,0.,-0.));
#13925 = DEFINITIONAL_REPRESENTATION('',(#13926),#13930);
#13926 = LINE('',#13927,#13928);
#13927 = CARTESIAN_POINT('',(0.,0.));
#13928 = VECTOR('',#13929,1.);
#13929 = DIRECTION('',(1.,0.));
#13930 = ( GEOMETRIC_REPRESENTATION_CONTEXT(2) 
PARAMETRIC_REPRESENTATION_CONTEXT() REPRESENTATION_CONTEXT('2D SPACE',''
  ) );
#13931 = ORIENTED_EDGE('',*,*,#13882,.F.);
#13932 = ADVANCED_FACE('',(#13933),#13633,.T.);
#13933 = FACE_BOUND('',#13934,.T.);
#13934 = EDGE_LOOP('',(#13935,#13936,#13959,#13986));
#13935 = ORIENTED_EDGE('',*,*,#13618,.T.);
#13936 = ORIENTED_EDGE('',*,*,#13937,.T.);
#13937 = EDGE_CURVE('',#13596,#13938,#13940,.T.);
#13938 = VERTEX_POINT('',#13939);
#13939 = CARTESIAN_POINT('',(-3.,0.,21.5));
#13940 = SEAM_CURVE('',#13941,(#13945,#13952),.PCURVE_S1.);
#13941 = LINE('',#13942,#13943);
#13942 = CARTESIAN_POINT('',(-4.,0.,20.5));
#13943 = VECTOR('',#13944,1.);
#13944 = DIRECTION('',(0.707106781187,0.,0.707106781187));
#13945 = PCURVE('',#13633,#13946);
#13946 = DEFINITIONAL_REPRESENTATION('',(#13947),#13951);
#13947 = LINE('',#13948,#13949);
#13948 = CARTESIAN_POINT('',(0.,0.));
#13949 = VECTOR('',#13950,1.);
#13950 = DIRECTION('',(0.,1.));
#13951 = ( GEOMETRIC_REPRESENTATION_CONTEXT(2) 
PARAMETRIC_REPRESENTATION_CONTEXT() REPRESENTATION_CONTEXT('2D SPACE',''
  ) );
#13952 = PCURVE('',#13633,#13953);
#13953 = DEFINITIONAL_REPRESENTATION('',(#13954),#13958);
#13954 = LINE('',#13955,#13956);
#13955 = CARTESIAN_POINT('',(6.28318530718,0.));
#13956 = VECTOR('',#13957,1.);
#13957 = DIRECTION('',(0.,1.));
#13958 = ( GEOMETRIC_REPRESENTATION_CONTEXT(2) 
PARAMETRIC_REPRESENTATION_CONTEXT() REPRESENTATION_CONTEXT('2D SPACE',''
  ) );
#13959 = ORIENTED_EDGE('',*,*,#13960,.F.);
#13960 = EDGE_CURVE('',#13938,#13938,#13961,.T.);
#13961 = SURFACE_CURVE('',#13962,(#13967,#13974),.PCURVE_S1.);
#13962 = CIRCLE('',#13963,9.);
#13963 = AXIS2_PLACEMENT_3D('',#13964,#13965,#13966);
#13964 = CARTESIAN_POINT('',(-12.,0.,21.5));
#13965 = DIRECTION('',(0.,0.,1.));
#13966 = DIRECTION('',(1.,0.,-0.));
#13967 = PCURVE('',#13633,#13968);
#13968 = DEFINITIONAL_REPRESENTATION('',(#13969),#13973);
#13969 = LINE('',#13970,#13971);
#13970 = CARTESIAN_POINT('',(0.,1.));
#13971 = VECTOR('',#13972,1.);
#13972 = DIRECTION('',(1.,0.));
#13973 = ( GEOMETRIC_REPRESENTATION_CONTEXT(2) 
PARAMETRIC_REPRESENTATION_CONTEXT() REPRESENTATION_CONTEXT('2D SPACE',''
  ) );
#13974 = PCURVE('',#13975,#13980);
#13975 = CYLINDRICAL_SURFACE('',#13976,9.);
#13976 = AXIS2_PLACEMENT_3D('',#13977,#13978,#13979);
#13977 = CARTESIAN_POINT('',(-12.,0.,21.5));
#13978 = DIRECTION('',(0.,0.,1.));
#13979 = DIRECTION('',(1.,0.,-0.));
#13980 = DEFINITIONAL_REPRESENTATION('',(#13981),#13985);
#13981 = LINE('',#13982,#13983);
#13982 = CARTESIAN_POINT('',(0.,0.));
#13983 = VECTOR('',#13984,1.);
#13984 = DIRECTION('',(1.,0.));
#13985 = ( GEOMETRIC_REPRESENTATION_CONTEXT(2) 
PARAMETRIC_REPRESENTATION_CONTEXT() REPRESENTATION_CONTEXT('2D SPACE',''
  ) );
#13986 = ORIENTED_EDGE('',*,*,#13937,.F.);
#13987 = ADVANCED_FACE('',(#13988),#13688,.T.);
#13988 = FACE_BOUND('',#13989,.T.);
#13989 = EDGE_LOOP('',(#13990,#13991,#14014,#14041));
#13990 = ORIENTED_EDGE('',*,*,#13673,.T.);
#13991 = ORIENTED_EDGE('',*,*,#13992,.T.);
#13992 = EDGE_CURVE('',#13651,#13993,#13995,.T.);
#13993 = VERTEX_POINT('',#13994);
#13994 = CARTESIAN_POINT('',(-27.,0.,21.5));
#13995 = SEAM_CURVE('',#13996,(#14000,#14007),.PCURVE_S1.);
#13996 = LINE('',#13997,#13998);
#13997 = CARTESIAN_POINT('',(-28.,0.,20.5));
#13998 = VECTOR('',#13999,1.);
#13999 = DIRECTION('',(0.707106781187,0.,0.707106781187));
#14000 = PCURVE('',#13688,#14001);
#14001 = DEFINITIONAL_REPRESENTATION('',(#14002),#14006);
#14002 = LINE('',#14003,#14004);
#14003 = CARTESIAN_POINT('',(0.,0.));
#14004 = VECTOR('',#14005,1.);
#14005 = DIRECTION('',(0.,1.));
#14006 = ( GEOMETRIC_REPRESENTATION_CONTEXT(2) 
PARAMETRIC_REPRESENTATION_CONTEXT() REPRESENTATION_CONTEXT('2D SPACE',''
  ) );
#14007 = PCURVE('',#13688,#14008);
#14008 = DEFINITIONAL_REPRESENTATION('',(#14009),#14013);
#14009 = LINE('',#14010,#14011);
#14010 = CARTESIAN_POINT('',(6.28318530718,0.));
#14011 = VECTOR('',#14012,1.);
#14012 = DIRECTION('',(0.,1.));
#14013 = ( GEOMETRIC_REPRESENTATION_CONTEXT(2) 
PARAMETRIC_REPRESENTATION_CONTEXT() REPRESENTATION_CONTEXT('2D SPACE',''
  ) );
#14014 = ORIENTED_EDGE('',*,*,#14015,.F.);
#14015 = EDGE_CURVE('',#13993,#13993,#14016,.T.);
#14016 = SURFACE_CURVE('',#14017,(#14022,#14029),.PCURVE_S1.);
#14017 = CIRCLE('',#14018,9.);
#14018 = AXIS2_PLACEMENT_3D('',#14019,#14020,#14021);
#14019 = CARTESIAN_POINT('',(-36.,0.,21.5));
#14020 = DIRECTION('',(0.,0.,1.));
#14021 = DIRECTION('',(1.,0.,-0.));
#14022 = PCURVE('',#13688,#14023);
#14023 = DEFINITIONAL_REPRESENTATION('',(#14024),#14028);
#14024 = LINE('',#14025,#14026);
#14025 = CARTESIAN_POINT('',(0.,1.));
#14026 = VECTOR('',#14027,1.);
#14027 = DIRECTION('',(1.,0.));
#14028 = ( GEOMETRIC_REPRESENTATION_CONTEXT(2) 
PARAMETRIC_REPRESENTATION_CONTEXT() REPRESENTATION_CONTEXT('2D SPACE',''
  ) );
#14029 = PCURVE('',#14030,#14035);
#14030 = CYLINDRICAL_SURFACE('',#14031,9.);
#14031 = AXIS2_PLACEMENT_3D('',#14032,#14033,#14034);
#14032 = CARTESIAN_POINT('',(-36.,0.,21.5));
#14033 = DIRECTION('',(0.,0.,1.));
#14034 = DIRECTION('',(1.,0.,-0.));
#14035 = DEFINITIONAL_REPRESENTATION('',(#14036),#14040);
#14036 = LINE('',#14037,#14038);
#14037 = CARTESIAN_POINT('',(0.,0.));
#14038 = VECTOR('',#14039,1.);
#14039 = DIRECTION('',(1.,0.));
#14040 = ( GEOMETRIC_REPRESENTATION_CONTEXT(2) 
PARAMETRIC_REPRESENTATION_CONTEXT() REPRESENTATION_CONTEXT('2D SPACE',''
  ) );
#14041 = ORIENTED_EDGE('',*,*,#13992,.F.);
#14042 = ADVANCED_FACE('',(#14043),#13743,.T.);
#14043 = FACE_BOUND('',#14044,.T.);
#14044 = EDGE_LOOP('',(#14045,#14046,#14069,#14096));
#14045 = ORIENTED_EDGE('',*,*,#13728,.T.);
#14046 = ORIENTED_EDGE('',*,*,#14047,.T.);
#14047 = EDGE_CURVE('',#13706,#14048,#14050,.T.);
#14048 = VERTEX_POINT('',#14049);
#14049 = CARTESIAN_POINT('',(-51.,0.,21.5));
#14050 = SEAM_CURVE('',#14051,(#14055,#14062),.PCURVE_S1.);
#14051 = LINE('',#14052,#14053);
#14052 = CARTESIAN_POINT('',(-52.,0.,20.5));
#14053 = VECTOR('',#14054,1.);
#14054 = DIRECTION('',(0.707106781187,0.,0.707106781187));
#14055 = PCURVE('',#13743,#14056);
#14056 = DEFINITIONAL_REPRESENTATION('',(#14057),#14061);
#14057 = LINE('',#14058,#14059);
#14058 = CARTESIAN_POINT('',(0.,0.));
#14059 = VECTOR('',#14060,1.);
#14060 = DIRECTION('',(0.,1.));
#14061 = ( GEOMETRIC_REPRESENTATION_CONTEXT(2) 
PARAMETRIC_REPRESENTATION_CONTEXT() REPRESENTATION_CONTEXT('2D SPACE',''
  ) );
#14062 = PCURVE('',#13743,#14063);
#14063 = DEFINITIONAL_REPRESENTATION('',(#14064),#14068);
#14064 = LINE('',#14065,#14066);
#14065 = CARTESIAN_POINT('',(6.28318530718,0.));
#14066 = VECTOR('',#14067,1.);
#14067 = DIRECTION('',(0.,1.));
#14068 = ( GEOMETRIC_REPRESENTATION_CONTEXT(2) 
PARAMETRIC_REPRESENTATION_CONTEXT() REPRESENTATION_CONTEXT('2D SPACE',''
  ) );
#14069 = ORIENTED_EDGE('',*,*,#14070,.F.);
#14070 = EDGE_CURVE('',#14048,#14048,#14071,.T.);
#14071 = SURFACE_CURVE('',#14072,(#14077,#14084),.PCURVE_S1.);
#14072 = CIRCLE('',#14073,9.);
#14073 = AXIS2_PLACEMENT_3D('',#14074,#14075,#14076);
#14074 = CARTESIAN_POINT('',(-60.,0.,21.5));
#14075 = DIRECTION('',(0.,0.,1.));
#14076 = DIRECTION('',(1.,0.,-0.));
#14077 = PCURVE('',#13743,#14078);
#14078 = DEFINITIONAL_REPRESENTATION('',(#14079),#14083);
#14079 = LINE('',#14080,#14081);
#14080 = CARTESIAN_POINT('',(0.,1.));
#14081 = VECTOR('',#14082,1.);
#14082 = DIRECTION('',(1.,0.));
#14083 = ( GEOMETRIC_REPRESENTATION_CONTEXT(2) 
PARAMETRIC_REPRESENTATION_CONTEXT() REPRESENTATION_CONTEXT('2D SPACE',''
  ) );
#14084 = PCURVE('',#14085,#14090);
#14085 = CYLINDRICAL_SURFACE('',#14086,9.);
#14086 = AXIS2_PLACEMENT_3D('',#14087,#14088,#14089);
#14087 = CARTESIAN_POINT('',(-60.,0.,21.5));
#14088 = DIRECTION('',(0.,0.,1.));
#14089 = DIRECTION('',(1.,0.,-0.));
#14090 = DEFINITIONAL_REPRESENTATION('',(#14091),#14095);
#14091 = LINE('',#14092,#14093);
#14092 = CARTESIAN_POINT('',(0.,0.));
#14093 = VECTOR('',#14094,1.);
#14094 = DIRECTION('',(1.,0.));
#14095 = ( GEOMETRIC_REPRESENTATION_CONTEXT(2) 
PARAMETRIC_REPRESENTATION_CONTEXT() REPRESENTATION_CONTEXT('2D SPACE',''
  ) );
#14096 = ORIENTED_EDGE('',*,*,#14047,.F.);
#14097 = ADVANCED_FACE('',(#14098),#13810,.T.);
#14098 = FACE_BOUND('',#14099,.T.);
#14099 = EDGE_LOOP('',(#14100,#14101,#14124,#14151));
#14100 = ORIENTED_EDGE('',*,*,#13795,.T.);
#14101 = ORIENTED_EDGE('',*,*,#14102,.T.);
#14102 = EDGE_CURVE('',#13773,#14103,#14105,.T.);
#14103 = VERTEX_POINT('',#14104);
#14104 = CARTESIAN_POINT('',(69.,0.,22.7));
#14105 = SEAM_CURVE('',#14106,(#14110,#14117),.PCURVE_S1.);
#14106 = LINE('',#14107,#14108);
#14107 = CARTESIAN_POINT('',(69.,0.,21.5));
#14108 = VECTOR('',#14109,1.);
#14109 = DIRECTION('',(0.,0.,1.));
#14110 = PCURVE('',#13810,#14111);
#14111 = DEFINITIONAL_REPRESENTATION('',(#14112),#14116);
#14112 = LINE('',#14113,#14114);
#14113 = CARTESIAN_POINT('',(0.,0.));
#14114 = VECTOR('',#14115,1.);
#14115 = DIRECTION('',(0.,1.));
#14116 = ( GEOMETRIC_REPRESENTATION_CONTEXT(2) 
PARAMETRIC_REPRESENTATION_CONTEXT() REPRESENTATION_CONTEXT('2D SPACE',''
  ) );
#14117 = PCURVE('',#13810,#14118);
#14118 = DEFINITIONAL_REPRESENTATION('',(#14119),#14123);
#14119 = LINE('',#14120,#14121);
#14120 = CARTESIAN_POINT('',(6.28318530718,0.));
#14121 = VECTOR('',#14122,1.);
#14122 = DIRECTION('',(0.,1.));
#14123 = ( GEOMETRIC_REPRESENTATION_CONTEXT(2) 
PARAMETRIC_REPRESENTATION_CONTEXT() REPRESENTATION_CONTEXT('2D SPACE',''
  ) );
#14124 = ORIENTED_EDGE('',*,*,#14125,.F.);
#14125 = EDGE_CURVE('',#14103,#14103,#14126,.T.);
#14126 = SURFACE_CURVE('',#14127,(#14132,#14139),.PCURVE_S1.);
#14127 = CIRCLE('',#14128,9.);
#14128 = AXIS2_PLACEMENT_3D('',#14129,#14130,#14131);
#14129 = CARTESIAN_POINT('',(60.,0.,22.7));
#14130 = DIRECTION('',(0.,0.,1.));
#14131 = DIRECTION('',(1.,0.,-0.));
#14132 = PCURVE('',#13810,#14133);
#14133 = DEFINITIONAL_REPRESENTATION('',(#14134),#14138);
#14134 = LINE('',#14135,#14136);
#14135 = CARTESIAN_POINT('',(0.,1.2));
#14136 = VECTOR('',#14137,1.);
#14137 = DIRECTION('',(1.,0.));
#14138 = ( GEOMETRIC_REPRESENTATION_CONTEXT(2) 
PARAMETRIC_REPRESENTATION_CONTEXT() REPRESENTATION_CONTEXT('2D SPACE',''
  ) );
#14139 = PCURVE('',#14140,#14145);
#14140 = TOROIDAL_SURFACE('',#14141,8.2,0.8);
#14141 = AXIS2_PLACEMENT_3D('',#14142,#14143,#14144);
#14142 = CARTESIAN_POINT('',(60.,0.,22.7));
#14143 = DIRECTION('',(0.,0.,1.));
#14144 = DIRECTION('',(1.,0.,-0.));
#14145 = DEFINITIONAL_REPRESENTATION('',(#14146),#14150);
#14146 = LINE('',#14147,#14148);
#14147 = CARTESIAN_POINT('',(0.,-1.7763568394E-15));
#14148 = VECTOR('',#14149,1.);
#14149 = DIRECTION('',(1.,0.));
#14150 = ( GEOMETRIC_REPRESENTATION_CONTEXT(2) 
PARAMETRIC_REPRESENTATION_CONTEXT() REPRESENTATION_CONTEXT('2D SPACE',''
  ) );
#14151 = ORIENTED_EDGE('',*,*,#14102,.F.);
#14152 = ADVANCED_FACE('',(#14153),#13865,.T.);
#14153 = FACE_BOUND('',#14154,.T.);
#14154 = EDGE_LOOP('',(#14155,#14156,#14179,#14206));
#14155 = ORIENTED_EDGE('',*,*,#13850,.T.);
#14156 = ORIENTED_EDGE('',*,*,#14157,.T.);
#14157 = EDGE_CURVE('',#13828,#14158,#14160,.T.);
#14158 = VERTEX_POINT('',#14159);
#14159 = CARTESIAN_POINT('',(45.,0.,22.7));
#14160 = SEAM_CURVE('',#14161,(#14165,#14172),.PCURVE_S1.);
#14161 = LINE('',#14162,#14163);
#14162 = CARTESIAN_POINT('',(45.,0.,21.5));
#14163 = VECTOR('',#14164,1.);
#14164 = DIRECTION('',(0.,0.,1.));
#14165 = PCURVE('',#13865,#14166);
#14166 = DEFINITIONAL_REPRESENTATION('',(#14167),#14171);
#14167 = LINE('',#14168,#14169);
#14168 = CARTESIAN_POINT('',(0.,0.));
#14169 = VECTOR('',#14170,1.);
#14170 = DIRECTION('',(0.,1.));
#14171 = ( GEOMETRIC_REPRESENTATION_CONTEXT(2) 
PARAMETRIC_REPRESENTATION_CONTEXT() REPRESENTATION_CONTEXT('2D SPACE',''
  ) );
#14172 = PCURVE('',#13865,#14173);
#14173 = DEFINITIONAL_REPRESENTATION('',(#14174),#14178);
#14174 = LINE('',#14175,#14176);
#14175 = CARTESIAN_POINT('',(6.28318530718,0.));
#14176 = VECTOR('',#14177,1.);
#14177 = DIRECTION('',(0.,1.));
#14178 = ( GEOMETRIC_REPRESENTATION_CONTEXT(2) 
PARAMETRIC_REPRESENTATION_CONTEXT() REPRESENTATION_CONTEXT('2D SPACE',''
  ) );
#14179 = ORIENTED_EDGE('',*,*,#14180,.F.);
#14180 = EDGE_CURVE('',#14158,#14158,#14181,.T.);
#14181 = SURFACE_CURVE('',#14182,(#14187,#14194),.PCURVE_S1.);
#14182 = CIRCLE('',#14183,9.);
#14183 = AXIS2_PLACEMENT_3D('',#14184,#14185,#14186);
#14184 = CARTESIAN_POINT('',(36.,0.,22.7));
#14185 = DIRECTION('',(0.,0.,1.));
#14186 = DIRECTION('',(1.,0.,-0.));
#14187 = PCURVE('',#13865,#14188);
#14188 = DEFINITIONAL_REPRESENTATION('',(#14189),#14193);
#14189 = LINE('',#14190,#14191);
#14190 = CARTESIAN_POINT('',(0.,1.2));
#14191 = VECTOR('',#14192,1.);
#14192 = DIRECTION('',(1.,0.));
#14193 = ( GEOMETRIC_REPRESENTATION_CONTEXT(2) 
PARAMETRIC_REPRESENTATION_CONTEXT() REPRESENTATION_CONTEXT('2D SPACE',''
  ) );
#14194 = PCURVE('',#14195,#14200);
#14195 = TOROIDAL_SURFACE('',#14196,8.2,0.8);
#14196 = AXIS2_PLACEMENT_3D('',#14197,#14198,#14199);
#14197 = CARTESIAN_POINT('',(36.,0.,22.7));
#14198 = DIRECTION('',(0.,0.,1.));
#14199 = DIRECTION('',(1.,0.,-0.));
#14200 = DEFINITIONAL_REPRESENTATION('',(#14201),#14205);
#14201 = LINE('',#14202,#14203);
#14202 = CARTESIAN_POINT('',(0.,-1.7763568394E-15));
#14203 = VECTOR('',#14204,1.);
#14204 = DIRECTION('',(1.,0.));
#14205 = ( GEOMETRIC_REPRESENTATION_CONTEXT(2) 
PARAMETRIC_REPRESENTATION_CONTEXT() REPRESENTATION_CONTEXT('2D SPACE',''
  ) );
#14206 = ORIENTED_EDGE('',*,*,#14157,.F.);
#14207 = ADVANCED_FACE('',(#14208),#13920,.T.);
#14208 = FACE_BOUND('',#14209,.T.);
#14209 = EDGE_LOOP('',(#14210,#14211,#14234,#14261));
#14210 = ORIENTED_EDGE('',*,*,#13905,.T.);
#14211 = ORIENTED_EDGE('',*,*,#14212,.T.);
#14212 = EDGE_CURVE('',#13883,#14213,#14215,.T.);
#14213 = VERTEX_POINT('',#14214);
#14214 = CARTESIAN_POINT('',(21.,0.,22.7));
#14215 = SEAM_CURVE('',#14216,(#14220,#14227),.PCURVE_S1.);
#14216 = LINE('',#14217,#14218);
#14217 = CARTESIAN_POINT('',(21.,0.,21.5));
#14218 = VECTOR('',#14219,1.);
#14219 = DIRECTION('',(0.,0.,1.));
#14220 = PCURVE('',#13920,#14221);
#14221 = DEFINITIONAL_REPRESENTATION('',(#14222),#14226);
#14222 = LINE('',#14223,#14224);
#14223 = CARTESIAN_POINT('',(0.,0.));
#14224 = VECTOR('',#14225,1.);
#14225 = DIRECTION('',(0.,1.));
#14226 = ( GEOMETRIC_REPRESENTATION_CONTEXT(2) 
PARAMETRIC_REPRESENTATION_CONTEXT() REPRESENTATION_CONTEXT('2D SPACE',''
  ) );
#14227 = PCURVE('',#13920,#14228);
#14228 = DEFINITIONAL_REPRESENTATION('',(#14229),#14233);
#14229 = LINE('',#14230,#14231);
#14230 = CARTESIAN_POINT('',(6.28318530718,0.));
#14231 = VECTOR('',#14232,1.);
#14232 = DIRECTION('',(0.,1.));
#14233 = ( GEOMETRIC_REPRESENTATION_CONTEXT(2) 
PARAMETRIC_REPRESENTATION_CONTEXT() REPRESENTATION_CONTEXT('2D SPACE',''
  ) );
#14234 = ORIENTED_EDGE('',*,*,#14235,.F.);
#14235 = EDGE_CURVE('',#14213,#14213,#14236,.T.);
#14236 = SURFACE_CURVE('',#14237,(#14242,#14249),.PCURVE_S1.);
#14237 = CIRCLE('',#14238,9.);
#14238 = AXIS2_PLACEMENT_3D('',#14239,#14240,#14241);
#14239 = CARTESIAN_POINT('',(12.,0.,22.7));
#14240 = DIRECTION('',(0.,0.,1.));
#14241 = DIRECTION('',(1.,0.,-0.));
#14242 = PCURVE('',#13920,#14243);
#14243 = DEFINITIONAL_REPRESENTATION('',(#14244),#14248);
#14244 = LINE('',#14245,#14246);
#14245 = CARTESIAN_POINT('',(0.,1.2));
#14246 = VECTOR('',#14247,1.);
#14247 = DIRECTION('',(1.,0.));
#14248 = ( GEOMETRIC_REPRESENTATION_CONTEXT(2) 
PARAMETRIC_REPRESENTATION_CONTEXT() REPRESENTATION_CONTEXT('2D SPACE',''
  ) );
#14249 = PCURVE('',#14250,#14255);
#14250 = TOROIDAL_SURFACE('',#14251,8.2,0.8);
#14251 = AXIS2_PLACEMENT_3D('',#14252,#14253,#14254);
#14252 = CARTESIAN_POINT('',(12.,0.,22.7));
#14253 = DIRECTION('',(0.,0.,1.));
#14254 = DIRECTION('',(1.,0.,-0.));
#14255 = DEFINITIONAL_REPRESENTATION('',(#14256),#14260);
#14256 = LINE('',#14257,#14258);
#14257 = CARTESIAN_POINT('',(0.,-1.7763568394E-15));
#14258 = VECTOR('',#14259,1.);
#14259 = DIRECTION('',(1.,0.));
#14260 = ( GEOMETRIC_REPRESENTATION_CONTEXT(2) 
PARAMETRIC_REPRESENTATION_CONTEXT() REPRESENTATION_CONTEXT('2D SPACE',''
  ) );
#14261 = ORIENTED_EDGE('',*,*,#14212,.F.);
#14262 = ADVANCED_FACE('',(#14263),#13975,.T.);
#14263 = FACE_BOUND('',#14264,.T.);
#14264 = EDGE_LOOP('',(#14265,#14266,#14289,#14316));
#14265 = ORIENTED_EDGE('',*,*,#13960,.T.);
#14266 = ORIENTED_EDGE('',*,*,#14267,.T.);
#14267 = EDGE_CURVE('',#13938,#14268,#14270,.T.);
#14268 = VERTEX_POINT('',#14269);
#14269 = CARTESIAN_POINT('',(-3.,0.,22.7));
#14270 = SEAM_CURVE('',#14271,(#14275,#14282),.PCURVE_S1.);
#14271 = LINE('',#14272,#14273);
#14272 = CARTESIAN_POINT('',(-3.,0.,21.5));
#14273 = VECTOR('',#14274,1.);
#14274 = DIRECTION('',(0.,0.,1.));
#14275 = PCURVE('',#13975,#14276);
#14276 = DEFINITIONAL_REPRESENTATION('',(#14277),#14281);
#14277 = LINE('',#14278,#14279);
#14278 = CARTESIAN_POINT('',(0.,0.));
#14279 = VECTOR('',#14280,1.);
#14280 = DIRECTION('',(0.,1.));
#14281 = ( GEOMETRIC_REPRESENTATION_CONTEXT(2) 
PARAMETRIC_REPRESENTATION_CONTEXT() REPRESENTATION_CONTEXT('2D SPACE',''
  ) );
#14282 = PCURVE('',#13975,#14283);
#14283 = DEFINITIONAL_REPRESENTATION('',(#14284),#14288);
#14284 = LINE('',#14285,#14286);
#14285 = CARTESIAN_POINT('',(6.28318530718,0.));
#14286 = VECTOR('',#14287,1.);
#14287 = DIRECTION('',(0.,1.));
#14288 = ( GEOMETRIC_REPRESENTATION_CONTEXT(2) 
PARAMETRIC_REPRESENTATION_CONTEXT() REPRESENTATION_CONTEXT('2D SPACE',''
  ) );
#14289 = ORIENTED_EDGE('',*,*,#14290,.F.);
#14290 = EDGE_CURVE('',#14268,#14268,#14291,.T.);
#14291 = SURFACE_CURVE('',#14292,(#14297,#14304),.PCURVE_S1.);
#14292 = CIRCLE('',#14293,9.);
#14293 = AXIS2_PLACEMENT_3D('',#14294,#14295,#14296);
#14294 = CARTESIAN_POINT('',(-12.,0.,22.7));
#14295 = DIRECTION('',(0.,0.,1.));
#14296 = DIRECTION('',(1.,0.,-0.));
#14297 = PCURVE('',#13975,#14298);
#14298 = DEFINITIONAL_REPRESENTATION('',(#14299),#14303);
#14299 = LINE('',#14300,#14301);
#14300 = CARTESIAN_POINT('',(0.,1.2));
#14301 = VECTOR('',#14302,1.);
#14302 = DIRECTION('',(1.,0.));
#14303 = ( GEOMETRIC_REPRESENTATION_CONTEXT(2) 
PARAMETRIC_REPRESENTATION_CONTEXT() REPRESENTATION_CONTEXT('2D SPACE',''
  ) );
#14304 = PCURVE('',#14305,#14310);
#14305 = TOROIDAL_SURFACE('',#14306,8.2,0.8);
#14306 = AXIS2_PLACEMENT_3D('',#14307,#14308,#14309);
#14307 = CARTESIAN_POINT('',(-12.,0.,22.7));
#14308 = DIRECTION('',(0.,0.,1.));
#14309 = DIRECTION('',(1.,0.,-0.));
#14310 = DEFINITIONAL_REPRESENTATION('',(#14311),#14315);
#14311 = LINE('',#14312,#14313);
#14312 = CARTESIAN_POINT('',(0.,-1.7763568394E-15));
#14313 = VECTOR('',#14314,1.);
#14314 = DIRECTION('',(1.,0.));
#14315 = ( GEOMETRIC_REPRESENTATION_CONTEXT(2) 
PARAMETRIC_REPRESENTATION_CONTEXT() REPRESENTATION_CONTEXT('2D SPACE',''
  ) );
#14316 = ORIENTED_EDGE('',*,*,#14267,.F.);
#14317 = ADVANCED_FACE('',(#14318),#14030,.T.);
#14318 = FACE_BOUND('',#14319,.T.);
#14319 = EDGE_LOOP('',(#14320,#14321,#14344,#14371));
#14320 = ORIENTED_EDGE('',*,*,#14015,.T.);
#14321 = ORIENTED_EDGE('',*,*,#14322,.T.);
#14322 = EDGE_CURVE('',#13993,#14323,#14325,.T.);
#14323 = VERTEX_POINT('',#14324);
#14324 = CARTESIAN_POINT('',(-27.,0.,22.7));
#14325 = SEAM_CURVE('',#14326,(#14330,#14337),.PCURVE_S1.);
#14326 = LINE('',#14327,#14328);
#14327 = CARTESIAN_POINT('',(-27.,0.,21.5));
#14328 = VECTOR('',#14329,1.);
#14329 = DIRECTION('',(0.,0.,1.));
#14330 = PCURVE('',#14030,#14331);
#14331 = DEFINITIONAL_REPRESENTATION('',(#14332),#14336);
#14332 = LINE('',#14333,#14334);
#14333 = CARTESIAN_POINT('',(0.,0.));
#14334 = VECTOR('',#14335,1.);
#14335 = DIRECTION('',(0.,1.));
#14336 = ( GEOMETRIC_REPRESENTATION_CONTEXT(2) 
PARAMETRIC_REPRESENTATION_CONTEXT() REPRESENTATION_CONTEXT('2D SPACE',''
  ) );
#14337 = PCURVE('',#14030,#14338);
#14338 = DEFINITIONAL_REPRESENTATION('',(#14339),#14343);
#14339 = LINE('',#14340,#14341);
#14340 = CARTESIAN_POINT('',(6.28318530718,0.));
#14341 = VECTOR('',#14342,1.);
#14342 = DIRECTION('',(0.,1.));
#14343 = ( GEOMETRIC_REPRESENTATION_CONTEXT(2) 
PARAMETRIC_REPRESENTATION_CONTEXT() REPRESENTATION_CONTEXT('2D SPACE',''
  ) );
#14344 = ORIENTED_EDGE('',*,*,#14345,.F.);
#14345 = EDGE_CURVE('',#14323,#14323,#14346,.T.);
#14346 = SURFACE_CURVE('',#14347,(#14352,#14359),.PCURVE_S1.);
#14347 = CIRCLE('',#14348,9.);
#14348 = AXIS2_PLACEMENT_3D('',#14349,#14350,#14351);
#14349 = CARTESIAN_POINT('',(-36.,0.,22.7));
#14350 = DIRECTION('',(0.,0.,1.));
#14351 = DIRECTION('',(1.,0.,-0.));
#14352 = PCURVE('',#14030,#14353);
#14353 = DEFINITIONAL_REPRESENTATION('',(#14354),#14358);
#14354 = LINE('',#14355,#14356);
#14355 = CARTESIAN_POINT('',(0.,1.2));
#14356 = VECTOR('',#14357,1.);
#14357 = DIRECTION('',(1.,0.));
#14358 = ( GEOMETRIC_REPRESENTATION_CONTEXT(2) 
PARAMETRIC_REPRESENTATION_CONTEXT() REPRESENTATION_CONTEXT('2D SPACE',''
  ) );
#14359 = PCURVE('',#14360,#14365);
#14360 = TOROIDAL_SURFACE('',#14361,8.2,0.8);
#14361 = AXIS2_PLACEMENT_3D('',#14362,#14363,#14364);
#14362 = CARTESIAN_POINT('',(-36.,0.,22.7));
#14363 = DIRECTION('',(0.,0.,1.));
#14364 = DIRECTION('',(1.,0.,-0.));
#14365 = DEFINITIONAL_REPRESENTATION('',(#14366),#14370);
#14366 = LINE('',#14367,#14368);
#14367 = CARTESIAN_POINT('',(0.,-1.7763568394E-15));
#14368 = VECTOR('',#14369,1.);
#14369 = DIRECTION('',(1.,0.));
#14370 = ( GEOMETRIC_REPRESENTATION_CONTEXT(2) 
PARAMETRIC_REPRESENTATION_CONTEXT() REPRESENTATION_CONTEXT('2D SPACE',''
  ) );
#14371 = ORIENTED_EDGE('',*,*,#14322,.F.);
#14372 = ADVANCED_FACE('',(#14373),#14085,.T.);
#14373 = FACE_BOUND('',#14374,.T.);
#14374 = EDGE_LOOP('',(#14375,#14376,#14399,#14426));
#14375 = ORIENTED_EDGE('',*,*,#14070,.T.);
#14376 = ORIENTED_EDGE('',*,*,#14377,.T.);
#14377 = EDGE_CURVE('',#14048,#14378,#14380,.T.);
#14378 = VERTEX_POINT('',#14379);
#14379 = CARTESIAN_POINT('',(-51.,0.,22.7));
#14380 = SEAM_CURVE('',#14381,(#14385,#14392),.PCURVE_S1.);
#14381 = LINE('',#14382,#14383);
#14382 = CARTESIAN_POINT('',(-51.,0.,21.5));
#14383 = VECTOR('',#14384,1.);
#14384 = DIRECTION('',(0.,0.,1.));
#14385 = PCURVE('',#14085,#14386);
#14386 = DEFINITIONAL_REPRESENTATION('',(#14387),#14391);
#14387 = LINE('',#14388,#14389);
#14388 = CARTESIAN_POINT('',(0.,0.));
#14389 = VECTOR('',#14390,1.);
#14390 = DIRECTION('',(0.,1.));
#14391 = ( GEOMETRIC_REPRESENTATION_CONTEXT(2) 
PARAMETRIC_REPRESENTATION_CONTEXT() REPRESENTATION_CONTEXT('2D SPACE',''
  ) );
#14392 = PCURVE('',#14085,#14393);
#14393 = DEFINITIONAL_REPRESENTATION('',(#14394),#14398);
#14394 = LINE('',#14395,#14396);
#14395 = CARTESIAN_POINT('',(6.28318530718,0.));
#14396 = VECTOR('',#14397,1.);
#14397 = DIRECTION('',(0.,1.));
#14398 = ( GEOMETRIC_REPRESENTATION_CONTEXT(2) 
PARAMETRIC_REPRESENTATION_CONTEXT() REPRESENTATION_CONTEXT('2D SPACE',''
  ) );
#14399 = ORIENTED_EDGE('',*,*,#14400,.F.);
#14400 = EDGE_CURVE('',#14378,#14378,#14401,.T.);
#14401 = SURFACE_CURVE('',#14402,(#14407,#14414),.PCURVE_S1.);
#14402 = CIRCLE('',#14403,9.);
#14403 = AXIS2_PLACEMENT_3D('',#14404,#14405,#14406);
#14404 = CARTESIAN_POINT('',(-60.,0.,22.7));
#14405 = DIRECTION('',(0.,0.,1.));
#14406 = DIRECTION('',(1.,0.,-0.));
#14407 = PCURVE('',#14085,#14408);
#14408 = DEFINITIONAL_REPRESENTATION('',(#14409),#14413);
#14409 = LINE('',#14410,#14411);
#14410 = CARTESIAN_POINT('',(0.,1.2));
#14411 = VECTOR('',#14412,1.);
#14412 = DIRECTION('',(1.,0.));
#14413 = ( GEOMETRIC_REPRESENTATION_CONTEXT(2) 
PARAMETRIC_REPRESENTATION_CONTEXT() REPRESENTATION_CONTEXT('2D SPACE',''
  ) );
#14414 = PCURVE('',#14415,#14420);
#14415 = TOROIDAL_SURFACE('',#14416,8.2,0.8);
#14416 = AXIS2_PLACEMENT_3D('',#14417,#14418,#14419);
#14417 = CARTESIAN_POINT('',(-60.,0.,22.7));
#14418 = DIRECTION('',(0.,0.,1.));
#14419 = DIRECTION('',(1.,0.,-0.));
#14420 = DEFINITIONAL_REPRESENTATION('',(#14421),#14425);
#14421 = LINE('',#14422,#14423);
#14422 = CARTESIAN_POINT('',(0.,-1.7763568394E-15));
#14423 = VECTOR('',#14424,1.);
#14424 = DIRECTION('',(1.,0.));
#14425 = ( GEOMETRIC_REPRESENTATION_CONTEXT(2) 
PARAMETRIC_REPRESENTATION_CONTEXT() REPRESENTATION_CONTEXT('2D SPACE',''
  ) );
#14426 = ORIENTED_EDGE('',*,*,#14377,.F.);
#14427 = ADVANCED_FACE('',(#14428),#14140,.T.);
#14428 = FACE_BOUND('',#14429,.T.);
#14429 = EDGE_LOOP('',(#14430,#14431,#14455,#14486));
#14430 = ORIENTED_EDGE('',*,*,#14125,.T.);
#14431 = ORIENTED_EDGE('',*,*,#14432,.T.);
#14432 = EDGE_CURVE('',#14103,#14433,#14435,.T.);
#14433 = VERTEX_POINT('',#14434);
#14434 = CARTESIAN_POINT('',(68.2,0.,23.5));
#14435 = SEAM_CURVE('',#14436,(#14441,#14448),.PCURVE_S1.);
#14436 = CIRCLE('',#14437,0.8);
#14437 = AXIS2_PLACEMENT_3D('',#14438,#14439,#14440);
#14438 = CARTESIAN_POINT('',(68.2,0.,22.7));
#14439 = DIRECTION('',(0.,-1.,0.));
#14440 = DIRECTION('',(1.,0.,-2.22044604925E-15));
#14441 = PCURVE('',#14140,#14442);
#14442 = DEFINITIONAL_REPRESENTATION('',(#14443),#14447);
#14443 = LINE('',#14444,#14445);
#14444 = CARTESIAN_POINT('',(0.,-1.7763568394E-15));
#14445 = VECTOR('',#14446,1.);
#14446 = DIRECTION('',(0.,1.));
#14447 = ( GEOMETRIC_REPRESENTATION_CONTEXT(2) 
PARAMETRIC_REPRESENTATION_CONTEXT() REPRESENTATION_CONTEXT('2D SPACE',''
  ) );
#14448 = PCURVE('',#14140,#14449);
#14449 = DEFINITIONAL_REPRESENTATION('',(#14450),#14454);
#14450 = LINE('',#14451,#14452);
#14451 = CARTESIAN_POINT('',(6.28318530718,-1.7763568394E-15));
#14452 = VECTOR('',#14453,1.);
#14453 = DIRECTION('',(0.,1.));
#14454 = ( GEOMETRIC_REPRESENTATION_CONTEXT(2) 
PARAMETRIC_REPRESENTATION_CONTEXT() REPRESENTATION_CONTEXT('2D SPACE',''
  ) );
#14455 = ORIENTED_EDGE('',*,*,#14456,.F.);
#14456 = EDGE_CURVE('',#14433,#14433,#14457,.T.);
#14457 = SURFACE_CURVE('',#14458,(#14463,#14470),.PCURVE_S1.);
#14458 = CIRCLE('',#14459,8.2);
#14459 = AXIS2_PLACEMENT_3D('',#14460,#14461,#14462);
#14460 = CARTESIAN_POINT('',(60.,0.,23.5));
#14461 = DIRECTION('',(0.,0.,1.));
#14462 = DIRECTION('',(1.,0.,-0.));
#14463 = PCURVE('',#14140,#14464);
#14464 = DEFINITIONAL_REPRESENTATION('',(#14465),#14469);
#14465 = LINE('',#14466,#14467);
#14466 = CARTESIAN_POINT('',(0.,1.570796326795));
#14467 = VECTOR('',#14468,1.);
#14468 = DIRECTION('',(1.,0.));
#14469 = ( GEOMETRIC_REPRESENTATION_CONTEXT(2) 
PARAMETRIC_REPRESENTATION_CONTEXT() REPRESENTATION_CONTEXT('2D SPACE',''
  ) );
#14470 = PCURVE('',#14471,#14476);
#14471 = PLANE('',#14472);
#14472 = AXIS2_PLACEMENT_3D('',#14473,#14474,#14475);
#14473 = CARTESIAN_POINT('',(60.,0.,23.5));
#14474 = DIRECTION('',(-0.,-0.,-1.));
#14475 = DIRECTION('',(-1.,-0.,-0.));
#14476 = DEFINITIONAL_REPRESENTATION('',(#14477),#14485);
#14477 = ( BOUNDED_CURVE() B_SPLINE_CURVE(2,(#14478,#14479,#14480,#14481
    ,#14482,#14483,#14484),.UNSPECIFIED.,.T.,.F.) 
B_SPLINE_CURVE_WITH_KNOTS((1,2,2,2,2,1),(-2.094395102393,0.,
    2.094395102393,4.188790204786,6.28318530718,8.377580409573),
.UNSPECIFIED.) CURVE() GEOMETRIC_REPRESENTATION_ITEM() 
RATIONAL_B_SPLINE_CURVE((1.,0.5,1.,0.5,1.,0.5,1.)) REPRESENTATION_ITEM(
  '') );
#14478 = CARTESIAN_POINT('',(-8.2,0.));
#14479 = CARTESIAN_POINT('',(-8.2,14.202816622065));
#14480 = CARTESIAN_POINT('',(4.1,7.101408311032));
#14481 = CARTESIAN_POINT('',(16.4,2.008420750602E-15));
#14482 = CARTESIAN_POINT('',(4.1,-7.101408311032));
#14483 = CARTESIAN_POINT('',(-8.2,-14.20281662206));
#14484 = CARTESIAN_POINT('',(-8.2,0.));
#14485 = ( GEOMETRIC_REPRESENTATION_CONTEXT(2) 
PARAMETRIC_REPRESENTATION_CONTEXT() REPRESENTATION_CONTEXT('2D SPACE',''
  ) );
#14486 = ORIENTED_EDGE('',*,*,#14432,.F.);
#14487 = ADVANCED_FACE('',(#14488),#14195,.T.);
#14488 = FACE_BOUND('',#14489,.T.);
#14489 = EDGE_LOOP('',(#14490,#14491,#14515,#14546));
#14490 = ORIENTED_EDGE('',*,*,#14180,.T.);
#14491 = ORIENTED_EDGE('',*,*,#14492,.T.);
#14492 = EDGE_CURVE('',#14158,#14493,#14495,.T.);
#14493 = VERTEX_POINT('',#14494);
#14494 = CARTESIAN_POINT('',(44.2,0.,23.5));
#14495 = SEAM_CURVE('',#14496,(#14501,#14508),.PCURVE_S1.);
#14496 = CIRCLE('',#14497,0.8);
#14497 = AXIS2_PLACEMENT_3D('',#14498,#14499,#14500);
#14498 = CARTESIAN_POINT('',(44.2,0.,22.7));
#14499 = DIRECTION('',(0.,-1.,0.));
#14500 = DIRECTION('',(1.,0.,-2.22044604925E-15));
#14501 = PCURVE('',#14195,#14502);
#14502 = DEFINITIONAL_REPRESENTATION('',(#14503),#14507);
#14503 = LINE('',#14504,#14505);
#14504 = CARTESIAN_POINT('',(0.,-1.7763568394E-15));
#14505 = VECTOR('',#14506,1.);
#14506 = DIRECTION('',(0.,1.));
#14507 = ( GEOMETRIC_REPRESENTATION_CONTEXT(2) 
PARAMETRIC_REPRESENTATION_CONTEXT() REPRESENTATION_CONTEXT('2D SPACE',''
  ) );
#14508 = PCURVE('',#14195,#14509);
#14509 = DEFINITIONAL_REPRESENTATION('',(#14510),#14514);
#14510 = LINE('',#14511,#14512);
#14511 = CARTESIAN_POINT('',(6.28318530718,-1.7763568394E-15));
#14512 = VECTOR('',#14513,1.);
#14513 = DIRECTION('',(0.,1.));
#14514 = ( GEOMETRIC_REPRESENTATION_CONTEXT(2) 
PARAMETRIC_REPRESENTATION_CONTEXT() REPRESENTATION_CONTEXT('2D SPACE',''
  ) );
#14515 = ORIENTED_EDGE('',*,*,#14516,.F.);
#14516 = EDGE_CURVE('',#14493,#14493,#14517,.T.);
#14517 = SURFACE_CURVE('',#14518,(#14523,#14530),.PCURVE_S1.);
#14518 = CIRCLE('',#14519,8.2);
#14519 = AXIS2_PLACEMENT_3D('',#14520,#14521,#14522);
#14520 = CARTESIAN_POINT('',(36.,0.,23.5));
#14521 = DIRECTION('',(0.,0.,1.));
#14522 = DIRECTION('',(1.,0.,-0.));
#14523 = PCURVE('',#14195,#14524);
#14524 = DEFINITIONAL_REPRESENTATION('',(#14525),#14529);
#14525 = LINE('',#14526,#14527);
#14526 = CARTESIAN_POINT('',(0.,1.570796326795));
#14527 = VECTOR('',#14528,1.);
#14528 = DIRECTION('',(1.,0.));
#14529 = ( GEOMETRIC_REPRESENTATION_CONTEXT(2) 
PARAMETRIC_REPRESENTATION_CONTEXT() REPRESENTATION_CONTEXT('2D SPACE',''
  ) );
#14530 = PCURVE('',#14531,#14536);
#14531 = PLANE('',#14532);
#14532 = AXIS2_PLACEMENT_3D('',#14533,#14534,#14535);
#14533 = CARTESIAN_POINT('',(36.,0.,23.5));
#14534 = DIRECTION('',(-0.,-0.,-1.));
#14535 = DIRECTION('',(-1.,-0.,-0.));
#14536 = DEFINITIONAL_REPRESENTATION('',(#14537),#14545);
#14537 = ( BOUNDED_CURVE() B_SPLINE_CURVE(2,(#14538,#14539,#14540,#14541
    ,#14542,#14543,#14544),.UNSPECIFIED.,.T.,.F.) 
B_SPLINE_CURVE_WITH_KNOTS((1,2,2,2,2,1),(-2.094395102393,0.,
    2.094395102393,4.188790204786,6.28318530718,8.377580409573),
.UNSPECIFIED.) CURVE() GEOMETRIC_REPRESENTATION_ITEM() 
RATIONAL_B_SPLINE_CURVE((1.,0.5,1.,0.5,1.,0.5,1.)) REPRESENTATION_ITEM(
  '') );
#14538 = CARTESIAN_POINT('',(-8.2,0.));
#14539 = CARTESIAN_POINT('',(-8.2,14.202816622065));
#14540 = CARTESIAN_POINT('',(4.1,7.101408311032));
#14541 = CARTESIAN_POINT('',(16.4,2.008420750602E-15));
#14542 = CARTESIAN_POINT('',(4.1,-7.101408311032));
#14543 = CARTESIAN_POINT('',(-8.2,-14.20281662206));
#14544 = CARTESIAN_POINT('',(-8.2,0.));
#14545 = ( GEOMETRIC_REPRESENTATION_CONTEXT(2) 
PARAMETRIC_REPRESENTATION_CONTEXT() REPRESENTATION_CONTEXT('2D SPACE',''
  ) );
#14546 = ORIENTED_EDGE('',*,*,#14492,.F.);
#14547 = ADVANCED_FACE('',(#14548),#14250,.T.);
#14548 = FACE_BOUND('',#14549,.T.);
#14549 = EDGE_LOOP('',(#14550,#14551,#14575,#14606));
#14550 = ORIENTED_EDGE('',*,*,#14235,.T.);
#14551 = ORIENTED_EDGE('',*,*,#14552,.T.);
#14552 = EDGE_CURVE('',#14213,#14553,#14555,.T.);
#14553 = VERTEX_POINT('',#14554);
#14554 = CARTESIAN_POINT('',(20.2,0.,23.5));
#14555 = SEAM_CURVE('',#14556,(#14561,#14568),.PCURVE_S1.);
#14556 = CIRCLE('',#14557,0.8);
#14557 = AXIS2_PLACEMENT_3D('',#14558,#14559,#14560);
#14558 = CARTESIAN_POINT('',(20.2,0.,22.7));
#14559 = DIRECTION('',(0.,-1.,0.));
#14560 = DIRECTION('',(1.,0.,-2.22044604925E-15));
#14561 = PCURVE('',#14250,#14562);
#14562 = DEFINITIONAL_REPRESENTATION('',(#14563),#14567);
#14563 = LINE('',#14564,#14565);
#14564 = CARTESIAN_POINT('',(0.,-1.7763568394E-15));
#14565 = VECTOR('',#14566,1.);
#14566 = DIRECTION('',(0.,1.));
#14567 = ( GEOMETRIC_REPRESENTATION_CONTEXT(2) 
PARAMETRIC_REPRESENTATION_CONTEXT() REPRESENTATION_CONTEXT('2D SPACE',''
  ) );
#14568 = PCURVE('',#14250,#14569);
#14569 = DEFINITIONAL_REPRESENTATION('',(#14570),#14574);
#14570 = LINE('',#14571,#14572);
#14571 = CARTESIAN_POINT('',(6.28318530718,-1.7763568394E-15));
#14572 = VECTOR('',#14573,1.);
#14573 = DIRECTION('',(0.,1.));
#14574 = ( GEOMETRIC_REPRESENTATION_CONTEXT(2) 
PARAMETRIC_REPRESENTATION_CONTEXT() REPRESENTATION_CONTEXT('2D SPACE',''
  ) );
#14575 = ORIENTED_EDGE('',*,*,#14576,.F.);
#14576 = EDGE_CURVE('',#14553,#14553,#14577,.T.);
#14577 = SURFACE_CURVE('',#14578,(#14583,#14590),.PCURVE_S1.);
#14578 = CIRCLE('',#14579,8.2);
#14579 = AXIS2_PLACEMENT_3D('',#14580,#14581,#14582);
#14580 = CARTESIAN_POINT('',(12.,0.,23.5));
#14581 = DIRECTION('',(0.,0.,1.));
#14582 = DIRECTION('',(1.,0.,-0.));
#14583 = PCURVE('',#14250,#14584);
#14584 = DEFINITIONAL_REPRESENTATION('',(#14585),#14589);
#14585 = LINE('',#14586,#14587);
#14586 = CARTESIAN_POINT('',(0.,1.570796326795));
#14587 = VECTOR('',#14588,1.);
#14588 = DIRECTION('',(1.,0.));
#14589 = ( GEOMETRIC_REPRESENTATION_CONTEXT(2) 
PARAMETRIC_REPRESENTATION_CONTEXT() REPRESENTATION_CONTEXT('2D SPACE',''
  ) );
#14590 = PCURVE('',#14591,#14596);
#14591 = PLANE('',#14592);
#14592 = AXIS2_PLACEMENT_3D('',#14593,#14594,#14595);
#14593 = CARTESIAN_POINT('',(12.,0.,23.5));
#14594 = DIRECTION('',(-0.,-0.,-1.));
#14595 = DIRECTION('',(-1.,-0.,-0.));
#14596 = DEFINITIONAL_REPRESENTATION('',(#14597),#14605);
#14597 = ( BOUNDED_CURVE() B_SPLINE_CURVE(2,(#14598,#14599,#14600,#14601
    ,#14602,#14603,#14604),.UNSPECIFIED.,.T.,.F.) 
B_SPLINE_CURVE_WITH_KNOTS((1,2,2,2,2,1),(-2.094395102393,0.,
    2.094395102393,4.188790204786,6.28318530718,8.377580409573),
.UNSPECIFIED.) CURVE() GEOMETRIC_REPRESENTATION_ITEM() 
RATIONAL_B_SPLINE_CURVE((1.,0.5,1.,0.5,1.,0.5,1.)) REPRESENTATION_ITEM(
  '') );
#14598 = CARTESIAN_POINT('',(-8.2,0.));
#14599 = CARTESIAN_POINT('',(-8.2,14.202816622065));
#14600 = CARTESIAN_POINT('',(4.1,7.101408311032));
#14601 = CARTESIAN_POINT('',(16.4,2.008420750602E-15));
#14602 = CARTESIAN_POINT('',(4.1,-7.101408311032));
#14603 = CARTESIAN_POINT('',(-8.2,-14.20281662206));
#14604 = CARTESIAN_POINT('',(-8.2,0.));
#14605 = ( GEOMETRIC_REPRESENTATION_CONTEXT(2) 
PARAMETRIC_REPRESENTATION_CONTEXT() REPRESENTATION_CONTEXT('2D SPACE',''
  ) );
#14606 = ORIENTED_EDGE('',*,*,#14552,.F.);
#14607 = ADVANCED_FACE('',(#14608),#14305,.T.);
#14608 = FACE_BOUND('',#14609,.T.);
#14609 = EDGE_LOOP('',(#14610,#14611,#14635,#14666));
#14610 = ORIENTED_EDGE('',*,*,#14290,.T.);
#14611 = ORIENTED_EDGE('',*,*,#14612,.T.);
#14612 = EDGE_CURVE('',#14268,#14613,#14615,.T.);
#14613 = VERTEX_POINT('',#14614);
#14614 = CARTESIAN_POINT('',(-3.8,0.,23.5));
#14615 = SEAM_CURVE('',#14616,(#14621,#14628),.PCURVE_S1.);
#14616 = CIRCLE('',#14617,0.8);
#14617 = AXIS2_PLACEMENT_3D('',#14618,#14619,#14620);
#14618 = CARTESIAN_POINT('',(-3.8,0.,22.7));
#14619 = DIRECTION('',(0.,-1.,0.));
#14620 = DIRECTION('',(1.,0.,-2.22044604925E-15));
#14621 = PCURVE('',#14305,#14622);
#14622 = DEFINITIONAL_REPRESENTATION('',(#14623),#14627);
#14623 = LINE('',#14624,#14625);
#14624 = CARTESIAN_POINT('',(0.,-1.7763568394E-15));
#14625 = VECTOR('',#14626,1.);
#14626 = DIRECTION('',(0.,1.));
#14627 = ( GEOMETRIC_REPRESENTATION_CONTEXT(2) 
PARAMETRIC_REPRESENTATION_CONTEXT() REPRESENTATION_CONTEXT('2D SPACE',''
  ) );
#14628 = PCURVE('',#14305,#14629);
#14629 = DEFINITIONAL_REPRESENTATION('',(#14630),#14634);
#14630 = LINE('',#14631,#14632);
#14631 = CARTESIAN_POINT('',(6.28318530718,-1.7763568394E-15));
#14632 = VECTOR('',#14633,1.);
#14633 = DIRECTION('',(0.,1.));
#14634 = ( GEOMETRIC_REPRESENTATION_CONTEXT(2) 
PARAMETRIC_REPRESENTATION_CONTEXT() REPRESENTATION_CONTEXT('2D SPACE',''
  ) );
#14635 = ORIENTED_EDGE('',*,*,#14636,.F.);
#14636 = EDGE_CURVE('',#14613,#14613,#14637,.T.);
#14637 = SURFACE_CURVE('',#14638,(#14643,#14650),.PCURVE_S1.);
#14638 = CIRCLE('',#14639,8.2);
#14639 = AXIS2_PLACEMENT_3D('',#14640,#14641,#14642);
#14640 = CARTESIAN_POINT('',(-12.,0.,23.5));
#14641 = DIRECTION('',(0.,0.,1.));
#14642 = DIRECTION('',(1.,0.,-0.));
#14643 = PCURVE('',#14305,#14644);
#14644 = DEFINITIONAL_REPRESENTATION('',(#14645),#14649);
#14645 = LINE('',#14646,#14647);
#14646 = CARTESIAN_POINT('',(0.,1.570796326795));
#14647 = VECTOR('',#14648,1.);
#14648 = DIRECTION('',(1.,0.));
#14649 = ( GEOMETRIC_REPRESENTATION_CONTEXT(2) 
PARAMETRIC_REPRESENTATION_CONTEXT() REPRESENTATION_CONTEXT('2D SPACE',''
  ) );
#14650 = PCURVE('',#14651,#14656);
#14651 = PLANE('',#14652);
#14652 = AXIS2_PLACEMENT_3D('',#14653,#14654,#14655);
#14653 = CARTESIAN_POINT('',(-12.,0.,23.5));
#14654 = DIRECTION('',(-0.,-0.,-1.));
#14655 = DIRECTION('',(-1.,-0.,-0.));
#14656 = DEFINITIONAL_REPRESENTATION('',(#14657),#14665);
#14657 = ( BOUNDED_CURVE() B_SPLINE_CURVE(2,(#14658,#14659,#14660,#14661
    ,#14662,#14663,#14664),.UNSPECIFIED.,.T.,.F.) 
B_SPLINE_CURVE_WITH_KNOTS((1,2,2,2,2,1),(-2.094395102393,0.,
    2.094395102393,4.188790204786,6.28318530718,8.377580409573),
.UNSPECIFIED.) CURVE() GEOMETRIC_REPRESENTATION_ITEM() 
RATIONAL_B_SPLINE_CURVE((1.,0.5,1.,0.5,1.,0.5,1.)) REPRESENTATION_ITEM(
  '') );
#14658 = CARTESIAN_POINT('',(-8.2,0.));
#14659 = CARTESIAN_POINT('',(-8.2,14.202816622065));
#14660 = CARTESIAN_POINT('',(4.1,7.101408311032));
#14661 = CARTESIAN_POINT('',(16.4,2.008420750602E-15));
#14662 = CARTESIAN_POINT('',(4.1,-7.101408311032));
#14663 = CARTESIAN_POINT('',(-8.2,-14.20281662206));
#14664 = CARTESIAN_POINT('',(-8.2,0.));
#14665 = ( GEOMETRIC_REPRESENTATION_CONTEXT(2) 
PARAMETRIC_REPRESENTATION_CONTEXT() REPRESENTATION_CONTEXT('2D SPACE',''
  ) );
#14666 = ORIENTED_EDGE('',*,*,#14612,.F.);
#14667 = ADVANCED_FACE('',(#14668),#14360,.T.);
#14668 = FACE_BOUND('',#14669,.T.);
#14669 = EDGE_LOOP('',(#14670,#14671,#14695,#14726));
#14670 = ORIENTED_EDGE('',*,*,#14345,.T.);
#14671 = ORIENTED_EDGE('',*,*,#14672,.T.);
#14672 = EDGE_CURVE('',#14323,#14673,#14675,.T.);
#14673 = VERTEX_POINT('',#14674);
#14674 = CARTESIAN_POINT('',(-27.8,0.,23.5));
#14675 = SEAM_CURVE('',#14676,(#14681,#14688),.PCURVE_S1.);
#14676 = CIRCLE('',#14677,0.8);
#14677 = AXIS2_PLACEMENT_3D('',#14678,#14679,#14680);
#14678 = CARTESIAN_POINT('',(-27.8,0.,22.7));
#14679 = DIRECTION('',(0.,-1.,0.));
#14680 = DIRECTION('',(1.,0.,-2.22044604925E-15));
#14681 = PCURVE('',#14360,#14682);
#14682 = DEFINITIONAL_REPRESENTATION('',(#14683),#14687);
#14683 = LINE('',#14684,#14685);
#14684 = CARTESIAN_POINT('',(0.,-1.7763568394E-15));
#14685 = VECTOR('',#14686,1.);
#14686 = DIRECTION('',(0.,1.));
#14687 = ( GEOMETRIC_REPRESENTATION_CONTEXT(2) 
PARAMETRIC_REPRESENTATION_CONTEXT() REPRESENTATION_CONTEXT('2D SPACE',''
  ) );
#14688 = PCURVE('',#14360,#14689);
#14689 = DEFINITIONAL_REPRESENTATION('',(#14690),#14694);
#14690 = LINE('',#14691,#14692);
#14691 = CARTESIAN_POINT('',(6.28318530718,-1.7763568394E-15));
#14692 = VECTOR('',#14693,1.);
#14693 = DIRECTION('',(0.,1.));
#14694 = ( GEOMETRIC_REPRESENTATION_CONTEXT(2) 
PARAMETRIC_REPRESENTATION_CONTEXT() REPRESENTATION_CONTEXT('2D SPACE',''
  ) );
#14695 = ORIENTED_EDGE('',*,*,#14696,.F.);
#14696 = EDGE_CURVE('',#14673,#14673,#14697,.T.);
#14697 = SURFACE_CURVE('',#14698,(#14703,#14710),.PCURVE_S1.);
#14698 = CIRCLE('',#14699,8.2);
#14699 = AXIS2_PLACEMENT_3D('',#14700,#14701,#14702);
#14700 = CARTESIAN_POINT('',(-36.,0.,23.5));
#14701 = DIRECTION('',(0.,0.,1.));
#14702 = DIRECTION('',(1.,0.,-0.));
#14703 = PCURVE('',#14360,#14704);
#14704 = DEFINITIONAL_REPRESENTATION('',(#14705),#14709);
#14705 = LINE('',#14706,#14707);
#14706 = CARTESIAN_POINT('',(0.,1.570796326795));
#14707 = VECTOR('',#14708,1.);
#14708 = DIRECTION('',(1.,0.));
#14709 = ( GEOMETRIC_REPRESENTATION_CONTEXT(2) 
PARAMETRIC_REPRESENTATION_CONTEXT() REPRESENTATION_CONTEXT('2D SPACE',''
  ) );
#14710 = PCURVE('',#14711,#14716);
#14711 = PLANE('',#14712);
#14712 = AXIS2_PLACEMENT_3D('',#14713,#14714,#14715);
#14713 = CARTESIAN_POINT('',(-36.,0.,23.5));
#14714 = DIRECTION('',(-0.,-0.,-1.));
#14715 = DIRECTION('',(-1.,-0.,-0.));
#14716 = DEFINITIONAL_REPRESENTATION('',(#14717),#14725);
#14717 = ( BOUNDED_CURVE() B_SPLINE_CURVE(2,(#14718,#14719,#14720,#14721
    ,#14722,#14723,#14724),.UNSPECIFIED.,.T.,.F.) 
B_SPLINE_CURVE_WITH_KNOTS((1,2,2,2,2,1),(-2.094395102393,0.,
    2.094395102393,4.188790204786,6.28318530718,8.377580409573),
.UNSPECIFIED.) CURVE() GEOMETRIC_REPRESENTATION_ITEM() 
RATIONAL_B_SPLINE_CURVE((1.,0.5,1.,0.5,1.,0.5,1.)) REPRESENTATION_ITEM(
  '') );
#14718 = CARTESIAN_POINT('',(-8.2,0.));
#14719 = CARTESIAN_POINT('',(-8.2,14.202816622065));
#14720 = CARTESIAN_POINT('',(4.1,7.101408311032));
#14721 = CARTESIAN_POINT('',(16.4,2.008420750602E-15));
#14722 = CARTESIAN_POINT('',(4.1,-7.101408311032));
#14723 = CARTESIAN_POINT('',(-8.2,-14.20281662206));
#14724 = CARTESIAN_POINT('',(-8.2,0.));
#14725 = ( GEOMETRIC_REPRESENTATION_CONTEXT(2) 
PARAMETRIC_REPRESENTATION_CONTEXT() REPRESENTATION_CONTEXT('2D SPACE',''
  ) );
#14726 = ORIENTED_EDGE('',*,*,#14672,.F.);
#14727 = ADVANCED_FACE('',(#14728),#14415,.T.);
#14728 = FACE_BOUND('',#14729,.T.);
#14729 = EDGE_LOOP('',(#14730,#14731,#14755,#14786));
#14730 = ORIENTED_EDGE('',*,*,#14400,.T.);
#14731 = ORIENTED_EDGE('',*,*,#14732,.T.);
#14732 = EDGE_CURVE('',#14378,#14733,#14735,.T.);
#14733 = VERTEX_POINT('',#14734);
#14734 = CARTESIAN_POINT('',(-51.8,0.,23.5));
#14735 = SEAM_CURVE('',#14736,(#14741,#14748),.PCURVE_S1.);
#14736 = CIRCLE('',#14737,0.8);
#14737 = AXIS2_PLACEMENT_3D('',#14738,#14739,#14740);
#14738 = CARTESIAN_POINT('',(-51.8,0.,22.7));
#14739 = DIRECTION('',(0.,-1.,0.));
#14740 = DIRECTION('',(1.,0.,-2.22044604925E-15));
#14741 = PCURVE('',#14415,#14742);
#14742 = DEFINITIONAL_REPRESENTATION('',(#14743),#14747);
#14743 = LINE('',#14744,#14745);
#14744 = CARTESIAN_POINT('',(0.,-1.7763568394E-15));
#14745 = VECTOR('',#14746,1.);
#14746 = DIRECTION('',(0.,1.));
#14747 = ( GEOMETRIC_REPRESENTATION_CONTEXT(2) 
PARAMETRIC_REPRESENTATION_CONTEXT() REPRESENTATION_CONTEXT('2D SPACE',''
  ) );
#14748 = PCURVE('',#14415,#14749);
#14749 = DEFINITIONAL_REPRESENTATION('',(#14750),#14754);
#14750 = LINE('',#14751,#14752);
#14751 = CARTESIAN_POINT('',(6.28318530718,-1.7763568394E-15));
#14752 = VECTOR('',#14753,1.);
#14753 = DIRECTION('',(0.,1.));
#14754 = ( GEOMETRIC_REPRESENTATION_CONTEXT(2) 
PARAMETRIC_REPRESENTATION_CONTEXT() REPRESENTATION_CONTEXT('2D SPACE',''
  ) );
#14755 = ORIENTED_EDGE('',*,*,#14756,.F.);
#14756 = EDGE_CURVE('',#14733,#14733,#14757,.T.);
#14757 = SURFACE_CURVE('',#14758,(#14763,#14770),.PCURVE_S1.);
#14758 = CIRCLE('',#14759,8.2);
#14759 = AXIS2_PLACEMENT_3D('',#14760,#14761,#14762);
#14760 = CARTESIAN_POINT('',(-60.,0.,23.5));
#14761 = DIRECTION('',(0.,0.,1.));
#14762 = DIRECTION('',(1.,0.,-0.));
#14763 = PCURVE('',#14415,#14764);
#14764 = DEFINITIONAL_REPRESENTATION('',(#14765),#14769);
#14765 = LINE('',#14766,#14767);
#14766 = CARTESIAN_POINT('',(0.,1.570796326795));
#14767 = VECTOR('',#14768,1.);
#14768 = DIRECTION('',(1.,0.));
#14769 = ( GEOMETRIC_REPRESENTATION_CONTEXT(2) 
PARAMETRIC_REPRESENTATION_CONTEXT() REPRESENTATION_CONTEXT('2D SPACE',''
  ) );
#14770 = PCURVE('',#14771,#14776);
#14771 = PLANE('',#14772);
#14772 = AXIS2_PLACEMENT_3D('',#14773,#14774,#14775);
#14773 = CARTESIAN_POINT('',(-60.,0.,23.5));
#14774 = DIRECTION('',(-0.,-0.,-1.));
#14775 = DIRECTION('',(-1.,-0.,-0.));
#14776 = DEFINITIONAL_REPRESENTATION('',(#14777),#14785);
#14777 = ( BOUNDED_CURVE() B_SPLINE_CURVE(2,(#14778,#14779,#14780,#14781
    ,#14782,#14783,#14784),.UNSPECIFIED.,.T.,.F.) 
B_SPLINE_CURVE_WITH_KNOTS((1,2,2,2,2,1),(-2.094395102393,0.,
    2.094395102393,4.188790204786,6.28318530718,8.377580409573),
.UNSPECIFIED.) CURVE() GEOMETRIC_REPRESENTATION_ITEM() 
RATIONAL_B_SPLINE_CURVE((1.,0.5,1.,0.5,1.,0.5,1.)) REPRESENTATION_ITEM(
  '') );
#14778 = CARTESIAN_POINT('',(-8.2,0.));
#14779 = CARTESIAN_POINT('',(-8.2,14.202816622065));
#14780 = CARTESIAN_POINT('',(4.1,7.101408311032));
#14781 = CARTESIAN_POINT('',(16.4,2.008420750602E-15));
#14782 = CARTESIAN_POINT('',(4.1,-7.101408311032));
#14783 = CARTESIAN_POINT('',(-8.2,-14.20281662206));
#14784 = CARTESIAN_POINT('',(-8.2,0.));
#14785 = ( GEOMETRIC_REPRESENTATION_CONTEXT(2) 
PARAMETRIC_REPRESENTATION_CONTEXT() REPRESENTATION_CONTEXT('2D SPACE',''
  ) );
#14786 = ORIENTED_EDGE('',*,*,#14732,.F.);
#14787 = ADVANCED_FACE('',(#14788,#14791),#14471,.F.);
#14788 = FACE_BOUND('',#14789,.T.);
#14789 = EDGE_LOOP('',(#14790));
#14790 = ORIENTED_EDGE('',*,*,#14456,.T.);
#14791 = FACE_BOUND('',#14792,.T.);
#14792 = EDGE_LOOP('',(#14793));
#14793 = ORIENTED_EDGE('',*,*,#14794,.T.);
#14794 = EDGE_CURVE('',#14795,#14795,#14797,.T.);
#14795 = VERTEX_POINT('',#14796);
#14796 = CARTESIAN_POINT('',(66.4,0.,23.5));
#14797 = SURFACE_CURVE('',#14798,(#14803,#14810),.PCURVE_S1.);
#14798 = CIRCLE('',#14799,6.4);
#14799 = AXIS2_PLACEMENT_3D('',#14800,#14801,#14802);
#14800 = CARTESIAN_POINT('',(60.,0.,23.5));
#14801 = DIRECTION('',(0.,0.,-1.));
#14802 = DIRECTION('',(1.,0.,0.));
#14803 = PCURVE('',#14471,#14804);
#14804 = DEFINITIONAL_REPRESENTATION('',(#14805),#14809);
#14805 = CIRCLE('',#14806,6.4);
#14806 = AXIS2_PLACEMENT_2D('',#14807,#14808);
#14807 = CARTESIAN_POINT('',(0.,0.));
#14808 = DIRECTION('',(-1.,0.));
#14809 = ( GEOMETRIC_REPRESENTATION_CONTEXT(2) 
PARAMETRIC_REPRESENTATION_CONTEXT() REPRESENTATION_CONTEXT('2D SPACE',''
  ) );
#14810 = PCURVE('',#14811,#14816);
#14811 = CYLINDRICAL_SURFACE('',#14812,6.4);
#14812 = AXIS2_PLACEMENT_3D('',#14813,#14814,#14815);
#14813 = CARTESIAN_POINT('',(60.,0.,8.8));
#14814 = DIRECTION('',(-0.,-0.,-1.));
#14815 = DIRECTION('',(1.,0.,0.));
#14816 = DEFINITIONAL_REPRESENTATION('',(#14817),#14821);
#14817 = LINE('',#14818,#14819);
#14818 = CARTESIAN_POINT('',(-6.28318530718,-14.7));
#14819 = VECTOR('',#14820,1.);
#14820 = DIRECTION('',(1.,-0.));
#14821 = ( GEOMETRIC_REPRESENTATION_CONTEXT(2) 
PARAMETRIC_REPRESENTATION_CONTEXT() REPRESENTATION_CONTEXT('2D SPACE',''
  ) );
#14822 = ADVANCED_FACE('',(#14823,#14826),#14531,.F.);
#14823 = FACE_BOUND('',#14824,.T.);
#14824 = EDGE_LOOP('',(#14825));
#14825 = ORIENTED_EDGE('',*,*,#14516,.T.);
#14826 = FACE_BOUND('',#14827,.T.);
#14827 = EDGE_LOOP('',(#14828));
#14828 = ORIENTED_EDGE('',*,*,#14829,.T.);
#14829 = EDGE_CURVE('',#14830,#14830,#14832,.T.);
#14830 = VERTEX_POINT('',#14831);
#14831 = CARTESIAN_POINT('',(42.4,0.,23.5));
#14832 = SURFACE_CURVE('',#14833,(#14838,#14845),.PCURVE_S1.);
#14833 = CIRCLE('',#14834,6.4);
#14834 = AXIS2_PLACEMENT_3D('',#14835,#14836,#14837);
#14835 = CARTESIAN_POINT('',(36.,0.,23.5));
#14836 = DIRECTION('',(0.,0.,-1.));
#14837 = DIRECTION('',(1.,0.,0.));
#14838 = PCURVE('',#14531,#14839);
#14839 = DEFINITIONAL_REPRESENTATION('',(#14840),#14844);
#14840 = CIRCLE('',#14841,6.4);
#14841 = AXIS2_PLACEMENT_2D('',#14842,#14843);
#14842 = CARTESIAN_POINT('',(0.,0.));
#14843 = DIRECTION('',(-1.,0.));
#14844 = ( GEOMETRIC_REPRESENTATION_CONTEXT(2) 
PARAMETRIC_REPRESENTATION_CONTEXT() REPRESENTATION_CONTEXT('2D SPACE',''
  ) );
#14845 = PCURVE('',#14846,#14851);
#14846 = CYLINDRICAL_SURFACE('',#14847,6.4);
#14847 = AXIS2_PLACEMENT_3D('',#14848,#14849,#14850);
#14848 = CARTESIAN_POINT('',(36.,0.,8.8));
#14849 = DIRECTION('',(-0.,-0.,-1.));
#14850 = DIRECTION('',(1.,0.,0.));
#14851 = DEFINITIONAL_REPRESENTATION('',(#14852),#14856);
#14852 = LINE('',#14853,#14854);
#14853 = CARTESIAN_POINT('',(-6.28318530718,-14.7));
#14854 = VECTOR('',#14855,1.);
#14855 = DIRECTION('',(1.,-0.));
#14856 = ( GEOMETRIC_REPRESENTATION_CONTEXT(2) 
PARAMETRIC_REPRESENTATION_CONTEXT() REPRESENTATION_CONTEXT('2D SPACE',''
  ) );
#14857 = ADVANCED_FACE('',(#14858,#14861),#14591,.F.);
#14858 = FACE_BOUND('',#14859,.T.);
#14859 = EDGE_LOOP('',(#14860));
#14860 = ORIENTED_EDGE('',*,*,#14576,.T.);
#14861 = FACE_BOUND('',#14862,.T.);
#14862 = EDGE_LOOP('',(#14863));
#14863 = ORIENTED_EDGE('',*,*,#14864,.T.);
#14864 = EDGE_CURVE('',#14865,#14865,#14867,.T.);
#14865 = VERTEX_POINT('',#14866);
#14866 = CARTESIAN_POINT('',(18.4,0.,23.5));
#14867 = SURFACE_CURVE('',#14868,(#14873,#14880),.PCURVE_S1.);
#14868 = CIRCLE('',#14869,6.4);
#14869 = AXIS2_PLACEMENT_3D('',#14870,#14871,#14872);
#14870 = CARTESIAN_POINT('',(12.,0.,23.5));
#14871 = DIRECTION('',(0.,0.,-1.));
#14872 = DIRECTION('',(1.,0.,0.));
#14873 = PCURVE('',#14591,#14874);
#14874 = DEFINITIONAL_REPRESENTATION('',(#14875),#14879);
#14875 = CIRCLE('',#14876,6.4);
#14876 = AXIS2_PLACEMENT_2D('',#14877,#14878);
#14877 = CARTESIAN_POINT('',(0.,0.));
#14878 = DIRECTION('',(-1.,0.));
#14879 = ( GEOMETRIC_REPRESENTATION_CONTEXT(2) 
PARAMETRIC_REPRESENTATION_CONTEXT() REPRESENTATION_CONTEXT('2D SPACE',''
  ) );
#14880 = PCURVE('',#14881,#14886);
#14881 = CYLINDRICAL_SURFACE('',#14882,6.4);
#14882 = AXIS2_PLACEMENT_3D('',#14883,#14884,#14885);
#14883 = CARTESIAN_POINT('',(12.,0.,8.8));
#14884 = DIRECTION('',(-0.,-0.,-1.));
#14885 = DIRECTION('',(1.,0.,0.));
#14886 = DEFINITIONAL_REPRESENTATION('',(#14887),#14891);
#14887 = LINE('',#14888,#14889);
#14888 = CARTESIAN_POINT('',(-6.28318530718,-14.7));
#14889 = VECTOR('',#14890,1.);
#14890 = DIRECTION('',(1.,-0.));
#14891 = ( GEOMETRIC_REPRESENTATION_CONTEXT(2) 
PARAMETRIC_REPRESENTATION_CONTEXT() REPRESENTATION_CONTEXT('2D SPACE',''
  ) );
#14892 = ADVANCED_FACE('',(#14893,#14896),#14651,.F.);
#14893 = FACE_BOUND('',#14894,.T.);
#14894 = EDGE_LOOP('',(#14895));
#14895 = ORIENTED_EDGE('',*,*,#14636,.T.);
#14896 = FACE_BOUND('',#14897,.T.);
#14897 = EDGE_LOOP('',(#14898));
#14898 = ORIENTED_EDGE('',*,*,#14899,.T.);
#14899 = EDGE_CURVE('',#14900,#14900,#14902,.T.);
#14900 = VERTEX_POINT('',#14901);
#14901 = CARTESIAN_POINT('',(-5.6,0.,23.5));
#14902 = SURFACE_CURVE('',#14903,(#14908,#14915),.PCURVE_S1.);
#14903 = CIRCLE('',#14904,6.4);
#14904 = AXIS2_PLACEMENT_3D('',#14905,#14906,#14907);
#14905 = CARTESIAN_POINT('',(-12.,0.,23.5));
#14906 = DIRECTION('',(0.,0.,-1.));
#14907 = DIRECTION('',(1.,0.,0.));
#14908 = PCURVE('',#14651,#14909);
#14909 = DEFINITIONAL_REPRESENTATION('',(#14910),#14914);
#14910 = CIRCLE('',#14911,6.4);
#14911 = AXIS2_PLACEMENT_2D('',#14912,#14913);
#14912 = CARTESIAN_POINT('',(0.,0.));
#14913 = DIRECTION('',(-1.,0.));
#14914 = ( GEOMETRIC_REPRESENTATION_CONTEXT(2) 
PARAMETRIC_REPRESENTATION_CONTEXT() REPRESENTATION_CONTEXT('2D SPACE',''
  ) );
#14915 = PCURVE('',#14916,#14921);
#14916 = CYLINDRICAL_SURFACE('',#14917,6.4);
#14917 = AXIS2_PLACEMENT_3D('',#14918,#14919,#14920);
#14918 = CARTESIAN_POINT('',(-12.,0.,8.8));
#14919 = DIRECTION('',(-0.,-0.,-1.));
#14920 = DIRECTION('',(1.,0.,0.));
#14921 = DEFINITIONAL_REPRESENTATION('',(#14922),#14926);
#14922 = LINE('',#14923,#14924);
#14923 = CARTESIAN_POINT('',(-6.28318530718,-14.7));
#14924 = VECTOR('',#14925,1.);
#14925 = DIRECTION('',(1.,-0.));
#14926 = ( GEOMETRIC_REPRESENTATION_CONTEXT(2) 
PARAMETRIC_REPRESENTATION_CONTEXT() REPRESENTATION_CONTEXT('2D SPACE',''
  ) );
#14927 = ADVANCED_FACE('',(#14928,#14931),#14711,.F.);
#14928 = FACE_BOUND('',#14929,.T.);
#14929 = EDGE_LOOP('',(#14930));
#14930 = ORIENTED_EDGE('',*,*,#14696,.T.);
#14931 = FACE_BOUND('',#14932,.T.);
#14932 = EDGE_LOOP('',(#14933));
#14933 = ORIENTED_EDGE('',*,*,#14934,.T.);
#14934 = EDGE_CURVE('',#14935,#14935,#14937,.T.);
#14935 = VERTEX_POINT('',#14936);
#14936 = CARTESIAN_POINT('',(-29.6,0.,23.5));
#14937 = SURFACE_CURVE('',#14938,(#14943,#14950),.PCURVE_S1.);
#14938 = CIRCLE('',#14939,6.4);
#14939 = AXIS2_PLACEMENT_3D('',#14940,#14941,#14942);
#14940 = CARTESIAN_POINT('',(-36.,0.,23.5));
#14941 = DIRECTION('',(0.,0.,-1.));
#14942 = DIRECTION('',(1.,0.,0.));
#14943 = PCURVE('',#14711,#14944);
#14944 = DEFINITIONAL_REPRESENTATION('',(#14945),#14949);
#14945 = CIRCLE('',#14946,6.4);
#14946 = AXIS2_PLACEMENT_2D('',#14947,#14948);
#14947 = CARTESIAN_POINT('',(0.,0.));
#14948 = DIRECTION('',(-1.,0.));
#14949 = ( GEOMETRIC_REPRESENTATION_CONTEXT(2) 
PARAMETRIC_REPRESENTATION_CONTEXT() REPRESENTATION_CONTEXT('2D SPACE',''
  ) );
#14950 = PCURVE('',#14951,#14956);
#14951 = CYLINDRICAL_SURFACE('',#14952,6.4);
#14952 = AXIS2_PLACEMENT_3D('',#14953,#14954,#14955);
#14953 = CARTESIAN_POINT('',(-36.,0.,8.8));
#14954 = DIRECTION('',(-0.,-0.,-1.));
#14955 = DIRECTION('',(1.,0.,0.));
#14956 = DEFINITIONAL_REPRESENTATION('',(#14957),#14961);
#14957 = LINE('',#14958,#14959);
#14958 = CARTESIAN_POINT('',(-6.28318530718,-14.7));
#14959 = VECTOR('',#14960,1.);
#14960 = DIRECTION('',(1.,-0.));
#14961 = ( GEOMETRIC_REPRESENTATION_CONTEXT(2) 
PARAMETRIC_REPRESENTATION_CONTEXT() REPRESENTATION_CONTEXT('2D SPACE',''
  ) );
#14962 = ADVANCED_FACE('',(#14963,#14966),#14771,.F.);
#14963 = FACE_BOUND('',#14964,.T.);
#14964 = EDGE_LOOP('',(#14965));
#14965 = ORIENTED_EDGE('',*,*,#14756,.T.);
#14966 = FACE_BOUND('',#14967,.T.);
#14967 = EDGE_LOOP('',(#14968));
#14968 = ORIENTED_EDGE('',*,*,#14969,.T.);
#14969 = EDGE_CURVE('',#14970,#14970,#14972,.T.);
#14970 = VERTEX_POINT('',#14971);
#14971 = CARTESIAN_POINT('',(-53.6,0.,23.5));
#14972 = SURFACE_CURVE('',#14973,(#14978,#14985),.PCURVE_S1.);
#14973 = CIRCLE('',#14974,6.4);
#14974 = AXIS2_PLACEMENT_3D('',#14975,#14976,#14977);
#14975 = CARTESIAN_POINT('',(-60.,0.,23.5));
#14976 = DIRECTION('',(0.,0.,-1.));
#14977 = DIRECTION('',(1.,0.,0.));
#14978 = PCURVE('',#14771,#14979);
#14979 = DEFINITIONAL_REPRESENTATION('',(#14980),#14984);
#14980 = CIRCLE('',#14981,6.4);
#14981 = AXIS2_PLACEMENT_2D('',#14982,#14983);
#14982 = CARTESIAN_POINT('',(0.,0.));
#14983 = DIRECTION('',(-1.,0.));
#14984 = ( GEOMETRIC_REPRESENTATION_CONTEXT(2) 
PARAMETRIC_REPRESENTATION_CONTEXT() REPRESENTATION_CONTEXT('2D SPACE',''
  ) );
#14985 = PCURVE('',#14986,#14991);
#14986 = CYLINDRICAL_SURFACE('',#14987,6.4);
#14987 = AXIS2_PLACEMENT_3D('',#14988,#14989,#14990);
#14988 = CARTESIAN_POINT('',(-60.,0.,8.8));
#14989 = DIRECTION('',(-0.,-0.,-1.));
#14990 = DIRECTION('',(1.,0.,0.));
#14991 = DEFINITIONAL_REPRESENTATION('',(#14992),#14996);
#14992 = LINE('',#14993,#14994);
#14993 = CARTESIAN_POINT('',(-6.28318530718,-14.7));
#14994 = VECTOR('',#14995,1.);
#14995 = DIRECTION('',(1.,-0.));
#14996 = ( GEOMETRIC_REPRESENTATION_CONTEXT(2) 
PARAMETRIC_REPRESENTATION_CONTEXT() REPRESENTATION_CONTEXT('2D SPACE',''
  ) );
#14997 = ADVANCED_FACE('',(#14998),#14811,.F.);
#14998 = FACE_BOUND('',#14999,.T.);
#14999 = EDGE_LOOP('',(#15000,#15029,#15050,#15051));
#15000 = ORIENTED_EDGE('',*,*,#15001,.F.);
#15001 = EDGE_CURVE('',#15002,#15002,#15004,.T.);
#15002 = VERTEX_POINT('',#15003);
#15003 = CARTESIAN_POINT('',(66.4,0.,9.8));
#15004 = SURFACE_CURVE('',#15005,(#15010,#15017),.PCURVE_S1.);
#15005 = CIRCLE('',#15006,6.4);
#15006 = AXIS2_PLACEMENT_3D('',#15007,#15008,#15009);
#15007 = CARTESIAN_POINT('',(60.,0.,9.8));
#15008 = DIRECTION('',(0.,0.,1.));
#15009 = DIRECTION('',(1.,0.,-0.));
#15010 = PCURVE('',#14811,#15011);
#15011 = DEFINITIONAL_REPRESENTATION('',(#15012),#15016);
#15012 = LINE('',#15013,#15014);
#15013 = CARTESIAN_POINT('',(-0.,-1.));
#15014 = VECTOR('',#15015,1.);
#15015 = DIRECTION('',(-1.,0.));
#15016 = ( GEOMETRIC_REPRESENTATION_CONTEXT(2) 
PARAMETRIC_REPRESENTATION_CONTEXT() REPRESENTATION_CONTEXT('2D SPACE',''
  ) );
#15017 = PCURVE('',#15018,#15023);
#15018 = TOROIDAL_SURFACE('',#15019,5.4,1.);
#15019 = AXIS2_PLACEMENT_3D('',#15020,#15021,#15022);
#15020 = CARTESIAN_POINT('',(60.,0.,9.8));
#15021 = DIRECTION('',(-0.,-0.,-1.));
#15022 = DIRECTION('',(1.,0.,-0.));
#15023 = DEFINITIONAL_REPRESENTATION('',(#15024),#15028);
#15024 = LINE('',#15025,#15026);
#15025 = CARTESIAN_POINT('',(-0.,0.));
#15026 = VECTOR('',#15027,1.);
#15027 = DIRECTION('',(-1.,0.));
#15028 = ( GEOMETRIC_REPRESENTATION_CONTEXT(2) 
PARAMETRIC_REPRESENTATION_CONTEXT() REPRESENTATION_CONTEXT('2D SPACE',''
  ) );
#15029 = ORIENTED_EDGE('',*,*,#15030,.T.);
#15030 = EDGE_CURVE('',#15002,#14795,#15031,.T.);
#15031 = SEAM_CURVE('',#15032,(#15036,#15043),.PCURVE_S1.);
#15032 = LINE('',#15033,#15034);
#15033 = CARTESIAN_POINT('',(66.4,0.,8.8));
#15034 = VECTOR('',#15035,1.);
#15035 = DIRECTION('',(0.,0.,1.));
#15036 = PCURVE('',#14811,#15037);
#15037 = DEFINITIONAL_REPRESENTATION('',(#15038),#15042);
#15038 = LINE('',#15039,#15040);
#15039 = CARTESIAN_POINT('',(-6.28318530718,0.));
#15040 = VECTOR('',#15041,1.);
#15041 = DIRECTION('',(-0.,-1.));
#15042 = ( GEOMETRIC_REPRESENTATION_CONTEXT(2) 
PARAMETRIC_REPRESENTATION_CONTEXT() REPRESENTATION_CONTEXT('2D SPACE',''
  ) );
#15043 = PCURVE('',#14811,#15044);
#15044 = DEFINITIONAL_REPRESENTATION('',(#15045),#15049);
#15045 = LINE('',#15046,#15047);
#15046 = CARTESIAN_POINT('',(-0.,0.));
#15047 = VECTOR('',#15048,1.);
#15048 = DIRECTION('',(-0.,-1.));
#15049 = ( GEOMETRIC_REPRESENTATION_CONTEXT(2) 
PARAMETRIC_REPRESENTATION_CONTEXT() REPRESENTATION_CONTEXT('2D SPACE',''
  ) );
#15050 = ORIENTED_EDGE('',*,*,#14794,.F.);
#15051 = ORIENTED_EDGE('',*,*,#15030,.F.);
#15052 = ADVANCED_FACE('',(#15053),#14846,.F.);
#15053 = FACE_BOUND('',#15054,.T.);
#15054 = EDGE_LOOP('',(#15055,#15084,#15105,#15106));
#15055 = ORIENTED_EDGE('',*,*,#15056,.F.);
#15056 = EDGE_CURVE('',#15057,#15057,#15059,.T.);
#15057 = VERTEX_POINT('',#15058);
#15058 = CARTESIAN_POINT('',(42.4,0.,9.8));
#15059 = SURFACE_CURVE('',#15060,(#15065,#15072),.PCURVE_S1.);
#15060 = CIRCLE('',#15061,6.4);
#15061 = AXIS2_PLACEMENT_3D('',#15062,#15063,#15064);
#15062 = CARTESIAN_POINT('',(36.,0.,9.8));
#15063 = DIRECTION('',(0.,0.,1.));
#15064 = DIRECTION('',(1.,0.,-0.));
#15065 = PCURVE('',#14846,#15066);
#15066 = DEFINITIONAL_REPRESENTATION('',(#15067),#15071);
#15067 = LINE('',#15068,#15069);
#15068 = CARTESIAN_POINT('',(-0.,-1.));
#15069 = VECTOR('',#15070,1.);
#15070 = DIRECTION('',(-1.,0.));
#15071 = ( GEOMETRIC_REPRESENTATION_CONTEXT(2) 
PARAMETRIC_REPRESENTATION_CONTEXT() REPRESENTATION_CONTEXT('2D SPACE',''
  ) );
#15072 = PCURVE('',#15073,#15078);
#15073 = TOROIDAL_SURFACE('',#15074,5.4,1.);
#15074 = AXIS2_PLACEMENT_3D('',#15075,#15076,#15077);
#15075 = CARTESIAN_POINT('',(36.,0.,9.8));
#15076 = DIRECTION('',(-0.,-0.,-1.));
#15077 = DIRECTION('',(1.,0.,-0.));
#15078 = DEFINITIONAL_REPRESENTATION('',(#15079),#15083);
#15079 = LINE('',#15080,#15081);
#15080 = CARTESIAN_POINT('',(-0.,0.));
#15081 = VECTOR('',#15082,1.);
#15082 = DIRECTION('',(-1.,0.));
#15083 = ( GEOMETRIC_REPRESENTATION_CONTEXT(2) 
PARAMETRIC_REPRESENTATION_CONTEXT() REPRESENTATION_CONTEXT('2D SPACE',''
  ) );
#15084 = ORIENTED_EDGE('',*,*,#15085,.T.);
#15085 = EDGE_CURVE('',#15057,#14830,#15086,.T.);
#15086 = SEAM_CURVE('',#15087,(#15091,#15098),.PCURVE_S1.);
#15087 = LINE('',#15088,#15089);
#15088 = CARTESIAN_POINT('',(42.4,0.,8.8));
#15089 = VECTOR('',#15090,1.);
#15090 = DIRECTION('',(0.,0.,1.));
#15091 = PCURVE('',#14846,#15092);
#15092 = DEFINITIONAL_REPRESENTATION('',(#15093),#15097);
#15093 = LINE('',#15094,#15095);
#15094 = CARTESIAN_POINT('',(-6.28318530718,0.));
#15095 = VECTOR('',#15096,1.);
#15096 = DIRECTION('',(-0.,-1.));
#15097 = ( GEOMETRIC_REPRESENTATION_CONTEXT(2) 
PARAMETRIC_REPRESENTATION_CONTEXT() REPRESENTATION_CONTEXT('2D SPACE',''
  ) );
#15098 = PCURVE('',#14846,#15099);
#15099 = DEFINITIONAL_REPRESENTATION('',(#15100),#15104);
#15100 = LINE('',#15101,#15102);
#15101 = CARTESIAN_POINT('',(-0.,0.));
#15102 = VECTOR('',#15103,1.);
#15103 = DIRECTION('',(-0.,-1.));
#15104 = ( GEOMETRIC_REPRESENTATION_CONTEXT(2) 
PARAMETRIC_REPRESENTATION_CONTEXT() REPRESENTATION_CONTEXT('2D SPACE',''
  ) );
#15105 = ORIENTED_EDGE('',*,*,#14829,.F.);
#15106 = ORIENTED_EDGE('',*,*,#15085,.F.);
#15107 = ADVANCED_FACE('',(#15108),#14881,.F.);
#15108 = FACE_BOUND('',#15109,.T.);
#15109 = EDGE_LOOP('',(#15110,#15139,#15160,#15161));
#15110 = ORIENTED_EDGE('',*,*,#15111,.F.);
#15111 = EDGE_CURVE('',#15112,#15112,#15114,.T.);
#15112 = VERTEX_POINT('',#15113);
#15113 = CARTESIAN_POINT('',(18.4,0.,9.8));
#15114 = SURFACE_CURVE('',#15115,(#15120,#15127),.PCURVE_S1.);
#15115 = CIRCLE('',#15116,6.4);
#15116 = AXIS2_PLACEMENT_3D('',#15117,#15118,#15119);
#15117 = CARTESIAN_POINT('',(12.,0.,9.8));
#15118 = DIRECTION('',(0.,0.,1.));
#15119 = DIRECTION('',(1.,0.,-0.));
#15120 = PCURVE('',#14881,#15121);
#15121 = DEFINITIONAL_REPRESENTATION('',(#15122),#15126);
#15122 = LINE('',#15123,#15124);
#15123 = CARTESIAN_POINT('',(-0.,-1.));
#15124 = VECTOR('',#15125,1.);
#15125 = DIRECTION('',(-1.,0.));
#15126 = ( GEOMETRIC_REPRESENTATION_CONTEXT(2) 
PARAMETRIC_REPRESENTATION_CONTEXT() REPRESENTATION_CONTEXT('2D SPACE',''
  ) );
#15127 = PCURVE('',#15128,#15133);
#15128 = TOROIDAL_SURFACE('',#15129,5.4,1.);
#15129 = AXIS2_PLACEMENT_3D('',#15130,#15131,#15132);
#15130 = CARTESIAN_POINT('',(12.,0.,9.8));
#15131 = DIRECTION('',(-0.,-0.,-1.));
#15132 = DIRECTION('',(1.,0.,-0.));
#15133 = DEFINITIONAL_REPRESENTATION('',(#15134),#15138);
#15134 = LINE('',#15135,#15136);
#15135 = CARTESIAN_POINT('',(-0.,0.));
#15136 = VECTOR('',#15137,1.);
#15137 = DIRECTION('',(-1.,0.));
#15138 = ( GEOMETRIC_REPRESENTATION_CONTEXT(2) 
PARAMETRIC_REPRESENTATION_CONTEXT() REPRESENTATION_CONTEXT('2D SPACE',''
  ) );
#15139 = ORIENTED_EDGE('',*,*,#15140,.T.);
#15140 = EDGE_CURVE('',#15112,#14865,#15141,.T.);
#15141 = SEAM_CURVE('',#15142,(#15146,#15153),.PCURVE_S1.);
#15142 = LINE('',#15143,#15144);
#15143 = CARTESIAN_POINT('',(18.4,0.,8.8));
#15144 = VECTOR('',#15145,1.);
#15145 = DIRECTION('',(0.,0.,1.));
#15146 = PCURVE('',#14881,#15147);
#15147 = DEFINITIONAL_REPRESENTATION('',(#15148),#15152);
#15148 = LINE('',#15149,#15150);
#15149 = CARTESIAN_POINT('',(-6.28318530718,0.));
#15150 = VECTOR('',#15151,1.);
#15151 = DIRECTION('',(-0.,-1.));
#15152 = ( GEOMETRIC_REPRESENTATION_CONTEXT(2) 
PARAMETRIC_REPRESENTATION_CONTEXT() REPRESENTATION_CONTEXT('2D SPACE',''
  ) );
#15153 = PCURVE('',#14881,#15154);
#15154 = DEFINITIONAL_REPRESENTATION('',(#15155),#15159);
#15155 = LINE('',#15156,#15157);
#15156 = CARTESIAN_POINT('',(-0.,0.));
#15157 = VECTOR('',#15158,1.);
#15158 = DIRECTION('',(-0.,-1.));
#15159 = ( GEOMETRIC_REPRESENTATION_CONTEXT(2) 
PARAMETRIC_REPRESENTATION_CONTEXT() REPRESENTATION_CONTEXT('2D SPACE',''
  ) );
#15160 = ORIENTED_EDGE('',*,*,#14864,.F.);
#15161 = ORIENTED_EDGE('',*,*,#15140,.F.);
#15162 = ADVANCED_FACE('',(#15163),#14916,.F.);
#15163 = FACE_BOUND('',#15164,.T.);
#15164 = EDGE_LOOP('',(#15165,#15194,#15215,#15216));
#15165 = ORIENTED_EDGE('',*,*,#15166,.F.);
#15166 = EDGE_CURVE('',#15167,#15167,#15169,.T.);
#15167 = VERTEX_POINT('',#15168);
#15168 = CARTESIAN_POINT('',(-5.6,0.,9.8));
#15169 = SURFACE_CURVE('',#15170,(#15175,#15182),.PCURVE_S1.);
#15170 = CIRCLE('',#15171,6.4);
#15171 = AXIS2_PLACEMENT_3D('',#15172,#15173,#15174);
#15172 = CARTESIAN_POINT('',(-12.,0.,9.8));
#15173 = DIRECTION('',(0.,0.,1.));
#15174 = DIRECTION('',(1.,0.,-0.));
#15175 = PCURVE('',#14916,#15176);
#15176 = DEFINITIONAL_REPRESENTATION('',(#15177),#15181);
#15177 = LINE('',#15178,#15179);
#15178 = CARTESIAN_POINT('',(-0.,-1.));
#15179 = VECTOR('',#15180,1.);
#15180 = DIRECTION('',(-1.,0.));
#15181 = ( GEOMETRIC_REPRESENTATION_CONTEXT(2) 
PARAMETRIC_REPRESENTATION_CONTEXT() REPRESENTATION_CONTEXT('2D SPACE',''
  ) );
#15182 = PCURVE('',#15183,#15188);
#15183 = TOROIDAL_SURFACE('',#15184,5.4,1.);
#15184 = AXIS2_PLACEMENT_3D('',#15185,#15186,#15187);
#15185 = CARTESIAN_POINT('',(-12.,0.,9.8));
#15186 = DIRECTION('',(-0.,-0.,-1.));
#15187 = DIRECTION('',(1.,0.,-0.));
#15188 = DEFINITIONAL_REPRESENTATION('',(#15189),#15193);
#15189 = LINE('',#15190,#15191);
#15190 = CARTESIAN_POINT('',(-0.,0.));
#15191 = VECTOR('',#15192,1.);
#15192 = DIRECTION('',(-1.,0.));
#15193 = ( GEOMETRIC_REPRESENTATION_CONTEXT(2) 
PARAMETRIC_REPRESENTATION_CONTEXT() REPRESENTATION_CONTEXT('2D SPACE',''
  ) );
#15194 = ORIENTED_EDGE('',*,*,#15195,.T.);
#15195 = EDGE_CURVE('',#15167,#14900,#15196,.T.);
#15196 = SEAM_CURVE('',#15197,(#15201,#15208),.PCURVE_S1.);
#15197 = LINE('',#15198,#15199);
#15198 = CARTESIAN_POINT('',(-5.6,0.,8.8));
#15199 = VECTOR('',#15200,1.);
#15200 = DIRECTION('',(0.,0.,1.));
#15201 = PCURVE('',#14916,#15202);
#15202 = DEFINITIONAL_REPRESENTATION('',(#15203),#15207);
#15203 = LINE('',#15204,#15205);
#15204 = CARTESIAN_POINT('',(-6.28318530718,0.));
#15205 = VECTOR('',#15206,1.);
#15206 = DIRECTION('',(-0.,-1.));
#15207 = ( GEOMETRIC_REPRESENTATION_CONTEXT(2) 
PARAMETRIC_REPRESENTATION_CONTEXT() REPRESENTATION_CONTEXT('2D SPACE',''
  ) );
#15208 = PCURVE('',#14916,#15209);
#15209 = DEFINITIONAL_REPRESENTATION('',(#15210),#15214);
#15210 = LINE('',#15211,#15212);
#15211 = CARTESIAN_POINT('',(-0.,0.));
#15212 = VECTOR('',#15213,1.);
#15213 = DIRECTION('',(-0.,-1.));
#15214 = ( GEOMETRIC_REPRESENTATION_CONTEXT(2) 
PARAMETRIC_REPRESENTATION_CONTEXT() REPRESENTATION_CONTEXT('2D SPACE',''
  ) );
#15215 = ORIENTED_EDGE('',*,*,#14899,.F.);
#15216 = ORIENTED_EDGE('',*,*,#15195,.F.);
#15217 = ADVANCED_FACE('',(#15218),#14951,.F.);
#15218 = FACE_BOUND('',#15219,.T.);
#15219 = EDGE_LOOP('',(#15220,#15249,#15270,#15271));
#15220 = ORIENTED_EDGE('',*,*,#15221,.F.);
#15221 = EDGE_CURVE('',#15222,#15222,#15224,.T.);
#15222 = VERTEX_POINT('',#15223);
#15223 = CARTESIAN_POINT('',(-29.6,0.,9.8));
#15224 = SURFACE_CURVE('',#15225,(#15230,#15237),.PCURVE_S1.);
#15225 = CIRCLE('',#15226,6.4);
#15226 = AXIS2_PLACEMENT_3D('',#15227,#15228,#15229);
#15227 = CARTESIAN_POINT('',(-36.,0.,9.8));
#15228 = DIRECTION('',(0.,0.,1.));
#15229 = DIRECTION('',(1.,0.,-0.));
#15230 = PCURVE('',#14951,#15231);
#15231 = DEFINITIONAL_REPRESENTATION('',(#15232),#15236);
#15232 = LINE('',#15233,#15234);
#15233 = CARTESIAN_POINT('',(-0.,-1.));
#15234 = VECTOR('',#15235,1.);
#15235 = DIRECTION('',(-1.,0.));
#15236 = ( GEOMETRIC_REPRESENTATION_CONTEXT(2) 
PARAMETRIC_REPRESENTATION_CONTEXT() REPRESENTATION_CONTEXT('2D SPACE',''
  ) );
#15237 = PCURVE('',#15238,#15243);
#15238 = TOROIDAL_SURFACE('',#15239,5.4,1.);
#15239 = AXIS2_PLACEMENT_3D('',#15240,#15241,#15242);
#15240 = CARTESIAN_POINT('',(-36.,0.,9.8));
#15241 = DIRECTION('',(-0.,-0.,-1.));
#15242 = DIRECTION('',(1.,0.,-0.));
#15243 = DEFINITIONAL_REPRESENTATION('',(#15244),#15248);
#15244 = LINE('',#15245,#15246);
#15245 = CARTESIAN_POINT('',(-0.,0.));
#15246 = VECTOR('',#15247,1.);
#15247 = DIRECTION('',(-1.,0.));
#15248 = ( GEOMETRIC_REPRESENTATION_CONTEXT(2) 
PARAMETRIC_REPRESENTATION_CONTEXT() REPRESENTATION_CONTEXT('2D SPACE',''
  ) );
#15249 = ORIENTED_EDGE('',*,*,#15250,.T.);
#15250 = EDGE_CURVE('',#15222,#14935,#15251,.T.);
#15251 = SEAM_CURVE('',#15252,(#15256,#15263),.PCURVE_S1.);
#15252 = LINE('',#15253,#15254);
#15253 = CARTESIAN_POINT('',(-29.6,0.,8.8));
#15254 = VECTOR('',#15255,1.);
#15255 = DIRECTION('',(0.,0.,1.));
#15256 = PCURVE('',#14951,#15257);
#15257 = DEFINITIONAL_REPRESENTATION('',(#15258),#15262);
#15258 = LINE('',#15259,#15260);
#15259 = CARTESIAN_POINT('',(-6.28318530718,0.));
#15260 = VECTOR('',#15261,1.);
#15261 = DIRECTION('',(-0.,-1.));
#15262 = ( GEOMETRIC_REPRESENTATION_CONTEXT(2) 
PARAMETRIC_REPRESENTATION_CONTEXT() REPRESENTATION_CONTEXT('2D SPACE',''
  ) );
#15263 = PCURVE('',#14951,#15264);
#15264 = DEFINITIONAL_REPRESENTATION('',(#15265),#15269);
#15265 = LINE('',#15266,#15267);
#15266 = CARTESIAN_POINT('',(-0.,0.));
#15267 = VECTOR('',#15268,1.);
#15268 = DIRECTION('',(-0.,-1.));
#15269 = ( GEOMETRIC_REPRESENTATION_CONTEXT(2) 
PARAMETRIC_REPRESENTATION_CONTEXT() REPRESENTATION_CONTEXT('2D SPACE',''
  ) );
#15270 = ORIENTED_EDGE('',*,*,#14934,.F.);
#15271 = ORIENTED_EDGE('',*,*,#15250,.F.);
#15272 = ADVANCED_FACE('',(#15273),#14986,.F.);
#15273 = FACE_BOUND('',#15274,.T.);
#15274 = EDGE_LOOP('',(#15275,#15304,#15325,#15326));
#15275 = ORIENTED_EDGE('',*,*,#15276,.F.);
#15276 = EDGE_CURVE('',#15277,#15277,#15279,.T.);
#15277 = VERTEX_POINT('',#15278);
#15278 = CARTESIAN_POINT('',(-53.6,0.,9.8));
#15279 = SURFACE_CURVE('',#15280,(#15285,#15292),.PCURVE_S1.);
#15280 = CIRCLE('',#15281,6.4);
#15281 = AXIS2_PLACEMENT_3D('',#15282,#15283,#15284);
#15282 = CARTESIAN_POINT('',(-60.,0.,9.8));
#15283 = DIRECTION('',(0.,0.,1.));
#15284 = DIRECTION('',(1.,0.,-0.));
#15285 = PCURVE('',#14986,#15286);
#15286 = DEFINITIONAL_REPRESENTATION('',(#15287),#15291);
#15287 = LINE('',#15288,#15289);
#15288 = CARTESIAN_POINT('',(-0.,-1.));
#15289 = VECTOR('',#15290,1.);
#15290 = DIRECTION('',(-1.,0.));
#15291 = ( GEOMETRIC_REPRESENTATION_CONTEXT(2) 
PARAMETRIC_REPRESENTATION_CONTEXT() REPRESENTATION_CONTEXT('2D SPACE',''
  ) );
#15292 = PCURVE('',#15293,#15298);
#15293 = TOROIDAL_SURFACE('',#15294,5.4,1.);
#15294 = AXIS2_PLACEMENT_3D('',#15295,#15296,#15297);
#15295 = CARTESIAN_POINT('',(-60.,0.,9.8));
#15296 = DIRECTION('',(-0.,-0.,-1.));
#15297 = DIRECTION('',(1.,0.,-0.));
#15298 = DEFINITIONAL_REPRESENTATION('',(#15299),#15303);
#15299 = LINE('',#15300,#15301);
#15300 = CARTESIAN_POINT('',(-0.,0.));
#15301 = VECTOR('',#15302,1.);
#15302 = DIRECTION('',(-1.,0.));
#15303 = ( GEOMETRIC_REPRESENTATION_CONTEXT(2) 
PARAMETRIC_REPRESENTATION_CONTEXT() REPRESENTATION_CONTEXT('2D SPACE',''
  ) );
#15304 = ORIENTED_EDGE('',*,*,#15305,.T.);
#15305 = EDGE_CURVE('',#15277,#14970,#15306,.T.);
#15306 = SEAM_CURVE('',#15307,(#15311,#15318),.PCURVE_S1.);
#15307 = LINE('',#15308,#15309);
#15308 = CARTESIAN_POINT('',(-53.6,0.,8.8));
#15309 = VECTOR('',#15310,1.);
#15310 = DIRECTION('',(0.,0.,1.));
#15311 = PCURVE('',#14986,#15312);
#15312 = DEFINITIONAL_REPRESENTATION('',(#15313),#15317);
#15313 = LINE('',#15314,#15315);
#15314 = CARTESIAN_POINT('',(-6.28318530718,0.));
#15315 = VECTOR('',#15316,1.);
#15316 = DIRECTION('',(-0.,-1.));
#15317 = ( GEOMETRIC_REPRESENTATION_CONTEXT(2) 
PARAMETRIC_REPRESENTATION_CONTEXT() REPRESENTATION_CONTEXT('2D SPACE',''
  ) );
#15318 = PCURVE('',#14986,#15319);
#15319 = DEFINITIONAL_REPRESENTATION('',(#15320),#15324);
#15320 = LINE('',#15321,#15322);
#15321 = CARTESIAN_POINT('',(-0.,0.));
#15322 = VECTOR('',#15323,1.);
#15323 = DIRECTION('',(-0.,-1.));
#15324 = ( GEOMETRIC_REPRESENTATION_CONTEXT(2) 
PARAMETRIC_REPRESENTATION_CONTEXT() REPRESENTATION_CONTEXT('2D SPACE',''
  ) );
#15325 = ORIENTED_EDGE('',*,*,#14969,.F.);
#15326 = ORIENTED_EDGE('',*,*,#15305,.F.);
#15327 = ADVANCED_FACE('',(#15328),#15018,.F.);
#15328 = FACE_BOUND('',#15329,.T.);
#15329 = EDGE_LOOP('',(#15330,#15354,#15355,#15356));
#15330 = ORIENTED_EDGE('',*,*,#15331,.F.);
#15331 = EDGE_CURVE('',#15002,#15332,#15334,.T.);
#15332 = VERTEX_POINT('',#15333);
#15333 = CARTESIAN_POINT('',(65.4,0.,8.8));
#15334 = SEAM_CURVE('',#15335,(#15340,#15347),.PCURVE_S1.);
#15335 = CIRCLE('',#15336,1.);
#15336 = AXIS2_PLACEMENT_3D('',#15337,#15338,#15339);
#15337 = CARTESIAN_POINT('',(65.4,0.,9.8));
#15338 = DIRECTION('',(0.,1.,0.));
#15339 = DIRECTION('',(1.,0.,-0.));
#15340 = PCURVE('',#15018,#15341);
#15341 = DEFINITIONAL_REPRESENTATION('',(#15342),#15346);
#15342 = LINE('',#15343,#15344);
#15343 = CARTESIAN_POINT('',(-0.,0.));
#15344 = VECTOR('',#15345,1.);
#15345 = DIRECTION('',(-0.,1.));
#15346 = ( GEOMETRIC_REPRESENTATION_CONTEXT(2) 
PARAMETRIC_REPRESENTATION_CONTEXT() REPRESENTATION_CONTEXT('2D SPACE',''
  ) );
#15347 = PCURVE('',#15018,#15348);
#15348 = DEFINITIONAL_REPRESENTATION('',(#15349),#15353);
#15349 = LINE('',#15350,#15351);
#15350 = CARTESIAN_POINT('',(-6.28318530718,0.));
#15351 = VECTOR('',#15352,1.);
#15352 = DIRECTION('',(-0.,1.));
#15353 = ( GEOMETRIC_REPRESENTATION_CONTEXT(2) 
PARAMETRIC_REPRESENTATION_CONTEXT() REPRESENTATION_CONTEXT('2D SPACE',''
  ) );
#15354 = ORIENTED_EDGE('',*,*,#15001,.F.);
#15355 = ORIENTED_EDGE('',*,*,#15331,.T.);
#15356 = ORIENTED_EDGE('',*,*,#15357,.T.);
#15357 = EDGE_CURVE('',#15332,#15332,#15358,.T.);
#15358 = SURFACE_CURVE('',#15359,(#15364,#15371),.PCURVE_S1.);
#15359 = CIRCLE('',#15360,5.4);
#15360 = AXIS2_PLACEMENT_3D('',#15361,#15362,#15363);
#15361 = CARTESIAN_POINT('',(60.,0.,8.8));
#15362 = DIRECTION('',(0.,0.,1.));
#15363 = DIRECTION('',(1.,0.,-0.));
#15364 = PCURVE('',#15018,#15365);
#15365 = DEFINITIONAL_REPRESENTATION('',(#15366),#15370);
#15366 = LINE('',#15367,#15368);
#15367 = CARTESIAN_POINT('',(-0.,1.570796326795));
#15368 = VECTOR('',#15369,1.);
#15369 = DIRECTION('',(-1.,0.));
#15370 = ( GEOMETRIC_REPRESENTATION_CONTEXT(2) 
PARAMETRIC_REPRESENTATION_CONTEXT() REPRESENTATION_CONTEXT('2D SPACE',''
  ) );
#15371 = PCURVE('',#15372,#15377);
#15372 = PLANE('',#15373);
#15373 = AXIS2_PLACEMENT_3D('',#15374,#15375,#15376);
#15374 = CARTESIAN_POINT('',(60.,5.93392099019E-16,8.8));
#15375 = DIRECTION('',(0.,0.,1.));
#15376 = DIRECTION('',(1.,0.,-0.));
#15377 = DEFINITIONAL_REPRESENTATION('',(#15378),#15382);
#15378 = CIRCLE('',#15379,5.4);
#15379 = AXIS2_PLACEMENT_2D('',#15380,#15381);
#15380 = CARTESIAN_POINT('',(0.,-5.93392099019E-16));
#15381 = DIRECTION('',(1.,0.));
#15382 = ( GEOMETRIC_REPRESENTATION_CONTEXT(2) 
PARAMETRIC_REPRESENTATION_CONTEXT() REPRESENTATION_CONTEXT('2D SPACE',''
  ) );
#15383 = ADVANCED_FACE('',(#15384),#15073,.F.);
#15384 = FACE_BOUND('',#15385,.T.);
#15385 = EDGE_LOOP('',(#15386,#15410,#15411,#15412));
#15386 = ORIENTED_EDGE('',*,*,#15387,.F.);
#15387 = EDGE_CURVE('',#15057,#15388,#15390,.T.);
#15388 = VERTEX_POINT('',#15389);
#15389 = CARTESIAN_POINT('',(41.4,0.,8.8));
#15390 = SEAM_CURVE('',#15391,(#15396,#15403),.PCURVE_S1.);
#15391 = CIRCLE('',#15392,1.);
#15392 = AXIS2_PLACEMENT_3D('',#15393,#15394,#15395);
#15393 = CARTESIAN_POINT('',(41.4,0.,9.8));
#15394 = DIRECTION('',(0.,1.,0.));
#15395 = DIRECTION('',(1.,0.,-0.));
#15396 = PCURVE('',#15073,#15397);
#15397 = DEFINITIONAL_REPRESENTATION('',(#15398),#15402);
#15398 = LINE('',#15399,#15400);
#15399 = CARTESIAN_POINT('',(-0.,0.));
#15400 = VECTOR('',#15401,1.);
#15401 = DIRECTION('',(-0.,1.));
#15402 = ( GEOMETRIC_REPRESENTATION_CONTEXT(2) 
PARAMETRIC_REPRESENTATION_CONTEXT() REPRESENTATION_CONTEXT('2D SPACE',''
  ) );
#15403 = PCURVE('',#15073,#15404);
#15404 = DEFINITIONAL_REPRESENTATION('',(#15405),#15409);
#15405 = LINE('',#15406,#15407);
#15406 = CARTESIAN_POINT('',(-6.28318530718,0.));
#15407 = VECTOR('',#15408,1.);
#15408 = DIRECTION('',(-0.,1.));
#15409 = ( GEOMETRIC_REPRESENTATION_CONTEXT(2) 
PARAMETRIC_REPRESENTATION_CONTEXT() REPRESENTATION_CONTEXT('2D SPACE',''
  ) );
#15410 = ORIENTED_EDGE('',*,*,#15056,.F.);
#15411 = ORIENTED_EDGE('',*,*,#15387,.T.);
#15412 = ORIENTED_EDGE('',*,*,#15413,.T.);
#15413 = EDGE_CURVE('',#15388,#15388,#15414,.T.);
#15414 = SURFACE_CURVE('',#15415,(#15420,#15427),.PCURVE_S1.);
#15415 = CIRCLE('',#15416,5.4);
#15416 = AXIS2_PLACEMENT_3D('',#15417,#15418,#15419);
#15417 = CARTESIAN_POINT('',(36.,0.,8.8));
#15418 = DIRECTION('',(0.,0.,1.));
#15419 = DIRECTION('',(1.,0.,-0.));
#15420 = PCURVE('',#15073,#15421);
#15421 = DEFINITIONAL_REPRESENTATION('',(#15422),#15426);
#15422 = LINE('',#15423,#15424);
#15423 = CARTESIAN_POINT('',(-0.,1.570796326795));
#15424 = VECTOR('',#15425,1.);
#15425 = DIRECTION('',(-1.,0.));
#15426 = ( GEOMETRIC_REPRESENTATION_CONTEXT(2) 
PARAMETRIC_REPRESENTATION_CONTEXT() REPRESENTATION_CONTEXT('2D SPACE',''
  ) );
#15427 = PCURVE('',#15428,#15433);
#15428 = PLANE('',#15429);
#15429 = AXIS2_PLACEMENT_3D('',#15430,#15431,#15432);
#15430 = CARTESIAN_POINT('',(36.,5.93392099019E-16,8.8));
#15431 = DIRECTION('',(0.,0.,1.));
#15432 = DIRECTION('',(1.,0.,-0.));
#15433 = DEFINITIONAL_REPRESENTATION('',(#15434),#15438);
#15434 = CIRCLE('',#15435,5.4);
#15435 = AXIS2_PLACEMENT_2D('',#15436,#15437);
#15436 = CARTESIAN_POINT('',(0.,-5.93392099019E-16));
#15437 = DIRECTION('',(1.,0.));
#15438 = ( GEOMETRIC_REPRESENTATION_CONTEXT(2) 
PARAMETRIC_REPRESENTATION_CONTEXT() REPRESENTATION_CONTEXT('2D SPACE',''
  ) );
#15439 = ADVANCED_FACE('',(#15440),#15128,.F.);
#15440 = FACE_BOUND('',#15441,.T.);
#15441 = EDGE_LOOP('',(#15442,#15466,#15467,#15468));
#15442 = ORIENTED_EDGE('',*,*,#15443,.F.);
#15443 = EDGE_CURVE('',#15112,#15444,#15446,.T.);
#15444 = VERTEX_POINT('',#15445);
#15445 = CARTESIAN_POINT('',(17.4,0.,8.8));
#15446 = SEAM_CURVE('',#15447,(#15452,#15459),.PCURVE_S1.);
#15447 = CIRCLE('',#15448,1.);
#15448 = AXIS2_PLACEMENT_3D('',#15449,#15450,#15451);
#15449 = CARTESIAN_POINT('',(17.4,0.,9.8));
#15450 = DIRECTION('',(0.,1.,0.));
#15451 = DIRECTION('',(1.,0.,-0.));
#15452 = PCURVE('',#15128,#15453);
#15453 = DEFINITIONAL_REPRESENTATION('',(#15454),#15458);
#15454 = LINE('',#15455,#15456);
#15455 = CARTESIAN_POINT('',(-0.,0.));
#15456 = VECTOR('',#15457,1.);
#15457 = DIRECTION('',(-0.,1.));
#15458 = ( GEOMETRIC_REPRESENTATION_CONTEXT(2) 
PARAMETRIC_REPRESENTATION_CONTEXT() REPRESENTATION_CONTEXT('2D SPACE',''
  ) );
#15459 = PCURVE('',#15128,#15460);
#15460 = DEFINITIONAL_REPRESENTATION('',(#15461),#15465);
#15461 = LINE('',#15462,#15463);
#15462 = CARTESIAN_POINT('',(-6.28318530718,0.));
#15463 = VECTOR('',#15464,1.);
#15464 = DIRECTION('',(-0.,1.));
#15465 = ( GEOMETRIC_REPRESENTATION_CONTEXT(2) 
PARAMETRIC_REPRESENTATION_CONTEXT() REPRESENTATION_CONTEXT('2D SPACE',''
  ) );
#15466 = ORIENTED_EDGE('',*,*,#15111,.F.);
#15467 = ORIENTED_EDGE('',*,*,#15443,.T.);
#15468 = ORIENTED_EDGE('',*,*,#15469,.T.);
#15469 = EDGE_CURVE('',#15444,#15444,#15470,.T.);
#15470 = SURFACE_CURVE('',#15471,(#15476,#15483),.PCURVE_S1.);
#15471 = CIRCLE('',#15472,5.4);
#15472 = AXIS2_PLACEMENT_3D('',#15473,#15474,#15475);
#15473 = CARTESIAN_POINT('',(12.,0.,8.8));
#15474 = DIRECTION('',(0.,0.,1.));
#15475 = DIRECTION('',(1.,0.,-0.));
#15476 = PCURVE('',#15128,#15477);
#15477 = DEFINITIONAL_REPRESENTATION('',(#15478),#15482);
#15478 = LINE('',#15479,#15480);
#15479 = CARTESIAN_POINT('',(-0.,1.570796326795));
#15480 = VECTOR('',#15481,1.);
#15481 = DIRECTION('',(-1.,0.));
#15482 = ( GEOMETRIC_REPRESENTATION_CONTEXT(2) 
PARAMETRIC_REPRESENTATION_CONTEXT() REPRESENTATION_CONTEXT('2D SPACE',''
  ) );
#15483 = PCURVE('',#15484,#15489);
#15484 = PLANE('',#15485);
#15485 = AXIS2_PLACEMENT_3D('',#15486,#15487,#15488);
#15486 = CARTESIAN_POINT('',(12.,5.93392099019E-16,8.8));
#15487 = DIRECTION('',(0.,0.,1.));
#15488 = DIRECTION('',(1.,0.,-0.));
#15489 = DEFINITIONAL_REPRESENTATION('',(#15490),#15494);
#15490 = CIRCLE('',#15491,5.4);
#15491 = AXIS2_PLACEMENT_2D('',#15492,#15493);
#15492 = CARTESIAN_POINT('',(0.,-5.93392099019E-16));
#15493 = DIRECTION('',(1.,0.));
#15494 = ( GEOMETRIC_REPRESENTATION_CONTEXT(2) 
PARAMETRIC_REPRESENTATION_CONTEXT() REPRESENTATION_CONTEXT('2D SPACE',''
  ) );
#15495 = ADVANCED_FACE('',(#15496),#15183,.F.);
#15496 = FACE_BOUND('',#15497,.T.);
#15497 = EDGE_LOOP('',(#15498,#15522,#15523,#15524));
#15498 = ORIENTED_EDGE('',*,*,#15499,.F.);
#15499 = EDGE_CURVE('',#15167,#15500,#15502,.T.);
#15500 = VERTEX_POINT('',#15501);
#15501 = CARTESIAN_POINT('',(-6.6,0.,8.8));
#15502 = SEAM_CURVE('',#15503,(#15508,#15515),.PCURVE_S1.);
#15503 = CIRCLE('',#15504,1.);
#15504 = AXIS2_PLACEMENT_3D('',#15505,#15506,#15507);
#15505 = CARTESIAN_POINT('',(-6.6,0.,9.8));
#15506 = DIRECTION('',(0.,1.,0.));
#15507 = DIRECTION('',(1.,0.,-0.));
#15508 = PCURVE('',#15183,#15509);
#15509 = DEFINITIONAL_REPRESENTATION('',(#15510),#15514);
#15510 = LINE('',#15511,#15512);
#15511 = CARTESIAN_POINT('',(-0.,0.));
#15512 = VECTOR('',#15513,1.);
#15513 = DIRECTION('',(-0.,1.));
#15514 = ( GEOMETRIC_REPRESENTATION_CONTEXT(2) 
PARAMETRIC_REPRESENTATION_CONTEXT() REPRESENTATION_CONTEXT('2D SPACE',''
  ) );
#15515 = PCURVE('',#15183,#15516);
#15516 = DEFINITIONAL_REPRESENTATION('',(#15517),#15521);
#15517 = LINE('',#15518,#15519);
#15518 = CARTESIAN_POINT('',(-6.28318530718,0.));
#15519 = VECTOR('',#15520,1.);
#15520 = DIRECTION('',(-0.,1.));
#15521 = ( GEOMETRIC_REPRESENTATION_CONTEXT(2) 
PARAMETRIC_REPRESENTATION_CONTEXT() REPRESENTATION_CONTEXT('2D SPACE',''
  ) );
#15522 = ORIENTED_EDGE('',*,*,#15166,.F.);
#15523 = ORIENTED_EDGE('',*,*,#15499,.T.);
#15524 = ORIENTED_EDGE('',*,*,#15525,.T.);
#15525 = EDGE_CURVE('',#15500,#15500,#15526,.T.);
#15526 = SURFACE_CURVE('',#15527,(#15532,#15539),.PCURVE_S1.);
#15527 = CIRCLE('',#15528,5.4);
#15528 = AXIS2_PLACEMENT_3D('',#15529,#15530,#15531);
#15529 = CARTESIAN_POINT('',(-12.,0.,8.8));
#15530 = DIRECTION('',(0.,0.,1.));
#15531 = DIRECTION('',(1.,0.,-0.));
#15532 = PCURVE('',#15183,#15533);
#15533 = DEFINITIONAL_REPRESENTATION('',(#15534),#15538);
#15534 = LINE('',#15535,#15536);
#15535 = CARTESIAN_POINT('',(-0.,1.570796326795));
#15536 = VECTOR('',#15537,1.);
#15537 = DIRECTION('',(-1.,0.));
#15538 = ( GEOMETRIC_REPRESENTATION_CONTEXT(2) 
PARAMETRIC_REPRESENTATION_CONTEXT() REPRESENTATION_CONTEXT('2D SPACE',''
  ) );
#15539 = PCURVE('',#15540,#15545);
#15540 = PLANE('',#15541);
#15541 = AXIS2_PLACEMENT_3D('',#15542,#15543,#15544);
#15542 = CARTESIAN_POINT('',(-12.,5.93392099019E-16,8.8));
#15543 = DIRECTION('',(0.,0.,1.));
#15544 = DIRECTION('',(1.,0.,-0.));
#15545 = DEFINITIONAL_REPRESENTATION('',(#15546),#15550);
#15546 = CIRCLE('',#15547,5.4);
#15547 = AXIS2_PLACEMENT_2D('',#15548,#15549);
#15548 = CARTESIAN_POINT('',(0.,-5.93392099019E-16));
#15549 = DIRECTION('',(1.,0.));
#15550 = ( GEOMETRIC_REPRESENTATION_CONTEXT(2) 
PARAMETRIC_REPRESENTATION_CONTEXT() REPRESENTATION_CONTEXT('2D SPACE',''
  ) );
#15551 = ADVANCED_FACE('',(#15552),#15238,.F.);
#15552 = FACE_BOUND('',#15553,.T.);
#15553 = EDGE_LOOP('',(#15554,#15578,#15579,#15580));
#15554 = ORIENTED_EDGE('',*,*,#15555,.F.);
#15555 = EDGE_CURVE('',#15222,#15556,#15558,.T.);
#15556 = VERTEX_POINT('',#15557);
#15557 = CARTESIAN_POINT('',(-30.6,0.,8.8));
#15558 = SEAM_CURVE('',#15559,(#15564,#15571),.PCURVE_S1.);
#15559 = CIRCLE('',#15560,1.);
#15560 = AXIS2_PLACEMENT_3D('',#15561,#15562,#15563);
#15561 = CARTESIAN_POINT('',(-30.6,0.,9.8));
#15562 = DIRECTION('',(0.,1.,0.));
#15563 = DIRECTION('',(1.,0.,-0.));
#15564 = PCURVE('',#15238,#15565);
#15565 = DEFINITIONAL_REPRESENTATION('',(#15566),#15570);
#15566 = LINE('',#15567,#15568);
#15567 = CARTESIAN_POINT('',(-0.,0.));
#15568 = VECTOR('',#15569,1.);
#15569 = DIRECTION('',(-0.,1.));
#15570 = ( GEOMETRIC_REPRESENTATION_CONTEXT(2) 
PARAMETRIC_REPRESENTATION_CONTEXT() REPRESENTATION_CONTEXT('2D SPACE',''
  ) );
#15571 = PCURVE('',#15238,#15572);
#15572 = DEFINITIONAL_REPRESENTATION('',(#15573),#15577);
#15573 = LINE('',#15574,#15575);
#15574 = CARTESIAN_POINT('',(-6.28318530718,0.));
#15575 = VECTOR('',#15576,1.);
#15576 = DIRECTION('',(-0.,1.));
#15577 = ( GEOMETRIC_REPRESENTATION_CONTEXT(2) 
PARAMETRIC_REPRESENTATION_CONTEXT() REPRESENTATION_CONTEXT('2D SPACE',''
  ) );
#15578 = ORIENTED_EDGE('',*,*,#15221,.F.);
#15579 = ORIENTED_EDGE('',*,*,#15555,.T.);
#15580 = ORIENTED_EDGE('',*,*,#15581,.T.);
#15581 = EDGE_CURVE('',#15556,#15556,#15582,.T.);
#15582 = SURFACE_CURVE('',#15583,(#15588,#15595),.PCURVE_S1.);
#15583 = CIRCLE('',#15584,5.4);
#15584 = AXIS2_PLACEMENT_3D('',#15585,#15586,#15587);
#15585 = CARTESIAN_POINT('',(-36.,0.,8.8));
#15586 = DIRECTION('',(0.,0.,1.));
#15587 = DIRECTION('',(1.,0.,-0.));
#15588 = PCURVE('',#15238,#15589);
#15589 = DEFINITIONAL_REPRESENTATION('',(#15590),#15594);
#15590 = LINE('',#15591,#15592);
#15591 = CARTESIAN_POINT('',(-0.,1.570796326795));
#15592 = VECTOR('',#15593,1.);
#15593 = DIRECTION('',(-1.,0.));
#15594 = ( GEOMETRIC_REPRESENTATION_CONTEXT(2) 
PARAMETRIC_REPRESENTATION_CONTEXT() REPRESENTATION_CONTEXT('2D SPACE',''
  ) );
#15595 = PCURVE('',#15596,#15601);
#15596 = PLANE('',#15597);
#15597 = AXIS2_PLACEMENT_3D('',#15598,#15599,#15600);
#15598 = CARTESIAN_POINT('',(-36.,5.93392099019E-16,8.8));
#15599 = DIRECTION('',(0.,0.,1.));
#15600 = DIRECTION('',(1.,0.,-0.));
#15601 = DEFINITIONAL_REPRESENTATION('',(#15602),#15606);
#15602 = CIRCLE('',#15603,5.4);
#15603 = AXIS2_PLACEMENT_2D('',#15604,#15605);
#15604 = CARTESIAN_POINT('',(0.,-5.93392099019E-16));
#15605 = DIRECTION('',(1.,0.));
#15606 = ( GEOMETRIC_REPRESENTATION_CONTEXT(2) 
PARAMETRIC_REPRESENTATION_CONTEXT() REPRESENTATION_CONTEXT('2D SPACE',''
  ) );
#15607 = ADVANCED_FACE('',(#15608),#15293,.F.);
#15608 = FACE_BOUND('',#15609,.T.);
#15609 = EDGE_LOOP('',(#15610,#15634,#15635,#15636));
#15610 = ORIENTED_EDGE('',*,*,#15611,.F.);
#15611 = EDGE_CURVE('',#15277,#15612,#15614,.T.);
#15612 = VERTEX_POINT('',#15613);
#15613 = CARTESIAN_POINT('',(-54.6,0.,8.8));
#15614 = SEAM_CURVE('',#15615,(#15620,#15627),.PCURVE_S1.);
#15615 = CIRCLE('',#15616,1.);
#15616 = AXIS2_PLACEMENT_3D('',#15617,#15618,#15619);
#15617 = CARTESIAN_POINT('',(-54.6,0.,9.8));
#15618 = DIRECTION('',(0.,1.,0.));
#15619 = DIRECTION('',(1.,0.,-0.));
#15620 = PCURVE('',#15293,#15621);
#15621 = DEFINITIONAL_REPRESENTATION('',(#15622),#15626);
#15622 = LINE('',#15623,#15624);
#15623 = CARTESIAN_POINT('',(-0.,0.));
#15624 = VECTOR('',#15625,1.);
#15625 = DIRECTION('',(-0.,1.));
#15626 = ( GEOMETRIC_REPRESENTATION_CONTEXT(2) 
PARAMETRIC_REPRESENTATION_CONTEXT() REPRESENTATION_CONTEXT('2D SPACE',''
  ) );
#15627 = PCURVE('',#15293,#15628);
#15628 = DEFINITIONAL_REPRESENTATION('',(#15629),#15633);
#15629 = LINE('',#15630,#15631);
#15630 = CARTESIAN_POINT('',(-6.28318530718,0.));
#15631 = VECTOR('',#15632,1.);
#15632 = DIRECTION('',(-0.,1.));
#15633 = ( GEOMETRIC_REPRESENTATION_CONTEXT(2) 
PARAMETRIC_REPRESENTATION_CONTEXT() REPRESENTATION_CONTEXT('2D SPACE',''
  ) );
#15634 = ORIENTED_EDGE('',*,*,#15276,.F.);
#15635 = ORIENTED_EDGE('',*,*,#15611,.T.);
#15636 = ORIENTED_EDGE('',*,*,#15637,.T.);
#15637 = EDGE_CURVE('',#15612,#15612,#15638,.T.);
#15638 = SURFACE_CURVE('',#15639,(#15644,#15651),.PCURVE_S1.);
#15639 = CIRCLE('',#15640,5.4);
#15640 = AXIS2_PLACEMENT_3D('',#15641,#15642,#15643);
#15641 = CARTESIAN_POINT('',(-60.,0.,8.8));
#15642 = DIRECTION('',(0.,0.,1.));
#15643 = DIRECTION('',(1.,0.,-0.));
#15644 = PCURVE('',#15293,#15645);
#15645 = DEFINITIONAL_REPRESENTATION('',(#15646),#15650);
#15646 = LINE('',#15647,#15648);
#15647 = CARTESIAN_POINT('',(-0.,1.570796326795));
#15648 = VECTOR('',#15649,1.);
#15649 = DIRECTION('',(-1.,0.));
#15650 = ( GEOMETRIC_REPRESENTATION_CONTEXT(2) 
PARAMETRIC_REPRESENTATION_CONTEXT() REPRESENTATION_CONTEXT('2D SPACE',''
  ) );
#15651 = PCURVE('',#15652,#15657);
#15652 = PLANE('',#15653);
#15653 = AXIS2_PLACEMENT_3D('',#15654,#15655,#15656);
#15654 = CARTESIAN_POINT('',(-60.,5.93392099019E-16,8.8));
#15655 = DIRECTION('',(0.,0.,1.));
#15656 = DIRECTION('',(1.,0.,-0.));
#15657 = DEFINITIONAL_REPRESENTATION('',(#15658),#15662);
#15658 = CIRCLE('',#15659,5.4);
#15659 = AXIS2_PLACEMENT_2D('',#15660,#15661);
#15660 = CARTESIAN_POINT('',(0.,-5.93392099019E-16));
#15661 = DIRECTION('',(1.,0.));
#15662 = ( GEOMETRIC_REPRESENTATION_CONTEXT(2) 
PARAMETRIC_REPRESENTATION_CONTEXT() REPRESENTATION_CONTEXT('2D SPACE',''
  ) );
#15663 = ADVANCED_FACE('',(#15664),#15372,.T.);
#15664 = FACE_BOUND('',#15665,.T.);
#15665 = EDGE_LOOP('',(#15666));
#15666 = ORIENTED_EDGE('',*,*,#15357,.T.);
#15667 = ADVANCED_FACE('',(#15668),#15428,.T.);
#15668 = FACE_BOUND('',#15669,.T.);
#15669 = EDGE_LOOP('',(#15670));
#15670 = ORIENTED_EDGE('',*,*,#15413,.T.);
#15671 = ADVANCED_FACE('',(#15672),#15484,.T.);
#15672 = FACE_BOUND('',#15673,.T.);
#15673 = EDGE_LOOP('',(#15674));
#15674 = ORIENTED_EDGE('',*,*,#15469,.T.);
#15675 = ADVANCED_FACE('',(#15676),#15540,.T.);
#15676 = FACE_BOUND('',#15677,.T.);
#15677 = EDGE_LOOP('',(#15678));
#15678 = ORIENTED_EDGE('',*,*,#15525,.T.);
#15679 = ADVANCED_FACE('',(#15680),#15596,.T.);
#15680 = FACE_BOUND('',#15681,.T.);
#15681 = EDGE_LOOP('',(#15682));
#15682 = ORIENTED_EDGE('',*,*,#15581,.T.);
#15683 = ADVANCED_FACE('',(#15684),#15652,.T.);
#15684 = FACE_BOUND('',#15685,.T.);
#15685 = EDGE_LOOP('',(#15686));
#15686 = ORIENTED_EDGE('',*,*,#15637,.T.);
#15687 = ( GEOMETRIC_REPRESENTATION_CONTEXT(3) 
GLOBAL_UNCERTAINTY_ASSIGNED_CONTEXT((#15691)) 
GLOBAL_UNIT_ASSIGNED_CONTEXT((#15688,#15689,#15690)) 
REPRESENTATION_CONTEXT('Context #1',
  '3D Context with UNIT and UNCERTAINTY') );
#15688 = ( LENGTH_UNIT() NAMED_UNIT(*) SI_UNIT(.MILLI.,.METRE.) );
#15689 = ( NAMED_UNIT(*) PLANE_ANGLE_UNIT() SI_UNIT($,.RADIAN.) );
#15690 = ( NAMED_UNIT(*) SI_UNIT($,.STERADIAN.) SOLID_ANGLE_UNIT() );
#15691 = UNCERTAINTY_MEASURE_WITH_UNIT(LENGTH_MEASURE(1.E-07),#15688,
  'distance_accuracy_value','confusion accuracy');
#15692 = PRODUCT_RELATED_PRODUCT_CATEGORY('part',$,(#7));
ENDSEC;
END-ISO-10303-21;
